{"v":"5.5.1","fr":25,"ip":0,"op":225,"w":728,"h":90,"nm":"728x90 Black","ddd":0,"assets":[{"id":"image_0","w":255,"h":171,"u":"images/","p":"img_0.png","e":0},{"id":"image_1","w":99,"h":99,"u":"images/","p":"img_1.png","e":0},{"id":"image_2","w":200,"h":200,"u":"images/","p":"img_2.png","e":0},{"id":"image_3","w":200,"h":200,"u":"images/","p":"img_3.png","e":0},{"id":"image_4","w":200,"h":200,"u":"images/","p":"img_4.png","e":0},{"id":"image_5","w":200,"h":200,"u":"images/","p":"img_5.png","e":0},{"id":"image_6","w":200,"h":200,"u":"images/","p":"img_6.png","e":0},{"id":"image_7","w":200,"h":200,"u":"images/","p":"img_7.png","e":0},{"id":"image_8","w":200,"h":200,"u":"images/","p":"img_8.png","e":0},{"id":"image_9","w":200,"h":200,"u":"images/","p":"img_9.png","e":0},{"id":"image_10","w":200,"h":200,"u":"images/","p":"img_10.png","e":0},{"id":"image_11","w":200,"h":200,"u":"images/","p":"img_11.png","e":0},{"id":"image_12","w":200,"h":200,"u":"images/","p":"img_12.png","e":0},{"id":"image_13","w":200,"h":200,"u":"images/","p":"img_13.png","e":0},{"id":"image_14","w":200,"h":200,"u":"images/","p":"img_14.png","e":0},{"id":"image_15","w":200,"h":200,"u":"images/","p":"img_15.png","e":0},{"id":"image_16","w":200,"h":200,"u":"images/","p":"img_16.png","e":0},{"id":"image_17","w":1200,"h":1000,"u":"images/","p":"img_17.png","e":0},{"id":"image_18","w":815,"h":800,"u":"images/","p":"img_18.png","e":0},{"id":"image_19","w":815,"h":800,"u":"images/","p":"img_19.png","e":0},{"id":"image_20","w":815,"h":800,"u":"images/","p":"img_20.png","e":0},{"id":"image_21","w":284,"h":109,"u":"images/","p":"img_21.png","e":0},{"id":"comp_0","layers":[{"ddd":0,"ind":2,"ty":2,"nm":"Light.png","cl":"png","refId":"image_1","sr":1,"ks":{"o":{"a":1,"k":[{"i":{"x":[0.667],"y":[1]},"o":{"x":[0.333],"y":[0]},"t":0,"s":[0]},{"t":10,"s":[75]}],"ix":11,"x":"var $bm_rt;\n$bm_rt = loopOut('pingpong');"},"r":{"a":0,"k":0,"ix":10},"p":{"a":0,"k":[252.75,490.75,0],"ix":2},"a":{"a":0,"k":[49.5,49.5,0],"ix":1},"s":{"a":0,"k":[100,100,100],"ix":6}},"ao":0,"ip":0,"op":501,"st":0,"bm":0},{"ddd":0,"ind":3,"ty":2,"nm":"Light.png","cl":"png","refId":"image_1","sr":1,"ks":{"o":{"a":1,"k":[{"i":{"x":[0.667],"y":[1]},"o":{"x":[0.333],"y":[0]},"t":10,"s":[0]},{"t":20,"s":[75]}],"ix":11,"x":"var $bm_rt;\n$bm_rt = loopOut('pingpong');"},"r":{"a":0,"k":0,"ix":10},"p":{"a":0,"k":[550.25,271.75,0],"ix":2},"a":{"a":0,"k":[49.5,49.5,0],"ix":1},"s":{"a":0,"k":[100,100,100],"ix":6}},"ao":0,"ip":10,"op":511,"st":10,"bm":0},{"ddd":0,"ind":6,"ty":0,"nm":"Lights","refId":"comp_1","sr":1,"ks":{"o":{"a":0,"k":100,"ix":11},"r":{"a":0,"k":0,"ix":10},"p":{"a":0,"k":[600,500,0],"ix":2},"a":{"a":0,"k":[600,500,0],"ix":1},"s":{"a":0,"k":[100,100,100],"ix":6}},"ao":0,"tm":{"a":1,"k":[{"i":{"x":[0.833],"y":[0.833]},"o":{"x":[0.167],"y":[0.167]},"t":0,"s":[0]},{"t":15,"s":[0.6]}],"ix":2,"x":"var $bm_rt;\n$bm_rt = loopOut();"},"w":1200,"h":1000,"ip":0,"op":501,"st":0,"bm":0},{"ddd":0,"ind":7,"ty":2,"nm":"Drone-600px.png","cl":"png","refId":"image_17","sr":1,"ks":{"o":{"a":0,"k":100,"ix":11},"r":{"a":0,"k":0,"ix":10},"p":{"a":0,"k":[600,500,0],"ix":2},"a":{"a":0,"k":[600,500,0],"ix":1},"s":{"a":0,"k":[100,100,100],"ix":6}},"ao":0,"ip":0,"op":501,"st":0,"bm":0},{"ddd":0,"ind":8,"ty":0,"nm":"Fan","refId":"comp_2","sr":1,"ks":{"o":{"a":0,"k":100,"ix":11},"r":{"a":0,"k":0,"ix":10},"p":{"a":0,"k":[550,496,0],"ix":2},"a":{"a":0,"k":[600,500,0],"ix":1},"s":{"a":0,"k":[131.133,131.133,100],"ix":6}},"ao":0,"tm":{"a":1,"k":[{"i":{"x":[0.833],"y":[0.833]},"o":{"x":[0.167],"y":[0.167]},"t":0,"s":[0]},{"t":3,"s":[0.12]}],"ix":2,"x":"var $bm_rt;\n$bm_rt = loopOut();"},"w":1200,"h":1000,"ip":0,"op":501,"st":0,"bm":0}]},{"id":"comp_1","layers":[{"ddd":0,"ind":1,"ty":2,"nm":"Comp 1_00000.png","cl":"png","refId":"image_2","sr":1,"ks":{"o":{"a":0,"k":100,"ix":11},"r":{"a":0,"k":0,"ix":10},"p":{"a":0,"k":[520.5,655.5,0],"ix":2},"a":{"a":0,"k":[100,100,0],"ix":1},"s":{"a":0,"k":[100,100,100],"ix":6}},"ao":0,"ip":0,"op":1,"st":0,"bm":0},{"ddd":0,"ind":2,"ty":2,"nm":"Comp 1_00001.png","cl":"png","refId":"image_3","sr":1,"ks":{"o":{"a":0,"k":100,"ix":11},"r":{"a":0,"k":0,"ix":10},"p":{"a":0,"k":[520.5,655.5,0],"ix":2},"a":{"a":0,"k":[100,100,0],"ix":1},"s":{"a":0,"k":[100,100,100],"ix":6}},"ao":0,"ip":1,"op":2,"st":0,"bm":0},{"ddd":0,"ind":3,"ty":2,"nm":"Comp 1_00002.png","cl":"png","refId":"image_4","sr":1,"ks":{"o":{"a":0,"k":100,"ix":11},"r":{"a":0,"k":0,"ix":10},"p":{"a":0,"k":[520.5,655.5,0],"ix":2},"a":{"a":0,"k":[100,100,0],"ix":1},"s":{"a":0,"k":[100,100,100],"ix":6}},"ao":0,"ip":2,"op":3,"st":0,"bm":0},{"ddd":0,"ind":4,"ty":2,"nm":"Comp 1_00003.png","cl":"png","refId":"image_5","sr":1,"ks":{"o":{"a":0,"k":100,"ix":11},"r":{"a":0,"k":0,"ix":10},"p":{"a":0,"k":[520.5,655.5,0],"ix":2},"a":{"a":0,"k":[100,100,0],"ix":1},"s":{"a":0,"k":[100,100,100],"ix":6}},"ao":0,"ip":3,"op":4,"st":0,"bm":0},{"ddd":0,"ind":5,"ty":2,"nm":"Comp 1_00004.png","cl":"png","refId":"image_6","sr":1,"ks":{"o":{"a":0,"k":100,"ix":11},"r":{"a":0,"k":0,"ix":10},"p":{"a":0,"k":[520.5,655.5,0],"ix":2},"a":{"a":0,"k":[100,100,0],"ix":1},"s":{"a":0,"k":[100,100,100],"ix":6}},"ao":0,"ip":4,"op":5,"st":0,"bm":0},{"ddd":0,"ind":6,"ty":2,"nm":"Comp 1_00005.png","cl":"png","refId":"image_7","sr":1,"ks":{"o":{"a":0,"k":100,"ix":11},"r":{"a":0,"k":0,"ix":10},"p":{"a":0,"k":[520.5,655.5,0],"ix":2},"a":{"a":0,"k":[100,100,0],"ix":1},"s":{"a":0,"k":[100,100,100],"ix":6}},"ao":0,"ip":5,"op":6,"st":0,"bm":0},{"ddd":0,"ind":7,"ty":2,"nm":"Comp 1_00006.png","cl":"png","refId":"image_8","sr":1,"ks":{"o":{"a":0,"k":100,"ix":11},"r":{"a":0,"k":0,"ix":10},"p":{"a":0,"k":[520.5,655.5,0],"ix":2},"a":{"a":0,"k":[100,100,0],"ix":1},"s":{"a":0,"k":[100,100,100],"ix":6}},"ao":0,"ip":6,"op":7,"st":0,"bm":0},{"ddd":0,"ind":8,"ty":2,"nm":"Comp 1_00007.png","cl":"png","refId":"image_9","sr":1,"ks":{"o":{"a":0,"k":100,"ix":11},"r":{"a":0,"k":0,"ix":10},"p":{"a":0,"k":[520.5,655.5,0],"ix":2},"a":{"a":0,"k":[100,100,0],"ix":1},"s":{"a":0,"k":[100,100,100],"ix":6}},"ao":0,"ip":7,"op":8,"st":0,"bm":0},{"ddd":0,"ind":9,"ty":2,"nm":"Comp 1_00008.png","cl":"png","refId":"image_10","sr":1,"ks":{"o":{"a":0,"k":100,"ix":11},"r":{"a":0,"k":0,"ix":10},"p":{"a":0,"k":[520.5,655.5,0],"ix":2},"a":{"a":0,"k":[100,100,0],"ix":1},"s":{"a":0,"k":[100,100,100],"ix":6}},"ao":0,"ip":8,"op":9,"st":0,"bm":0},{"ddd":0,"ind":10,"ty":2,"nm":"Comp 1_00009.png","cl":"png","refId":"image_11","sr":1,"ks":{"o":{"a":0,"k":100,"ix":11},"r":{"a":0,"k":0,"ix":10},"p":{"a":0,"k":[520.5,655.5,0],"ix":2},"a":{"a":0,"k":[100,100,0],"ix":1},"s":{"a":0,"k":[100,100,100],"ix":6}},"ao":0,"ip":9,"op":10,"st":0,"bm":0},{"ddd":0,"ind":11,"ty":2,"nm":"Comp 1_00010.png","cl":"png","refId":"image_12","sr":1,"ks":{"o":{"a":0,"k":100,"ix":11},"r":{"a":0,"k":0,"ix":10},"p":{"a":0,"k":[520.5,655.5,0],"ix":2},"a":{"a":0,"k":[100,100,0],"ix":1},"s":{"a":0,"k":[100,100,100],"ix":6}},"ao":0,"ip":10,"op":11,"st":0,"bm":0},{"ddd":0,"ind":12,"ty":2,"nm":"Comp 1_00011.png","cl":"png","refId":"image_13","sr":1,"ks":{"o":{"a":0,"k":100,"ix":11},"r":{"a":0,"k":0,"ix":10},"p":{"a":0,"k":[520.5,655.5,0],"ix":2},"a":{"a":0,"k":[100,100,0],"ix":1},"s":{"a":0,"k":[100,100,100],"ix":6}},"ao":0,"ip":11,"op":12,"st":0,"bm":0},{"ddd":0,"ind":13,"ty":2,"nm":"Comp 1_00012.png","cl":"png","refId":"image_14","sr":1,"ks":{"o":{"a":0,"k":100,"ix":11},"r":{"a":0,"k":0,"ix":10},"p":{"a":0,"k":[520.5,655.5,0],"ix":2},"a":{"a":0,"k":[100,100,0],"ix":1},"s":{"a":0,"k":[100,100,100],"ix":6}},"ao":0,"ip":12,"op":13,"st":0,"bm":0},{"ddd":0,"ind":14,"ty":2,"nm":"Comp 1_00013.png","cl":"png","refId":"image_15","sr":1,"ks":{"o":{"a":0,"k":100,"ix":11},"r":{"a":0,"k":0,"ix":10},"p":{"a":0,"k":[520.5,655.5,0],"ix":2},"a":{"a":0,"k":[100,100,0],"ix":1},"s":{"a":0,"k":[100,100,100],"ix":6}},"ao":0,"ip":13,"op":14,"st":0,"bm":0},{"ddd":0,"ind":15,"ty":2,"nm":"Comp 1_00014.png","cl":"png","refId":"image_16","sr":1,"ks":{"o":{"a":0,"k":100,"ix":11},"r":{"a":0,"k":0,"ix":10},"p":{"a":0,"k":[520.5,655.5,0],"ix":2},"a":{"a":0,"k":[100,100,0],"ix":1},"s":{"a":0,"k":[100,100,100],"ix":6}},"ao":0,"ip":14,"op":15,"st":0,"bm":0}]},{"id":"comp_2","layers":[{"ddd":0,"ind":1,"ty":2,"nm":"Fan_00000.png","cl":"png","refId":"image_18","sr":1,"ks":{"o":{"a":0,"k":100,"ix":11},"r":{"a":0,"k":0,"ix":10},"p":{"a":0,"k":[600,500,0],"ix":2},"a":{"a":0,"k":[407.5,400,0],"ix":1},"s":{"a":0,"k":[100,100,100],"ix":6}},"ao":0,"ip":0,"op":1,"st":0,"bm":0},{"ddd":0,"ind":2,"ty":2,"nm":"Fan_00001.png","cl":"png","refId":"image_19","sr":1,"ks":{"o":{"a":0,"k":100,"ix":11},"r":{"a":0,"k":0,"ix":10},"p":{"a":0,"k":[600,500,0],"ix":2},"a":{"a":0,"k":[407.5,400,0],"ix":1},"s":{"a":0,"k":[100,100,100],"ix":6}},"ao":0,"ip":1,"op":2,"st":0,"bm":0},{"ddd":0,"ind":3,"ty":2,"nm":"Fan_00002.png","cl":"png","refId":"image_20","sr":1,"ks":{"o":{"a":0,"k":100,"ix":11},"r":{"a":0,"k":0,"ix":10},"p":{"a":0,"k":[600,500,0],"ix":2},"a":{"a":0,"k":[407.5,400,0],"ix":1},"s":{"a":0,"k":[100,100,100],"ix":6}},"ao":0,"ip":2,"op":3,"st":0,"bm":0}]},{"id":"comp_3","layers":[{"ddd":0,"ind":1,"ty":4,"nm":"Безлимитный интернет в подарок Outlines","sr":1,"ks":{"o":{"a":1,"k":[{"i":{"x":[0],"y":[1]},"o":{"x":[0.333],"y":[0]},"t":0,"s":[0]},{"t":20,"s":[100]}],"ix":11},"r":{"a":0,"k":0,"ix":10},"p":{"a":1,"k":[{"i":{"x":0,"y":1},"o":{"x":0.333,"y":0},"t":0,"s":[70.308,31.678,0],"to":[-10,0,0],"ti":[10,0,0]},{"t":20,"s":[10.308,31.678,0]}],"ix":2},"a":{"a":0,"k":[0,0,0],"ix":1},"s":{"a":0,"k":[100,100,100],"ix":6}},"ao":0,"shapes":[{"ty":"gr","it":[{"ind":0,"ty":"sh","ix":1,"ks":{"a":0,"k":{"i":[[0,0],[0,0],[0,0],[0,0]],"o":[[0,0],[0,0],[0,0],[0,0]],"v":[[5.809,0],[5.809,-19.739],[1.692,-19.739],[1.692,0]],"c":true},"ix":2},"nm":"Б","mn":"ADBE Vector Shape - Group","hd":false},{"ind":1,"ty":"sh","ix":2,"ks":{"a":0,"k":{"i":[[0,0],[0,0],[0,3.186],[4.822,0],[0,0],[0,0],[0,0],[0,-2.566],[2.058,0],[0,0]],"o":[[0,0],[5.188,0],[0,-3.779],[0,0],[0,0],[0,0],[1.692,0],[0,1.946],[0,0],[0,0]],"v":[[6.655,0],[9.587,0],[16.44,-6.683],[9.728,-12.999],[6.655,-12.999],[6.655,-9.672],[9.305,-9.672],[12.633,-6.683],[9.305,-3.666],[6.655,-3.666]],"c":true},"ix":2},"nm":"Б","mn":"ADBE Vector Shape - Group","hd":false},{"ind":2,"ty":"sh","ix":3,"ks":{"a":0,"k":{"i":[[0,0],[0,0],[0,0],[0,0]],"o":[[0,0],[0,0],[0,0],[0,0]],"v":[[6.655,-19.739],[6.655,-16.073],[14.691,-16.073],[14.691,-19.739]],"c":true},"ix":2},"nm":"Б","mn":"ADBE Vector Shape - Group","hd":false},{"ty":"mm","mm":1,"nm":"Merge Paths 1","mn":"ADBE Vector Filter - Merge","hd":false},{"ty":"fl","c":{"a":0,"k":[1,1,1,1],"ix":4},"o":{"a":0,"k":100,"ix":5},"r":1,"bm":0,"nm":"Fill 1","mn":"ADBE Vector Graphic - Fill","hd":false},{"ty":"tr","p":{"a":0,"k":[0,0],"ix":2},"a":{"a":0,"k":[0,0],"ix":1},"s":{"a":0,"k":[100,100],"ix":3},"r":{"a":0,"k":0,"ix":6},"o":{"a":0,"k":100,"ix":7},"sk":{"a":0,"k":0,"ix":4},"sa":{"a":0,"k":0,"ix":5},"nm":"Transform"}],"nm":"Б","np":6,"cix":2,"bm":0,"ix":1,"mn":"ADBE Vector Group","hd":false},{"ty":"gr","it":[{"ind":0,"ty":"sh","ix":1,"ks":{"a":0,"k":{"i":[[0,0],[0,0],[0,0],[0,0]],"o":[[0,0],[0,0],[0,0],[0,0]],"v":[[23.819,-16.073],[32.25,-16.073],[32.25,-19.739],[23.819,-19.739]],"c":true},"ix":2},"nm":"е","mn":"ADBE Vector Shape - Group","hd":false},{"ind":1,"ty":"sh","ix":2,"ks":{"a":0,"k":{"i":[[0,0],[0,0],[0,0],[0,0]],"o":[[0,0],[0,0],[0,0],[0,0]],"v":[[23.819,-8.262],[31.799,-8.262],[31.799,-11.843],[23.819,-11.843]],"c":true},"ix":2},"nm":"е","mn":"ADBE Vector Shape - Group","hd":false},{"ind":2,"ty":"sh","ix":3,"ks":{"a":0,"k":{"i":[[0,0],[0,0],[0,0],[0,0]],"o":[[0,0],[0,0],[0,0],[0,0]],"v":[[23.819,0],[32.616,0],[32.616,-3.666],[23.819,-3.666]],"c":true},"ix":2},"nm":"е","mn":"ADBE Vector Shape - Group","hd":false},{"ind":3,"ty":"sh","ix":4,"ks":{"a":0,"k":{"i":[[0,0],[0,0],[0,0],[0,0]],"o":[[0,0],[0,0],[0,0],[0,0]],"v":[[22.973,-19.739],[18.856,-19.739],[18.856,0],[22.973,0]],"c":true},"ix":2},"nm":"е","mn":"ADBE Vector Shape - Group","hd":false},{"ty":"mm","mm":1,"nm":"Merge Paths 1","mn":"ADBE Vector Filter - Merge","hd":false},{"ty":"fl","c":{"a":0,"k":[1,1,1,1],"ix":4},"o":{"a":0,"k":100,"ix":5},"r":1,"bm":0,"nm":"Fill 1","mn":"ADBE Vector Graphic - Fill","hd":false},{"ty":"tr","p":{"a":0,"k":[0,0],"ix":2},"a":{"a":0,"k":[0,0],"ix":1},"s":{"a":0,"k":[100,100],"ix":3},"r":{"a":0,"k":0,"ix":6},"o":{"a":0,"k":100,"ix":7},"sk":{"a":0,"k":0,"ix":4},"sa":{"a":0,"k":0,"ix":5},"nm":"Transform"}],"nm":"е","np":7,"cix":2,"bm":0,"ix":2,"mn":"ADBE Vector Group","hd":false},{"ty":"gr","it":[{"ind":0,"ty":"sh","ix":1,"ks":{"a":0,"k":{"i":[[0,0],[0.592,-2.904],[0,0],[-2.566,0.197]],"o":[[-5.104,0.141],[0,0],[0.31,-1.861],[0,0]],"v":[[41.977,-20.246],[34.617,-13.874],[38.48,-13.451],[41.977,-17.004]],"c":true},"ix":2},"nm":"з","mn":"ADBE Vector Shape - Group","hd":false},{"ind":1,"ty":"sh","ix":2,"ks":{"a":0,"k":{"i":[[0,0],[0,-1.579],[1.354,0],[0,0],[0,0],[0,0],[0,-2.848],[1.523,-0.141],[0,0],[0,3.863],[1.297,0.31],[0,2.481],[4.314,0.169]],"o":[[1.551,0.113],[0,2.058],[0,0],[0,0],[0,0],[0.62,0],[0,2.03],[0,0],[4.23,-0.141],[0,-2.933],[1.438,-0.423],[0,-3.074],[0,0]],"v":[[42.822,-17.032],[45.924,-14.381],[42.512,-11.787],[40.595,-11.787],[40.595,-8.798],[42.456,-8.798],[46.319,-5.837],[42.822,-2.876],[42.822,0.508],[50.577,-5.865],[46.686,-10.546],[50.069,-14.663],[42.822,-20.246]],"c":true},"ix":2},"nm":"з","mn":"ADBE Vector Shape - Group","hd":false},{"ind":2,"ty":"sh","ix":3,"ks":{"a":0,"k":{"i":[[0,0],[0.367,2.058],[0,0],[-4.822,-0.141]],"o":[[-2.933,-0.141],[0,0],[0.761,4.455],[0,0]],"v":[[41.977,-2.848],[38.113,-6.768],[34.194,-6.288],[41.977,0.508]],"c":true},"ix":2},"nm":"з","mn":"ADBE Vector Shape - Group","hd":false},{"ty":"mm","mm":1,"nm":"Merge Paths 1","mn":"ADBE Vector Filter - Merge","hd":false},{"ty":"fl","c":{"a":0,"k":[1,1,1,1],"ix":4},"o":{"a":0,"k":100,"ix":5},"r":1,"bm":0,"nm":"Fill 1","mn":"ADBE Vector Graphic - Fill","hd":false},{"ty":"tr","p":{"a":0,"k":[0,0],"ix":2},"a":{"a":0,"k":[0,0],"ix":1},"s":{"a":0,"k":[100,100],"ix":3},"r":{"a":0,"k":0,"ix":6},"o":{"a":0,"k":100,"ix":7},"sk":{"a":0,"k":0,"ix":4},"sa":{"a":0,"k":0,"ix":5},"nm":"Transform"}],"nm":"з","np":6,"cix":2,"bm":0,"ix":3,"mn":"ADBE Vector Group","hd":false},{"ty":"gr","it":[{"ind":0,"ty":"sh","ix":1,"ks":{"a":0,"k":{"i":[[0,0],[0,0],[0,0],[3.13,0],[0,0],[-1.1,1.551],[0,5.132],[0,0],[0,0]],"o":[[0,0],[0,0],[0,6.034],[0,0],[2.876,0],[1.297,-1.833],[0,0],[0,0],[0,0]],"v":[[61.503,-19.739],[54.99,-19.739],[54.99,-12.379],[51.86,-3.666],[51.86,0],[57.471,-2.566],[59.107,-11.928],[59.107,-16.073],[61.503,-16.073]],"c":true},"ix":2},"nm":"л","mn":"ADBE Vector Shape - Group","hd":false},{"ind":1,"ty":"sh","ix":2,"ks":{"a":0,"k":{"i":[[0,0],[0,0],[0,0],[0,0],[0,0],[0,0]],"o":[[0,0],[0,0],[0,0],[0,0],[0,0],[0,0]],"v":[[62.378,-16.073],[64.803,-16.073],[64.803,0],[68.919,0],[68.919,-19.739],[62.378,-19.739]],"c":true},"ix":2},"nm":"л","mn":"ADBE Vector Shape - Group","hd":false},{"ty":"mm","mm":1,"nm":"Merge Paths 1","mn":"ADBE Vector Filter - Merge","hd":false},{"ty":"fl","c":{"a":0,"k":[1,1,1,1],"ix":4},"o":{"a":0,"k":100,"ix":5},"r":1,"bm":0,"nm":"Fill 1","mn":"ADBE Vector Graphic - Fill","hd":false},{"ty":"tr","p":{"a":0,"k":[0,0],"ix":2},"a":{"a":0,"k":[0,0],"ix":1},"s":{"a":0,"k":[100,100],"ix":3},"r":{"a":0,"k":0,"ix":6},"o":{"a":0,"k":100,"ix":7},"sk":{"a":0,"k":0,"ix":4},"sa":{"a":0,"k":0,"ix":5},"nm":"Transform"}],"nm":"л","np":5,"cix":2,"bm":0,"ix":4,"mn":"ADBE Vector Group","hd":false},{"ty":"gr","it":[{"ind":0,"ty":"sh","ix":1,"ks":{"a":0,"k":{"i":[[0,0],[0,0],[0,0],[0,0]],"o":[[0,0],[0,0],[0,0],[0,0]],"v":[[76.284,-19.739],[72.167,-19.739],[72.167,0],[76.284,0]],"c":true},"ix":2},"nm":"и","mn":"ADBE Vector Shape - Group","hd":false},{"ind":1,"ty":"sh","ix":2,"ks":{"a":0,"k":{"i":[[0,0],[0,0],[0,0],[0,0]],"o":[[0,0],[0,0],[0,0],[0,0]],"v":[[83.982,-19.739],[83.982,0],[88.099,0],[88.099,-19.739]],"c":true},"ix":2},"nm":"и","mn":"ADBE Vector Shape - Group","hd":false},{"ind":2,"ty":"sh","ix":3,"ks":{"a":0,"k":{"i":[[0,0],[0,0],[0,0],[0,0]],"o":[[0,0],[0,0],[0,0],[0,0]],"v":[[83.137,-11.533],[83.137,-18.301],[77.13,-8.149],[77.13,-1.41]],"c":true},"ix":2},"nm":"и","mn":"ADBE Vector Shape - Group","hd":false},{"ty":"mm","mm":1,"nm":"Merge Paths 1","mn":"ADBE Vector Filter - Merge","hd":false},{"ty":"fl","c":{"a":0,"k":[1,1,1,1],"ix":4},"o":{"a":0,"k":100,"ix":5},"r":1,"bm":0,"nm":"Fill 1","mn":"ADBE Vector Graphic - Fill","hd":false},{"ty":"tr","p":{"a":0,"k":[0,0],"ix":2},"a":{"a":0,"k":[0,0],"ix":1},"s":{"a":0,"k":[100,100],"ix":3},"r":{"a":0,"k":0,"ix":6},"o":{"a":0,"k":100,"ix":7},"sk":{"a":0,"k":0,"ix":4},"sa":{"a":0,"k":0,"ix":5},"nm":"Transform"}],"nm":"и","np":6,"cix":2,"bm":0,"ix":5,"mn":"ADBE Vector Group","hd":false},{"ty":"gr","it":[{"ind":0,"ty":"sh","ix":1,"ks":{"a":0,"k":{"i":[[0,0],[0,0],[0,0],[0,0]],"o":[[0,0],[0,0],[0,0],[0,0]],"v":[[91.347,-17.398],[91.347,0],[95.239,0],[95.239,-6.993]],"c":true},"ix":2},"nm":"м","mn":"ADBE Vector Shape - Group","hd":false},{"ind":1,"ty":"sh","ix":2,"ks":{"a":0,"k":{"i":[[0,0],[0,0],[0,0],[0,0]],"o":[[0,0],[0,0],[0,0],[0,0]],"v":[[103.05,-1.213],[109.93,-19.739],[106.039,-19.739],[101.132,-6.345]],"c":true},"ix":2},"nm":"м","mn":"ADBE Vector Shape - Group","hd":false},{"ind":2,"ty":"sh","ix":3,"ks":{"a":0,"k":{"i":[[0,0],[0,0],[0,0],[0,0]],"o":[[0,0],[0,0],[0,0],[0,0]],"v":[[95.239,-19.739],[91.347,-19.739],[98.735,0],[102.598,0]],"c":true},"ix":2},"nm":"м","mn":"ADBE Vector Shape - Group","hd":false},{"ind":3,"ty":"sh","ix":4,"ks":{"a":0,"k":{"i":[[0,0],[0,0],[0,0],[0,0]],"o":[[0,0],[0,0],[0,0],[0,0]],"v":[[106.039,-6.909],[106.039,0],[109.93,0],[109.93,-17.398]],"c":true},"ix":2},"nm":"м","mn":"ADBE Vector Shape - Group","hd":false},{"ty":"mm","mm":1,"nm":"Merge Paths 1","mn":"ADBE Vector Filter - Merge","hd":false},{"ty":"fl","c":{"a":0,"k":[1,1,1,1],"ix":4},"o":{"a":0,"k":100,"ix":5},"r":1,"bm":0,"nm":"Fill 1","mn":"ADBE Vector Graphic - Fill","hd":false},{"ty":"tr","p":{"a":0,"k":[0,0],"ix":2},"a":{"a":0,"k":[0,0],"ix":1},"s":{"a":0,"k":[100,100],"ix":3},"r":{"a":0,"k":0,"ix":6},"o":{"a":0,"k":100,"ix":7},"sk":{"a":0,"k":0,"ix":4},"sa":{"a":0,"k":0,"ix":5},"nm":"Transform"}],"nm":"м","np":7,"cix":2,"bm":0,"ix":6,"mn":"ADBE Vector Group","hd":false},{"ty":"gr","it":[{"ind":0,"ty":"sh","ix":1,"ks":{"a":0,"k":{"i":[[0,0],[0,0],[0,0],[0,0]],"o":[[0,0],[0,0],[0,0],[0,0]],"v":[[117.276,-19.739],[113.159,-19.739],[113.159,0],[117.276,0]],"c":true},"ix":2},"nm":"и","mn":"ADBE Vector Shape - Group","hd":false},{"ind":1,"ty":"sh","ix":2,"ks":{"a":0,"k":{"i":[[0,0],[0,0],[0,0],[0,0]],"o":[[0,0],[0,0],[0,0],[0,0]],"v":[[124.974,-19.739],[124.974,0],[129.091,0],[129.091,-19.739]],"c":true},"ix":2},"nm":"и","mn":"ADBE Vector Shape - Group","hd":false},{"ind":2,"ty":"sh","ix":3,"ks":{"a":0,"k":{"i":[[0,0],[0,0],[0,0],[0,0]],"o":[[0,0],[0,0],[0,0],[0,0]],"v":[[124.128,-11.533],[124.128,-18.301],[118.122,-8.149],[118.122,-1.41]],"c":true},"ix":2},"nm":"и","mn":"ADBE Vector Shape - Group","hd":false},{"ty":"mm","mm":1,"nm":"Merge Paths 1","mn":"ADBE Vector Filter - Merge","hd":false},{"ty":"fl","c":{"a":0,"k":[1,1,1,1],"ix":4},"o":{"a":0,"k":100,"ix":5},"r":1,"bm":0,"nm":"Fill 1","mn":"ADBE Vector Graphic - Fill","hd":false},{"ty":"tr","p":{"a":0,"k":[0,0],"ix":2},"a":{"a":0,"k":[0,0],"ix":1},"s":{"a":0,"k":[100,100],"ix":3},"r":{"a":0,"k":0,"ix":6},"o":{"a":0,"k":100,"ix":7},"sk":{"a":0,"k":0,"ix":4},"sa":{"a":0,"k":0,"ix":5},"nm":"Transform"}],"nm":"и","np":6,"cix":2,"bm":0,"ix":7,"mn":"ADBE Vector Group","hd":false},{"ty":"gr","it":[{"ind":0,"ty":"sh","ix":1,"ks":{"a":0,"k":{"i":[[0,0],[0,0],[0,0],[0,0]],"o":[[0,0],[0,0],[0,0],[0,0]],"v":[[141.701,-16.073],[146.382,-16.073],[146.382,-19.739],[141.701,-19.739]],"c":true},"ix":2},"nm":"т","mn":"ADBE Vector Shape - Group","hd":false},{"ind":1,"ty":"sh","ix":2,"ks":{"a":0,"k":{"i":[[0,0],[0,0],[0,0],[0,0]],"o":[[0,0],[0,0],[0,0],[0,0]],"v":[[135.892,-16.073],[135.892,-19.739],[131.211,-19.739],[131.211,-16.073]],"c":true},"ix":2},"nm":"т","mn":"ADBE Vector Shape - Group","hd":false},{"ind":2,"ty":"sh","ix":3,"ks":{"a":0,"k":{"i":[[0,0],[0,0],[0,0],[0,0]],"o":[[0,0],[0,0],[0,0],[0,0]],"v":[[136.738,-19.739],[136.738,0],[140.855,0],[140.855,-19.739]],"c":true},"ix":2},"nm":"т","mn":"ADBE Vector Shape - Group","hd":false},{"ty":"mm","mm":1,"nm":"Merge Paths 1","mn":"ADBE Vector Filter - Merge","hd":false},{"ty":"fl","c":{"a":0,"k":[1,1,1,1],"ix":4},"o":{"a":0,"k":100,"ix":5},"r":1,"bm":0,"nm":"Fill 1","mn":"ADBE Vector Graphic - Fill","hd":false},{"ty":"tr","p":{"a":0,"k":[0,0],"ix":2},"a":{"a":0,"k":[0,0],"ix":1},"s":{"a":0,"k":[100,100],"ix":3},"r":{"a":0,"k":0,"ix":6},"o":{"a":0,"k":100,"ix":7},"sk":{"a":0,"k":0,"ix":4},"sa":{"a":0,"k":0,"ix":5},"nm":"Transform"}],"nm":"т","np":6,"cix":2,"bm":0,"ix":8,"mn":"ADBE Vector Group","hd":false},{"ty":"gr","it":[{"ind":0,"ty":"sh","ix":1,"ks":{"a":0,"k":{"i":[[0,0],[0,0],[0,0],[0,0],[0,0],[0,0],[0,0],[0,0]],"o":[[0,0],[0,0],[0,0],[0,0],[0,0],[0,0],[0,0],[0,0]],"v":[[156.052,-12.182],[152.64,-12.182],[152.64,-19.739],[148.523,-19.739],[148.523,0],[152.64,0],[152.64,-8.544],[156.052,-8.544]],"c":true},"ix":2},"nm":"н","mn":"ADBE Vector Shape - Group","hd":false},{"ind":1,"ty":"sh","ix":2,"ks":{"a":0,"k":{"i":[[0,0],[0,0],[0,0],[0,0],[0,0],[0,0],[0,0],[0,0]],"o":[[0,0],[0,0],[0,0],[0,0],[0,0],[0,0],[0,0],[0,0]],"v":[[156.898,-8.544],[160.338,-8.544],[160.338,0],[164.455,0],[164.455,-19.739],[160.338,-19.739],[160.338,-12.182],[156.898,-12.182]],"c":true},"ix":2},"nm":"н","mn":"ADBE Vector Shape - Group","hd":false},{"ty":"mm","mm":1,"nm":"Merge Paths 1","mn":"ADBE Vector Filter - Merge","hd":false},{"ty":"fl","c":{"a":0,"k":[1,1,1,1],"ix":4},"o":{"a":0,"k":100,"ix":5},"r":1,"bm":0,"nm":"Fill 1","mn":"ADBE Vector Graphic - Fill","hd":false},{"ty":"tr","p":{"a":0,"k":[0,0],"ix":2},"a":{"a":0,"k":[0,0],"ix":1},"s":{"a":0,"k":[100,100],"ix":3},"r":{"a":0,"k":0,"ix":6},"o":{"a":0,"k":100,"ix":7},"sk":{"a":0,"k":0,"ix":4},"sa":{"a":0,"k":0,"ix":5},"nm":"Transform"}],"nm":"н","np":5,"cix":2,"bm":0,"ix":9,"mn":"ADBE Vector Group","hd":false},{"ty":"gr","it":[{"ind":0,"ty":"sh","ix":1,"ks":{"a":0,"k":{"i":[[0,0],[0,0],[0,0],[0,0]],"o":[[0,0],[0,0],[0,0],[0,0]],"v":[[171.82,0],[171.82,-19.739],[167.703,-19.739],[167.703,0]],"c":true},"ix":2},"nm":"ы","mn":"ADBE Vector Shape - Group","hd":false},{"ind":1,"ty":"sh","ix":2,"ks":{"a":0,"k":{"i":[[0,0],[0,0],[0,-2.566],[2.058,0],[0,0],[0,0],[0,0],[0,3.186],[4.822,0],[0,0]],"o":[[0,0],[1.692,0],[0,1.946],[0,0],[0,0],[0,0],[5.188,0],[0,-3.779],[0,0],[0,0]],"v":[[172.666,-10.067],[175.316,-10.067],[178.644,-6.683],[175.316,-3.666],[172.666,-3.666],[172.666,0],[175.598,0],[182.45,-6.683],[175.739,-13.451],[172.666,-13.451]],"c":true},"ix":2},"nm":"ы","mn":"ADBE Vector Shape - Group","hd":false},{"ind":2,"ty":"sh","ix":3,"ks":{"a":0,"k":{"i":[[0,0],[0,0],[0,0],[0,0]],"o":[[0,0],[0,0],[0,0],[0,0]],"v":[[188.541,0],[188.541,-19.739],[184.424,-19.739],[184.424,0]],"c":true},"ix":2},"nm":"ы","mn":"ADBE Vector Shape - Group","hd":false},{"ty":"mm","mm":1,"nm":"Merge Paths 1","mn":"ADBE Vector Filter - Merge","hd":false},{"ty":"fl","c":{"a":0,"k":[1,1,1,1],"ix":4},"o":{"a":0,"k":100,"ix":5},"r":1,"bm":0,"nm":"Fill 1","mn":"ADBE Vector Graphic - Fill","hd":false},{"ty":"tr","p":{"a":0,"k":[0,0],"ix":2},"a":{"a":0,"k":[0,0],"ix":1},"s":{"a":0,"k":[100,100],"ix":3},"r":{"a":0,"k":0,"ix":6},"o":{"a":0,"k":100,"ix":7},"sk":{"a":0,"k":0,"ix":4},"sa":{"a":0,"k":0,"ix":5},"nm":"Transform"}],"nm":"ы","np":6,"cix":2,"bm":0,"ix":10,"mn":"ADBE Vector Group","hd":false},{"ty":"gr","it":[{"ind":0,"ty":"sh","ix":1,"ks":{"a":0,"k":{"i":[[0,0],[0,0],[0,0],[0,0]],"o":[[0,0],[0,0],[0,0],[0,0]],"v":[[195.871,-19.739],[191.754,-19.739],[191.754,0],[195.871,0]],"c":true},"ix":2},"nm":"й","mn":"ADBE Vector Shape - Group","hd":false},{"ind":1,"ty":"sh","ix":2,"ks":{"a":0,"k":{"i":[[0,0],[0,0],[0,0],[0,0]],"o":[[0,0],[0,0],[0,0],[0,0]],"v":[[203.57,-19.739],[203.57,0],[207.686,0],[207.686,-19.739]],"c":true},"ix":2},"nm":"й","mn":"ADBE Vector Shape - Group","hd":false},{"ind":2,"ty":"sh","ix":3,"ks":{"a":0,"k":{"i":[[0,0],[0,0],[0,0],[0,0]],"o":[[0,0],[0,0],[0,0],[0,0]],"v":[[202.724,-11.533],[202.724,-18.301],[196.717,-8.149],[196.717,-1.41]],"c":true},"ix":2},"nm":"й","mn":"ADBE Vector Shape - Group","hd":false},{"ind":3,"ty":"sh","ix":4,"ks":{"a":0,"k":{"i":[[0,0],[-2.679,0],[-0.141,3.186],[0,0],[1.635,0],[0.141,1.438]],"o":[[0.141,3.186],[2.763,0],[0,0],[-0.141,1.41],[-1.128,0],[0,0]],"v":[[195.138,-24.899],[199.481,-21.036],[204.133,-24.899],[201.821,-24.899],[199.509,-23.376],[197.451,-24.899]],"c":true},"ix":2},"nm":"й","mn":"ADBE Vector Shape - Group","hd":false},{"ty":"mm","mm":1,"nm":"Merge Paths 1","mn":"ADBE Vector Filter - Merge","hd":false},{"ty":"fl","c":{"a":0,"k":[1,1,1,1],"ix":4},"o":{"a":0,"k":100,"ix":5},"r":1,"bm":0,"nm":"Fill 1","mn":"ADBE Vector Graphic - Fill","hd":false},{"ty":"tr","p":{"a":0,"k":[0,0],"ix":2},"a":{"a":0,"k":[0,0],"ix":1},"s":{"a":0,"k":[100,100],"ix":3},"r":{"a":0,"k":0,"ix":6},"o":{"a":0,"k":100,"ix":7},"sk":{"a":0,"k":0,"ix":4},"sa":{"a":0,"k":0,"ix":5},"nm":"Transform"}],"nm":"й","np":7,"cix":2,"bm":0,"ix":11,"mn":"ADBE Vector Group","hd":false},{"ty":"gr","it":[{"ind":0,"ty":"sh","ix":1,"ks":{"a":0,"k":{"i":[[0,0],[0,0],[0,0],[0,0]],"o":[[0,0],[0,0],[0,0],[0,0]],"v":[[221.435,-19.739],[217.318,-19.739],[217.318,0],[221.435,0]],"c":true},"ix":2},"nm":"и","mn":"ADBE Vector Shape - Group","hd":false},{"ind":1,"ty":"sh","ix":2,"ks":{"a":0,"k":{"i":[[0,0],[0,0],[0,0],[0,0]],"o":[[0,0],[0,0],[0,0],[0,0]],"v":[[229.133,-19.739],[229.133,0],[233.25,0],[233.25,-19.739]],"c":true},"ix":2},"nm":"и","mn":"ADBE Vector Shape - Group","hd":false},{"ind":2,"ty":"sh","ix":3,"ks":{"a":0,"k":{"i":[[0,0],[0,0],[0,0],[0,0]],"o":[[0,0],[0,0],[0,0],[0,0]],"v":[[228.287,-11.533],[228.287,-18.301],[222.281,-8.149],[222.281,-1.41]],"c":true},"ix":2},"nm":"и","mn":"ADBE Vector Shape - Group","hd":false},{"ty":"mm","mm":1,"nm":"Merge Paths 1","mn":"ADBE Vector Filter - Merge","hd":false},{"ty":"fl","c":{"a":0,"k":[1,1,1,1],"ix":4},"o":{"a":0,"k":100,"ix":5},"r":1,"bm":0,"nm":"Fill 1","mn":"ADBE Vector Graphic - Fill","hd":false},{"ty":"tr","p":{"a":0,"k":[0,0],"ix":2},"a":{"a":0,"k":[0,0],"ix":1},"s":{"a":0,"k":[100,100],"ix":3},"r":{"a":0,"k":0,"ix":6},"o":{"a":0,"k":100,"ix":7},"sk":{"a":0,"k":0,"ix":4},"sa":{"a":0,"k":0,"ix":5},"nm":"Transform"}],"nm":"и","np":6,"cix":2,"bm":0,"ix":12,"mn":"ADBE Vector Group","hd":false},{"ty":"gr","it":[{"ind":0,"ty":"sh","ix":1,"ks":{"a":0,"k":{"i":[[0,0],[0,0],[0,0],[0,0],[0,0],[0,0],[0,0],[0,0]],"o":[[0,0],[0,0],[0,0],[0,0],[0,0],[0,0],[0,0],[0,0]],"v":[[244.027,-12.182],[240.615,-12.182],[240.615,-19.739],[236.498,-19.739],[236.498,0],[240.615,0],[240.615,-8.544],[244.027,-8.544]],"c":true},"ix":2},"nm":"н","mn":"ADBE Vector Shape - Group","hd":false},{"ind":1,"ty":"sh","ix":2,"ks":{"a":0,"k":{"i":[[0,0],[0,0],[0,0],[0,0],[0,0],[0,0],[0,0],[0,0]],"o":[[0,0],[0,0],[0,0],[0,0],[0,0],[0,0],[0,0],[0,0]],"v":[[244.873,-8.544],[248.313,-8.544],[248.313,0],[252.43,0],[252.43,-19.739],[248.313,-19.739],[248.313,-12.182],[244.873,-12.182]],"c":true},"ix":2},"nm":"н","mn":"ADBE Vector Shape - Group","hd":false},{"ty":"mm","mm":1,"nm":"Merge Paths 1","mn":"ADBE Vector Filter - Merge","hd":false},{"ty":"fl","c":{"a":0,"k":[1,1,1,1],"ix":4},"o":{"a":0,"k":100,"ix":5},"r":1,"bm":0,"nm":"Fill 1","mn":"ADBE Vector Graphic - Fill","hd":false},{"ty":"tr","p":{"a":0,"k":[0,0],"ix":2},"a":{"a":0,"k":[0,0],"ix":1},"s":{"a":0,"k":[100,100],"ix":3},"r":{"a":0,"k":0,"ix":6},"o":{"a":0,"k":100,"ix":7},"sk":{"a":0,"k":0,"ix":4},"sa":{"a":0,"k":0,"ix":5},"nm":"Transform"}],"nm":"н","np":5,"cix":2,"bm":0,"ix":13,"mn":"ADBE Vector Group","hd":false},{"ty":"gr","it":[{"ind":0,"ty":"sh","ix":1,"ks":{"a":0,"k":{"i":[[0,0],[0,0],[0,0],[0,0]],"o":[[0,0],[0,0],[0,0],[0,0]],"v":[[265.04,-16.073],[269.721,-16.073],[269.721,-19.739],[265.04,-19.739]],"c":true},"ix":2},"nm":"т","mn":"ADBE Vector Shape - Group","hd":false},{"ind":1,"ty":"sh","ix":2,"ks":{"a":0,"k":{"i":[[0,0],[0,0],[0,0],[0,0]],"o":[[0,0],[0,0],[0,0],[0,0]],"v":[[259.231,-16.073],[259.231,-19.739],[254.55,-19.739],[254.55,-16.073]],"c":true},"ix":2},"nm":"т","mn":"ADBE Vector Shape - Group","hd":false},{"ind":2,"ty":"sh","ix":3,"ks":{"a":0,"k":{"i":[[0,0],[0,0],[0,0],[0,0]],"o":[[0,0],[0,0],[0,0],[0,0]],"v":[[260.077,-19.739],[260.077,0],[264.194,0],[264.194,-19.739]],"c":true},"ix":2},"nm":"т","mn":"ADBE Vector Shape - Group","hd":false},{"ty":"mm","mm":1,"nm":"Merge Paths 1","mn":"ADBE Vector Filter - Merge","hd":false},{"ty":"fl","c":{"a":0,"k":[1,1,1,1],"ix":4},"o":{"a":0,"k":100,"ix":5},"r":1,"bm":0,"nm":"Fill 1","mn":"ADBE Vector Graphic - Fill","hd":false},{"ty":"tr","p":{"a":0,"k":[0,0],"ix":2},"a":{"a":0,"k":[0,0],"ix":1},"s":{"a":0,"k":[100,100],"ix":3},"r":{"a":0,"k":0,"ix":6},"o":{"a":0,"k":100,"ix":7},"sk":{"a":0,"k":0,"ix":4},"sa":{"a":0,"k":0,"ix":5},"nm":"Transform"}],"nm":"т","np":6,"cix":2,"bm":0,"ix":14,"mn":"ADBE Vector Group","hd":false},{"ty":"gr","it":[{"ind":0,"ty":"sh","ix":1,"ks":{"a":0,"k":{"i":[[0,0],[0,0],[0,0],[0,0]],"o":[[0,0],[0,0],[0,0],[0,0]],"v":[[276.825,-16.073],[285.256,-16.073],[285.256,-19.739],[276.825,-19.739]],"c":true},"ix":2},"nm":"е","mn":"ADBE Vector Shape - Group","hd":false},{"ind":1,"ty":"sh","ix":2,"ks":{"a":0,"k":{"i":[[0,0],[0,0],[0,0],[0,0]],"o":[[0,0],[0,0],[0,0],[0,0]],"v":[[276.825,-8.262],[284.805,-8.262],[284.805,-11.843],[276.825,-11.843]],"c":true},"ix":2},"nm":"е","mn":"ADBE Vector Shape - Group","hd":false},{"ind":2,"ty":"sh","ix":3,"ks":{"a":0,"k":{"i":[[0,0],[0,0],[0,0],[0,0]],"o":[[0,0],[0,0],[0,0],[0,0]],"v":[[276.825,0],[285.623,0],[285.623,-3.666],[276.825,-3.666]],"c":true},"ix":2},"nm":"е","mn":"ADBE Vector Shape - Group","hd":false},{"ind":3,"ty":"sh","ix":4,"ks":{"a":0,"k":{"i":[[0,0],[0,0],[0,0],[0,0]],"o":[[0,0],[0,0],[0,0],[0,0]],"v":[[275.979,-19.739],[271.862,-19.739],[271.862,0],[275.979,0]],"c":true},"ix":2},"nm":"е","mn":"ADBE Vector Shape - Group","hd":false},{"ty":"mm","mm":1,"nm":"Merge Paths 1","mn":"ADBE Vector Filter - Merge","hd":false},{"ty":"fl","c":{"a":0,"k":[1,1,1,1],"ix":4},"o":{"a":0,"k":100,"ix":5},"r":1,"bm":0,"nm":"Fill 1","mn":"ADBE Vector Graphic - Fill","hd":false},{"ty":"tr","p":{"a":0,"k":[0,0],"ix":2},"a":{"a":0,"k":[0,0],"ix":1},"s":{"a":0,"k":[100,100],"ix":3},"r":{"a":0,"k":0,"ix":6},"o":{"a":0,"k":100,"ix":7},"sk":{"a":0,"k":0,"ix":4},"sa":{"a":0,"k":0,"ix":5},"nm":"Transform"}],"nm":"е","np":7,"cix":2,"bm":0,"ix":15,"mn":"ADBE Vector Group","hd":false},{"ty":"gr","it":[{"ind":0,"ty":"sh","ix":1,"ks":{"a":0,"k":{"i":[[0,0],[0,0],[0,0],[0,0]],"o":[[0,0],[0,0],[0,0],[0,0]],"v":[[292.443,-19.739],[288.326,-19.739],[288.326,0],[292.443,0]],"c":true},"ix":2},"nm":"р","mn":"ADBE Vector Shape - Group","hd":false},{"ind":1,"ty":"sh","ix":2,"ks":{"a":0,"k":{"i":[[0,0],[0,0],[0,3.835],[5.188,0],[0,0],[0,0],[0,0],[0,-1.946],[1.692,0],[0,0]],"o":[[0,0],[4.822,0],[0,-3.271],[0,0],[0,0],[0,0],[2.058,0],[0,2.566],[0,0],[0,0]],"v":[[293.289,-6.542],[296.08,-6.542],[303.073,-13.31],[295.939,-19.739],[293.289,-19.739],[293.289,-16.327],[295.629,-16.327],[298.956,-13.31],[295.629,-9.954],[293.289,-9.954]],"c":true},"ix":2},"nm":"р","mn":"ADBE Vector Shape - Group","hd":false},{"ty":"mm","mm":1,"nm":"Merge Paths 1","mn":"ADBE Vector Filter - Merge","hd":false},{"ty":"fl","c":{"a":0,"k":[1,1,1,1],"ix":4},"o":{"a":0,"k":100,"ix":5},"r":1,"bm":0,"nm":"Fill 1","mn":"ADBE Vector Graphic - Fill","hd":false},{"ty":"tr","p":{"a":0,"k":[0,0],"ix":2},"a":{"a":0,"k":[0,0],"ix":1},"s":{"a":0,"k":[100,100],"ix":3},"r":{"a":0,"k":0,"ix":6},"o":{"a":0,"k":100,"ix":7},"sk":{"a":0,"k":0,"ix":4},"sa":{"a":0,"k":0,"ix":5},"nm":"Transform"}],"nm":"р","np":5,"cix":2,"bm":0,"ix":16,"mn":"ADBE Vector Group","hd":false},{"ty":"gr","it":[{"ind":0,"ty":"sh","ix":1,"ks":{"a":0,"k":{"i":[[0,0],[0,0],[0,0],[0,0],[0,0],[0,0],[0,0],[0,0]],"o":[[0,0],[0,0],[0,0],[0,0],[0,0],[0,0],[0,0],[0,0]],"v":[[313.018,-12.182],[309.606,-12.182],[309.606,-19.739],[305.49,-19.739],[305.49,0],[309.606,0],[309.606,-8.544],[313.018,-8.544]],"c":true},"ix":2},"nm":"н","mn":"ADBE Vector Shape - Group","hd":false},{"ind":1,"ty":"sh","ix":2,"ks":{"a":0,"k":{"i":[[0,0],[0,0],[0,0],[0,0],[0,0],[0,0],[0,0],[0,0]],"o":[[0,0],[0,0],[0,0],[0,0],[0,0],[0,0],[0,0],[0,0]],"v":[[313.864,-8.544],[317.305,-8.544],[317.305,0],[321.422,0],[321.422,-19.739],[317.305,-19.739],[317.305,-12.182],[313.864,-12.182]],"c":true},"ix":2},"nm":"н","mn":"ADBE Vector Shape - Group","hd":false},{"ty":"mm","mm":1,"nm":"Merge Paths 1","mn":"ADBE Vector Filter - Merge","hd":false},{"ty":"fl","c":{"a":0,"k":[1,1,1,1],"ix":4},"o":{"a":0,"k":100,"ix":5},"r":1,"bm":0,"nm":"Fill 1","mn":"ADBE Vector Graphic - Fill","hd":false},{"ty":"tr","p":{"a":0,"k":[0,0],"ix":2},"a":{"a":0,"k":[0,0],"ix":1},"s":{"a":0,"k":[100,100],"ix":3},"r":{"a":0,"k":0,"ix":6},"o":{"a":0,"k":100,"ix":7},"sk":{"a":0,"k":0,"ix":4},"sa":{"a":0,"k":0,"ix":5},"nm":"Transform"}],"nm":"н","np":5,"cix":2,"bm":0,"ix":17,"mn":"ADBE Vector Group","hd":false},{"ty":"gr","it":[{"ind":0,"ty":"sh","ix":1,"ks":{"a":0,"k":{"i":[[0,0],[0,0],[0,0],[0,0]],"o":[[0,0],[0,0],[0,0],[0,0]],"v":[[329.632,-16.073],[338.064,-16.073],[338.064,-19.739],[329.632,-19.739]],"c":true},"ix":2},"nm":"е","mn":"ADBE Vector Shape - Group","hd":false},{"ind":1,"ty":"sh","ix":2,"ks":{"a":0,"k":{"i":[[0,0],[0,0],[0,0],[0,0]],"o":[[0,0],[0,0],[0,0],[0,0]],"v":[[329.632,-8.262],[337.612,-8.262],[337.612,-11.843],[329.632,-11.843]],"c":true},"ix":2},"nm":"е","mn":"ADBE Vector Shape - Group","hd":false},{"ind":2,"ty":"sh","ix":3,"ks":{"a":0,"k":{"i":[[0,0],[0,0],[0,0],[0,0]],"o":[[0,0],[0,0],[0,0],[0,0]],"v":[[329.632,0],[338.43,0],[338.43,-3.666],[329.632,-3.666]],"c":true},"ix":2},"nm":"е","mn":"ADBE Vector Shape - Group","hd":false},{"ind":3,"ty":"sh","ix":4,"ks":{"a":0,"k":{"i":[[0,0],[0,0],[0,0],[0,0]],"o":[[0,0],[0,0],[0,0],[0,0]],"v":[[328.786,-19.739],[324.669,-19.739],[324.669,0],[328.786,0]],"c":true},"ix":2},"nm":"е","mn":"ADBE Vector Shape - Group","hd":false},{"ty":"mm","mm":1,"nm":"Merge Paths 1","mn":"ADBE Vector Filter - Merge","hd":false},{"ty":"fl","c":{"a":0,"k":[1,1,1,1],"ix":4},"o":{"a":0,"k":100,"ix":5},"r":1,"bm":0,"nm":"Fill 1","mn":"ADBE Vector Graphic - Fill","hd":false},{"ty":"tr","p":{"a":0,"k":[0,0],"ix":2},"a":{"a":0,"k":[0,0],"ix":1},"s":{"a":0,"k":[100,100],"ix":3},"r":{"a":0,"k":0,"ix":6},"o":{"a":0,"k":100,"ix":7},"sk":{"a":0,"k":0,"ix":4},"sa":{"a":0,"k":0,"ix":5},"nm":"Transform"}],"nm":"е","np":7,"cix":2,"bm":0,"ix":18,"mn":"ADBE Vector Group","hd":false},{"ty":"gr","it":[{"ind":0,"ty":"sh","ix":1,"ks":{"a":0,"k":{"i":[[0,0],[0,0],[0,0],[0,0]],"o":[[0,0],[0,0],[0,0],[0,0]],"v":[[350.495,-16.073],[355.176,-16.073],[355.176,-19.739],[350.495,-19.739]],"c":true},"ix":2},"nm":"т","mn":"ADBE Vector Shape - Group","hd":false},{"ind":1,"ty":"sh","ix":2,"ks":{"a":0,"k":{"i":[[0,0],[0,0],[0,0],[0,0]],"o":[[0,0],[0,0],[0,0],[0,0]],"v":[[344.686,-16.073],[344.686,-19.739],[340.005,-19.739],[340.005,-16.073]],"c":true},"ix":2},"nm":"т","mn":"ADBE Vector Shape - Group","hd":false},{"ind":2,"ty":"sh","ix":3,"ks":{"a":0,"k":{"i":[[0,0],[0,0],[0,0],[0,0]],"o":[[0,0],[0,0],[0,0],[0,0]],"v":[[345.532,-19.739],[345.532,0],[349.649,0],[349.649,-19.739]],"c":true},"ix":2},"nm":"т","mn":"ADBE Vector Shape - Group","hd":false},{"ty":"mm","mm":1,"nm":"Merge Paths 1","mn":"ADBE Vector Filter - Merge","hd":false},{"ty":"fl","c":{"a":0,"k":[1,1,1,1],"ix":4},"o":{"a":0,"k":100,"ix":5},"r":1,"bm":0,"nm":"Fill 1","mn":"ADBE Vector Graphic - Fill","hd":false},{"ty":"tr","p":{"a":0,"k":[0,0],"ix":2},"a":{"a":0,"k":[0,0],"ix":1},"s":{"a":0,"k":[100,100],"ix":3},"r":{"a":0,"k":0,"ix":6},"o":{"a":0,"k":100,"ix":7},"sk":{"a":0,"k":0,"ix":4},"sa":{"a":0,"k":0,"ix":5},"nm":"Transform"}],"nm":"т","np":6,"cix":2,"bm":0,"ix":19,"mn":"ADBE Vector Group","hd":false},{"ty":"gr","it":[{"ind":0,"ty":"sh","ix":1,"ks":{"a":0,"k":{"i":[[0,0],[0,0],[0,3.525],[1.833,0.395],[0,0],[0,2.171],[3.44,0],[0,0],[0,0],[0,0],[0,-1.635],[2.171,0],[0,0],[0,0],[0,0],[0,-2.087],[1.635,0],[0,0]],"o":[[0,0],[4.117,0],[0,-2.256],[0,0],[1.523,-0.62],[0,-3.299],[0,0],[0,0],[0,0],[1.128,0],[0,1.523],[0,0],[0,0],[0,0],[1.607,0],[0,1.438],[0,0],[0,0]],"v":[[368.664,0],[372.668,0],[379.295,-5.752],[376.024,-10.49],[376.024,-10.574],[378.618,-14.691],[372.555,-19.739],[368.664,-19.739],[368.664,-16.299],[371.991,-16.299],[374.444,-14.325],[371.399,-11.928],[368.664,-11.928],[368.664,-8.713],[371.991,-8.713],[375.149,-6.034],[372.245,-3.497],[368.664,-3.497]],"c":true},"ix":2},"nm":"в","mn":"ADBE Vector Shape - Group","hd":false},{"ind":1,"ty":"sh","ix":2,"ks":{"a":0,"k":{"i":[[0,0],[0,0],[0,0],[0,0]],"o":[[0,0],[0,0],[0,0],[0,0]],"v":[[367.818,-19.739],[363.701,-19.739],[363.701,0],[367.818,0]],"c":true},"ix":2},"nm":"в","mn":"ADBE Vector Shape - Group","hd":false},{"ty":"mm","mm":1,"nm":"Merge Paths 1","mn":"ADBE Vector Filter - Merge","hd":false},{"ty":"fl","c":{"a":0,"k":[1,1,1,1],"ix":4},"o":{"a":0,"k":100,"ix":5},"r":1,"bm":0,"nm":"Fill 1","mn":"ADBE Vector Graphic - Fill","hd":false},{"ty":"tr","p":{"a":0,"k":[0,0],"ix":2},"a":{"a":0,"k":[0,0],"ix":1},"s":{"a":0,"k":[100,100],"ix":3},"r":{"a":0,"k":0,"ix":6},"o":{"a":0,"k":100,"ix":7},"sk":{"a":0,"k":0,"ix":4},"sa":{"a":0,"k":0,"ix":5},"nm":"Transform"}],"nm":"в","np":5,"cix":2,"bm":0,"ix":20,"mn":"ADBE Vector Group","hd":false},{"ty":"gr","it":[{"ind":0,"ty":"sh","ix":1,"ks":{"a":0,"k":{"i":[[0,0],[0,0],[0,0],[0,0],[0,0],[0,0]],"o":[[0,0],[0,0],[0,0],[0,0],[0,0],[0,0]],"v":[[395.477,-19.739],[388.089,-19.739],[388.089,0],[392.206,0],[392.206,-16.073],[395.477,-16.073]],"c":true},"ix":2},"nm":"п","mn":"ADBE Vector Shape - Group","hd":false},{"ind":1,"ty":"sh","ix":2,"ks":{"a":0,"k":{"i":[[0,0],[0,0],[0,0],[0,0],[0,0],[0,0]],"o":[[0,0],[0,0],[0,0],[0,0],[0,0],[0,0]],"v":[[396.351,-16.073],[399.622,-16.073],[399.622,0],[403.739,0],[403.739,-19.739],[396.351,-19.739]],"c":true},"ix":2},"nm":"п","mn":"ADBE Vector Shape - Group","hd":false},{"ty":"mm","mm":1,"nm":"Merge Paths 1","mn":"ADBE Vector Filter - Merge","hd":false},{"ty":"fl","c":{"a":0,"k":[1,1,1,1],"ix":4},"o":{"a":0,"k":100,"ix":5},"r":1,"bm":0,"nm":"Fill 1","mn":"ADBE Vector Graphic - Fill","hd":false},{"ty":"tr","p":{"a":0,"k":[0,0],"ix":2},"a":{"a":0,"k":[0,0],"ix":1},"s":{"a":0,"k":[100,100],"ix":3},"r":{"a":0,"k":0,"ix":6},"o":{"a":0,"k":100,"ix":7},"sk":{"a":0,"k":0,"ix":4},"sa":{"a":0,"k":0,"ix":5},"nm":"Transform"}],"nm":"п","np":5,"cix":2,"bm":0,"ix":21,"mn":"ADBE Vector Group","hd":false},{"ty":"gr","it":[{"ind":0,"ty":"sh","ix":1,"ks":{"a":0,"k":{"i":[[0,0],[0,-4.794],[2.312,-0.197],[0,0],[0,7.162],[3.75,0.169]],"o":[[2.03,0.197],[0,4.427],[0,0],[4.343,-0.169],[0,-7.811],[0,0]],"v":[[415.955,-16.44],[420.636,-9.869],[415.955,-3.299],[415.955,0.508],[424.922,-9.869],[415.955,-20.246]],"c":true},"ix":2},"nm":"о","mn":"ADBE Vector Shape - Group","hd":false},{"ind":1,"ty":"sh","ix":2,"ks":{"a":0,"k":{"i":[[0,0],[0,-7.614],[-4.455,-0.197],[0,0],[0,4.314],[-2.115,0.197]],"o":[[-3.92,0.169],[0,6.965],[0,0],[-2.369,-0.226],[0,-4.709],[0,0]],"v":[[415.109,-20.246],[406.142,-9.869],[415.109,0.508],[415.109,-3.299],[410.428,-9.869],[415.109,-16.44]],"c":true},"ix":2},"nm":"о","mn":"ADBE Vector Shape - Group","hd":false},{"ty":"mm","mm":1,"nm":"Merge Paths 1","mn":"ADBE Vector Filter - Merge","hd":false},{"ty":"fl","c":{"a":0,"k":[1,1,1,1],"ix":4},"o":{"a":0,"k":100,"ix":5},"r":1,"bm":0,"nm":"Fill 1","mn":"ADBE Vector Graphic - Fill","hd":false},{"ty":"tr","p":{"a":0,"k":[0,0],"ix":2},"a":{"a":0,"k":[0,0],"ix":1},"s":{"a":0,"k":[100,100],"ix":3},"r":{"a":0,"k":0,"ix":6},"o":{"a":0,"k":100,"ix":7},"sk":{"a":0,"k":0,"ix":4},"sa":{"a":0,"k":0,"ix":5},"nm":"Transform"}],"nm":"о","np":5,"cix":2,"bm":0,"ix":22,"mn":"ADBE Vector Group","hd":false},{"ty":"gr","it":[{"ind":0,"ty":"sh","ix":1,"ks":{"a":0,"k":{"i":[[0,0],[0,0],[0,3.666],[0,0],[0,0],[0,0],[0,0],[0,0],[3.017,-0.395],[0,0],[0,0],[0,0],[0,0]],"o":[[0,0],[0.705,-1.889],[0,0],[0,0],[0,0],[0,0],[0,0],[0,6.034],[0,0],[0,0],[0,0],[0,0],[0,0]],"v":[[435.244,-3.666],[431.917,-3.666],[432.875,-11.928],[432.875,-16.073],[435.244,-16.073],[435.244,-19.739],[428.759,-19.739],[428.759,-12.379],[425.629,-3.666],[425.629,4.794],[429.745,4.794],[429.745,0],[435.244,0]],"c":true},"ix":2},"nm":"д","mn":"ADBE Vector Shape - Group","hd":false},{"ind":1,"ty":"sh","ix":2,"ks":{"a":0,"k":{"i":[[0,0],[0,0],[0,0],[0,0],[0,0],[0,0],[0,0],[0,0],[0,0],[0,0],[0,0],[0,0]],"o":[[0,0],[0,0],[0,0],[0,0],[0,0],[0,0],[0,0],[0,0],[0,0],[0,0],[0,0],[0,0]],"v":[[436.09,0],[441.279,0],[441.279,4.794],[445.396,4.794],[445.396,-3.666],[442.688,-3.666],[442.688,-19.739],[436.09,-19.739],[436.09,-16.073],[438.6,-16.073],[438.6,-3.666],[436.09,-3.666]],"c":true},"ix":2},"nm":"д","mn":"ADBE Vector Shape - Group","hd":false},{"ty":"mm","mm":1,"nm":"Merge Paths 1","mn":"ADBE Vector Filter - Merge","hd":false},{"ty":"fl","c":{"a":0,"k":[1,1,1,1],"ix":4},"o":{"a":0,"k":100,"ix":5},"r":1,"bm":0,"nm":"Fill 1","mn":"ADBE Vector Graphic - Fill","hd":false},{"ty":"tr","p":{"a":0,"k":[0,0],"ix":2},"a":{"a":0,"k":[0,0],"ix":1},"s":{"a":0,"k":[100,100],"ix":3},"r":{"a":0,"k":0,"ix":6},"o":{"a":0,"k":100,"ix":7},"sk":{"a":0,"k":0,"ix":4},"sa":{"a":0,"k":0,"ix":5},"nm":"Transform"}],"nm":"д","np":5,"cix":2,"bm":0,"ix":23,"mn":"ADBE Vector Group","hd":false},{"ty":"gr","it":[{"ind":0,"ty":"sh","ix":1,"ks":{"a":0,"k":{"i":[[0,0],[0,0],[0,0],[0,0],[0,0],[0,0],[0,0],[0,0]],"o":[[0,0],[0,0],[0,0],[0,0],[0,0],[0,0],[0,0],[0,0]],"v":[[452.801,-18.442],[446.654,0],[450.715,0],[451.673,-2.989],[458.244,-2.989],[457.088,-6.26],[452.745,-6.26],[454.775,-12.802]],"c":true},"ix":2},"nm":"а","mn":"ADBE Vector Shape - Group","hd":false},{"ind":1,"ty":"sh","ix":2,"ks":{"a":0,"k":{"i":[[0,0],[0,0],[0,0],[0,0]],"o":[[0,0],[0,0],[0,0],[0,0]],"v":[[453.224,-19.739],[460.189,0],[464.475,0],[457.51,-19.739]],"c":true},"ix":2},"nm":"а","mn":"ADBE Vector Shape - Group","hd":false},{"ty":"mm","mm":1,"nm":"Merge Paths 1","mn":"ADBE Vector Filter - Merge","hd":false},{"ty":"fl","c":{"a":0,"k":[1,1,1,1],"ix":4},"o":{"a":0,"k":100,"ix":5},"r":1,"bm":0,"nm":"Fill 1","mn":"ADBE Vector Graphic - Fill","hd":false},{"ty":"tr","p":{"a":0,"k":[0,0],"ix":2},"a":{"a":0,"k":[0,0],"ix":1},"s":{"a":0,"k":[100,100],"ix":3},"r":{"a":0,"k":0,"ix":6},"o":{"a":0,"k":100,"ix":7},"sk":{"a":0,"k":0,"ix":4},"sa":{"a":0,"k":0,"ix":5},"nm":"Transform"}],"nm":"а","np":5,"cix":2,"bm":0,"ix":24,"mn":"ADBE Vector Group","hd":false},{"ty":"gr","it":[{"ind":0,"ty":"sh","ix":1,"ks":{"a":0,"k":{"i":[[0,0],[0,0],[0,0],[0,0]],"o":[[0,0],[0,0],[0,0],[0,0]],"v":[[470.437,-19.739],[466.32,-19.739],[466.32,0],[470.437,0]],"c":true},"ix":2},"nm":"р","mn":"ADBE Vector Shape - Group","hd":false},{"ind":1,"ty":"sh","ix":2,"ks":{"a":0,"k":{"i":[[0,0],[0,0],[0,3.835],[5.188,0],[0,0],[0,0],[0,0],[0,-1.946],[1.692,0],[0,0]],"o":[[0,0],[4.822,0],[0,-3.271],[0,0],[0,0],[0,0],[2.058,0],[0,2.566],[0,0],[0,0]],"v":[[471.283,-6.542],[474.074,-6.542],[481.068,-13.31],[473.933,-19.739],[471.283,-19.739],[471.283,-16.327],[473.623,-16.327],[476.951,-13.31],[473.623,-9.954],[471.283,-9.954]],"c":true},"ix":2},"nm":"р","mn":"ADBE Vector Shape - Group","hd":false},{"ty":"mm","mm":1,"nm":"Merge Paths 1","mn":"ADBE Vector Filter - Merge","hd":false},{"ty":"fl","c":{"a":0,"k":[1,1,1,1],"ix":4},"o":{"a":0,"k":100,"ix":5},"r":1,"bm":0,"nm":"Fill 1","mn":"ADBE Vector Graphic - Fill","hd":false},{"ty":"tr","p":{"a":0,"k":[0,0],"ix":2},"a":{"a":0,"k":[0,0],"ix":1},"s":{"a":0,"k":[100,100],"ix":3},"r":{"a":0,"k":0,"ix":6},"o":{"a":0,"k":100,"ix":7},"sk":{"a":0,"k":0,"ix":4},"sa":{"a":0,"k":0,"ix":5},"nm":"Transform"}],"nm":"р","np":5,"cix":2,"bm":0,"ix":25,"mn":"ADBE Vector Group","hd":false},{"ty":"gr","it":[{"ind":0,"ty":"sh","ix":1,"ks":{"a":0,"k":{"i":[[0,0],[0,-4.794],[2.312,-0.197],[0,0],[0,7.162],[3.75,0.169]],"o":[[2.03,0.197],[0,4.427],[0,0],[4.343,-0.169],[0,-7.811],[0,0]],"v":[[492.451,-16.44],[497.132,-9.869],[492.451,-3.299],[492.451,0.508],[501.418,-9.869],[492.451,-20.246]],"c":true},"ix":2},"nm":"о","mn":"ADBE Vector Shape - Group","hd":false},{"ind":1,"ty":"sh","ix":2,"ks":{"a":0,"k":{"i":[[0,0],[0,-7.614],[-4.455,-0.197],[0,0],[0,4.314],[-2.115,0.197]],"o":[[-3.92,0.169],[0,6.965],[0,0],[-2.369,-0.226],[0,-4.709],[0,0]],"v":[[491.605,-20.246],[482.638,-9.869],[491.605,0.508],[491.605,-3.299],[486.924,-9.869],[491.605,-16.44]],"c":true},"ix":2},"nm":"о","mn":"ADBE Vector Shape - Group","hd":false},{"ty":"mm","mm":1,"nm":"Merge Paths 1","mn":"ADBE Vector Filter - Merge","hd":false},{"ty":"fl","c":{"a":0,"k":[1,1,1,1],"ix":4},"o":{"a":0,"k":100,"ix":5},"r":1,"bm":0,"nm":"Fill 1","mn":"ADBE Vector Graphic - Fill","hd":false},{"ty":"tr","p":{"a":0,"k":[0,0],"ix":2},"a":{"a":0,"k":[0,0],"ix":1},"s":{"a":0,"k":[100,100],"ix":3},"r":{"a":0,"k":0,"ix":6},"o":{"a":0,"k":100,"ix":7},"sk":{"a":0,"k":0,"ix":4},"sa":{"a":0,"k":0,"ix":5},"nm":"Transform"}],"nm":"о","np":5,"cix":2,"bm":0,"ix":26,"mn":"ADBE Vector Group","hd":false},{"ty":"gr","it":[{"ind":0,"ty":"sh","ix":1,"ks":{"a":0,"k":{"i":[[0,0],[0,0],[0,0],[0,0],[0,0],[0,0],[0,0]],"o":[[0,0],[0,0],[0,0],[0,0],[0,0],[0,0],[0,0]],"v":[[519.095,-19.739],[514.583,-19.739],[508.774,-12.407],[508.774,-8.657],[514.922,0],[519.603,0],[512.017,-10.828]],"c":true},"ix":2},"nm":"к","mn":"ADBE Vector Shape - Group","hd":false},{"ind":1,"ty":"sh","ix":2,"ks":{"a":0,"k":{"i":[[0,0],[0,0],[0,0],[0,0]],"o":[[0,0],[0,0],[0,0],[0,0]],"v":[[507.929,-19.739],[503.812,-19.739],[503.812,0],[507.929,0]],"c":true},"ix":2},"nm":"к","mn":"ADBE Vector Shape - Group","hd":false},{"ty":"mm","mm":1,"nm":"Merge Paths 1","mn":"ADBE Vector Filter - Merge","hd":false},{"ty":"fl","c":{"a":0,"k":[1,1,1,1],"ix":4},"o":{"a":0,"k":100,"ix":5},"r":1,"bm":0,"nm":"Fill 1","mn":"ADBE Vector Graphic - Fill","hd":false},{"ty":"tr","p":{"a":0,"k":[0,0],"ix":2},"a":{"a":0,"k":[0,0],"ix":1},"s":{"a":0,"k":[100,100],"ix":3},"r":{"a":0,"k":0,"ix":6},"o":{"a":0,"k":100,"ix":7},"sk":{"a":0,"k":0,"ix":4},"sa":{"a":0,"k":0,"ix":5},"nm":"Transform"}],"nm":"к","np":5,"cix":2,"bm":0,"ix":27,"mn":"ADBE Vector Group","hd":false}],"ip":0,"op":459,"st":-41,"bm":0},{"ddd":0,"ind":3,"ty":4,"nm":"Подключайтесь к Tele2! Outlines","sr":1,"ks":{"o":{"a":1,"k":[{"i":{"x":[0],"y":[1]},"o":{"x":[0.333],"y":[0]},"t":5,"s":[0]},{"t":25,"s":[100]}],"ix":11},"r":{"a":0,"k":0,"ix":10},"p":{"a":1,"k":[{"i":{"x":0,"y":1},"o":{"x":0.333,"y":0},"t":5,"s":[70.983,77.875,0],"to":[-10,0,0],"ti":[10,0,0]},{"t":25,"s":[10.983,77.875,0]}],"ix":2},"a":{"a":0,"k":[0,0,0],"ix":1},"s":{"a":0,"k":[100,100,100],"ix":6}},"ao":0,"shapes":[{"ty":"gr","it":[{"ind":0,"ty":"sh","ix":1,"ks":{"a":0,"k":{"i":[[0,0],[0,0],[0,0],[0,0],[0,0],[0,0],[0,0],[0,0],[0,0],[0,0],[0,0],[0,0],[0,0],[0,0],[0,0],[0,0],[0,0],[0,0]],"o":[[0,0],[0,0],[0,0],[0,0],[0,0],[0,0],[0,0],[0,0],[0,0],[0,0],[0,0],[0,0],[0,0],[0,0],[0,0],[0,0],[0,0],[0,0]],"v":[[9.089,-3.046],[6.873,-3.046],[6.873,-15.534],[12.11,-15.534],[12.11,0],[18.002,0],[18.002,-3.046],[15.811,-3.046],[15.811,-15.836],[18.002,-15.836],[18.002,-18.883],[0.982,-18.883],[0.982,-15.836],[3.172,-15.836],[3.172,-3.046],[0.982,-3.046],[0.982,0],[9.089,0]],"c":true},"ix":2},"nm":"П","mn":"ADBE Vector Shape - Group","hd":false},{"ty":"fl","c":{"a":0,"k":[1,1,1,1],"ix":4},"o":{"a":0,"k":100,"ix":5},"r":1,"bm":0,"nm":"Fill 1","mn":"ADBE Vector Graphic - Fill","hd":false},{"ty":"tr","p":{"a":0,"k":[0,0],"ix":2},"a":{"a":0,"k":[0,0],"ix":1},"s":{"a":0,"k":[100,100],"ix":3},"r":{"a":0,"k":0,"ix":6},"o":{"a":0,"k":100,"ix":7},"sk":{"a":0,"k":0,"ix":4},"sa":{"a":0,"k":0,"ix":5},"nm":"Transform"}],"nm":"П","np":3,"cix":2,"bm":0,"ix":1,"mn":"ADBE Vector Group","hd":false},{"ty":"gr","it":[{"ind":0,"ty":"sh","ix":1,"ks":{"a":0,"k":{"i":[[-3.474,0],[0,4.205],[3.449,0],[0,-4.205]],"o":[[3.5,0],[0,-4.205],[-3.474,0],[0,4.205]],"v":[[25.824,0.252],[32.018,-6.37],[25.824,-13.042],[19.656,-6.345]],"c":true},"ix":2},"nm":"о","mn":"ADBE Vector Shape - Group","hd":false},{"ind":1,"ty":"sh","ix":2,"ks":{"a":0,"k":{"i":[[1.41,0],[0,2.442],[-1.385,0],[0,-2.493]],"o":[[-1.385,0],[0,-2.518],[1.385,0],[0,2.467]],"v":[[25.824,-2.971],[23.357,-6.345],[25.824,-9.819],[28.342,-6.37]],"c":true},"ix":2},"nm":"о","mn":"ADBE Vector Shape - Group","hd":false},{"ty":"mm","mm":1,"nm":"Merge Paths 1","mn":"ADBE Vector Filter - Merge","hd":false},{"ty":"fl","c":{"a":0,"k":[1,1,1,1],"ix":4},"o":{"a":0,"k":100,"ix":5},"r":1,"bm":0,"nm":"Fill 1","mn":"ADBE Vector Graphic - Fill","hd":false},{"ty":"tr","p":{"a":0,"k":[0,0],"ix":2},"a":{"a":0,"k":[0,0],"ix":1},"s":{"a":0,"k":[100,100],"ix":3},"r":{"a":0,"k":0,"ix":6},"o":{"a":0,"k":100,"ix":7},"sk":{"a":0,"k":0,"ix":4},"sa":{"a":0,"k":0,"ix":5},"nm":"Transform"}],"nm":"о","np":5,"cix":2,"bm":0,"ix":2,"mn":"ADBE Vector Group","hd":false},{"ty":"gr","it":[{"ind":0,"ty":"sh","ix":1,"ks":{"a":0,"k":{"i":[[0,0],[-0.025,1.662],[0,0],[0,0]],"o":[[1.083,-1.536],[0,0],[0,0],[0,0]],"v":[[37.433,-2.921],[38.868,-9.844],[41.36,-9.844],[41.36,-2.921]],"c":true},"ix":2},"nm":"д","mn":"ADBE Vector Shape - Group","hd":false},{"ind":1,"ty":"sh","ix":2,"ks":{"a":0,"k":{"i":[[0,0],[0,0],[0,0],[0,0],[0,0],[0,0],[0,0],[0,0],[0,0],[0,0],[0,0],[0,0],[1.183,-1.208],[0,0],[0,0],[0,0]],"o":[[0,0],[0,0],[0,0],[0,0],[0,0],[0,0],[0,0],[0,0],[0,0],[0,0],[0,0],[-0.201,3.248],[0,0],[0,0],[0,0],[0,0]],"v":[[36.35,0],[43.375,0],[43.626,3.323],[46.824,3.323],[46.824,-2.921],[44.936,-2.921],[44.936,-9.945],[46.748,-9.945],[46.748,-12.79],[34.135,-12.79],[34.135,-9.945],[35.872,-9.945],[33.984,-2.921],[32.901,-2.921],[32.901,3.323],[36.098,3.323]],"c":true},"ix":2},"nm":"д","mn":"ADBE Vector Shape - Group","hd":false},{"ty":"mm","mm":1,"nm":"Merge Paths 1","mn":"ADBE Vector Filter - Merge","hd":false},{"ty":"fl","c":{"a":0,"k":[1,1,1,1],"ix":4},"o":{"a":0,"k":100,"ix":5},"r":1,"bm":0,"nm":"Fill 1","mn":"ADBE Vector Graphic - Fill","hd":false},{"ty":"tr","p":{"a":0,"k":[0,0],"ix":2},"a":{"a":0,"k":[0,0],"ix":1},"s":{"a":0,"k":[100,100],"ix":3},"r":{"a":0,"k":0,"ix":6},"o":{"a":0,"k":100,"ix":7},"sk":{"a":0,"k":0,"ix":4},"sa":{"a":0,"k":0,"ix":5},"nm":"Transform"}],"nm":"д","np":5,"cix":2,"bm":0,"ix":3,"mn":"ADBE Vector Group","hd":false},{"ty":"gr","it":[{"ind":0,"ty":"sh","ix":1,"ks":{"a":0,"k":{"i":[[0,0],[0,0],[0,0],[0,0],[0,0],[0,0],[0,0],[0,0],[0,0],[0,0],[0,0],[0,0],[0,0],[0,0],[0,0],[0,0],[0,0],[0,0],[0,0],[0,0],[0,0],[0,0],[0,0],[0,0],[0,0]],"o":[[0,0],[0,0],[0,0],[0,0],[0,0],[0,0],[0,0],[0,0],[0,0],[0,0],[0,0],[0,0],[0,0],[0,0],[0,0],[0,0],[0,0],[0,0],[0,0],[0,0],[0,0],[0,0],[0,0],[0,0],[0,0]],"v":[[55.153,-2.82],[53.768,-2.82],[53.768,-4.96],[54.7,-5.136],[58.224,0],[61.926,0],[61.926,-2.82],[60.616,-2.82],[57.645,-7.05],[60.037,-9.945],[61.598,-9.945],[61.598,-12.79],[55.43,-12.79],[55.43,-9.945],[56.412,-9.945],[54.675,-7.805],[53.768,-7.629],[53.768,-12.79],[48.405,-12.79],[48.405,-9.945],[50.218,-9.945],[50.218,-2.82],[48.405,-2.82],[48.405,0],[55.153,0]],"c":true},"ix":2},"nm":"к","mn":"ADBE Vector Shape - Group","hd":false},{"ty":"fl","c":{"a":0,"k":[1,1,1,1],"ix":4},"o":{"a":0,"k":100,"ix":5},"r":1,"bm":0,"nm":"Fill 1","mn":"ADBE Vector Graphic - Fill","hd":false},{"ty":"tr","p":{"a":0,"k":[0,0],"ix":2},"a":{"a":0,"k":[0,0],"ix":1},"s":{"a":0,"k":[100,100],"ix":3},"r":{"a":0,"k":0,"ix":6},"o":{"a":0,"k":100,"ix":7},"sk":{"a":0,"k":0,"ix":4},"sa":{"a":0,"k":0,"ix":5},"nm":"Transform"}],"nm":"к","np":3,"cix":2,"bm":0,"ix":4,"mn":"ADBE Vector Group","hd":false},{"ty":"gr","it":[{"ind":0,"ty":"sh","ix":1,"ks":{"a":0,"k":{"i":[[-0.076,5.589],[0,0],[0,0],[0,0],[0,0],[0,0],[0,0],[0,0],[0,0],[0,0],[0,0],[0,0],[1.511,0],[0,0],[0,0],[-0.755,0]],"o":[[0,0],[0,0],[0,0],[0,0],[0,0],[0,0],[0,0],[0,0],[0,0],[0,0],[0,0],[-0.151,4.884],[-0.302,0],[0,0],[0,0],[3.953,0]],"v":[[68.443,-9.668],[70.558,-9.668],[70.558,0],[75.921,0],[75.921,-2.82],[74.108,-2.82],[74.108,-9.945],[75.921,-9.945],[75.921,-12.79],[63.609,-12.79],[63.609,-9.945],[65.372,-9.945],[63.156,-3.097],[62.552,-3.172],[62.552,0.076],[63.786,0.227]],"c":true},"ix":2},"nm":"л","mn":"ADBE Vector Shape - Group","hd":false},{"ty":"fl","c":{"a":0,"k":[1,1,1,1],"ix":4},"o":{"a":0,"k":100,"ix":5},"r":1,"bm":0,"nm":"Fill 1","mn":"ADBE Vector Graphic - Fill","hd":false},{"ty":"tr","p":{"a":0,"k":[0,0],"ix":2},"a":{"a":0,"k":[0,0],"ix":1},"s":{"a":0,"k":[100,100],"ix":3},"r":{"a":0,"k":0,"ix":6},"o":{"a":0,"k":100,"ix":7},"sk":{"a":0,"k":0,"ix":4},"sa":{"a":0,"k":0,"ix":5},"nm":"Transform"}],"nm":"л","np":3,"cix":2,"bm":0,"ix":5,"mn":"ADBE Vector Group","hd":false},{"ty":"gr","it":[{"ind":0,"ty":"sh","ix":1,"ks":{"a":0,"k":{"i":[[-3.046,0],[0,4.205],[3.323,0],[0.604,-3.172],[0,0],[0,0],[0,0],[0,0],[0,0],[0,0],[0,0],[0,0],[0,0],[0,0],[0,0],[0,0],[0,0]],"o":[[3.374,0],[0,-4.205],[-2.921,0],[0,0],[0,0],[0,0],[0,0],[0,0],[0,0],[0,0],[0,0],[0,0],[0,0],[0,0],[0,0],[0,0],[0.453,3.424]],"v":[[90.194,0.252],[96.186,-6.37],[90.194,-13.042],[84.353,-8.031],[82.893,-8.031],[82.893,-12.79],[77.53,-12.79],[77.53,-9.945],[79.343,-9.945],[79.343,-2.82],[77.53,-2.82],[77.53,0],[84.076,0],[84.076,-2.82],[82.893,-2.82],[82.893,-5.111],[84.277,-5.111]],"c":true},"ix":2},"nm":"ю","mn":"ADBE Vector Shape - Group","hd":false},{"ind":1,"ty":"sh","ix":2,"ks":{"a":0,"k":{"i":[[1.284,0],[0,2.442],[-1.309,0],[0,-2.493]],"o":[[-1.309,0],[0,-2.518],[1.259,0],[0,2.467]],"v":[[90.194,-2.971],[87.903,-6.345],[90.194,-9.819],[92.51,-6.37]],"c":true},"ix":2},"nm":"ю","mn":"ADBE Vector Shape - Group","hd":false},{"ty":"mm","mm":1,"nm":"Merge Paths 1","mn":"ADBE Vector Filter - Merge","hd":false},{"ty":"fl","c":{"a":0,"k":[1,1,1,1],"ix":4},"o":{"a":0,"k":100,"ix":5},"r":1,"bm":0,"nm":"Fill 1","mn":"ADBE Vector Graphic - Fill","hd":false},{"ty":"tr","p":{"a":0,"k":[0,0],"ix":2},"a":{"a":0,"k":[0,0],"ix":1},"s":{"a":0,"k":[100,100],"ix":3},"r":{"a":0,"k":0,"ix":6},"o":{"a":0,"k":100,"ix":7},"sk":{"a":0,"k":0,"ix":4},"sa":{"a":0,"k":0,"ix":5},"nm":"Transform"}],"nm":"ю","np":5,"cix":2,"bm":0,"ix":6,"mn":"ADBE Vector Group","hd":false},{"ty":"gr","it":[{"ind":0,"ty":"sh","ix":1,"ks":{"a":0,"k":{"i":[[0,0],[0,0],[0,0],[0,0],[0,0],[0,0],[0,0],[0,0],[0,0],[0,0],[0.529,0],[0,1.334],[0,0],[0,0],[0,0],[0,0],[0,0],[-3.072,0],[-0.529,0.227],[0,0],[0,0],[0,0]],"o":[[0,0],[0,0],[0,0],[0,0],[0,0],[0,0],[0,0],[0,0],[0,0],[-0.478,0.227],[-1.108,0],[0,0],[0,0],[0,0],[0,0],[0,0],[0,3.097],[0.957,0],[0,0],[0,0],[0,0],[0,0]],"v":[[110.801,0],[110.801,-2.82],[108.988,-2.82],[108.988,-9.945],[110.801,-9.945],[110.801,-12.79],[103.776,-12.79],[103.776,-9.945],[105.413,-9.945],[105.413,-7.981],[103.852,-7.629],[102.215,-9.492],[102.215,-12.79],[96.827,-12.79],[96.827,-9.945],[98.64,-9.945],[98.64,-9.366],[103.172,-4.683],[105.413,-5.111],[105.413,-2.82],[103.348,-2.82],[103.348,0]],"c":true},"ix":2},"nm":"ч","mn":"ADBE Vector Shape - Group","hd":false},{"ty":"fl","c":{"a":0,"k":[1,1,1,1],"ix":4},"o":{"a":0,"k":100,"ix":5},"r":1,"bm":0,"nm":"Fill 1","mn":"ADBE Vector Graphic - Fill","hd":false},{"ty":"tr","p":{"a":0,"k":[0,0],"ix":2},"a":{"a":0,"k":[0,0],"ix":1},"s":{"a":0,"k":[100,100],"ix":3},"r":{"a":0,"k":0,"ix":6},"o":{"a":0,"k":100,"ix":7},"sk":{"a":0,"k":0,"ix":4},"sa":{"a":0,"k":0,"ix":5},"nm":"Transform"}],"nm":"ч","np":3,"cix":2,"bm":0,"ix":7,"mn":"ADBE Vector Group","hd":false},{"ty":"gr","it":[{"ind":0,"ty":"sh","ix":1,"ks":{"a":0,"k":{"i":[[1.183,0],[0,0.629],[-2.618,0],[0,0]],"o":[[-0.856,0],[0,-1.108],[0,0],[0,1.611]],"v":[[117.541,-2.895],[116.207,-3.978],[119.706,-5.64],[119.706,-5.287]],"c":true},"ix":2},"nm":"а","mn":"ADBE Vector Shape - Group","hd":false},{"ind":1,"ty":"sh","ix":2,"ks":{"a":0,"k":{"i":[[-0.705,1.208],[0,0],[0,0],[0,0],[0,0],[0,0],[0,0],[3.827,0],[1.208,-0.655],[0,0],[-1.284,0],[0,-1.083],[0,0],[0,-3.072],[-2.291,0]],"o":[[0,0],[0,0],[0,0],[0,0],[0,0],[0,0],[0,-3.122],[-1.561,0],[0,0],[1.234,-0.755],[1.712,0],[0,0],[-4.935,0],[0,2.14],[1.964,0]],"v":[[119.681,-1.989],[119.832,-1.989],[119.832,0],[125.094,0],[125.094,-2.82],[123.281,-2.82],[123.281,-8.208],[117.743,-13.042],[113.437,-12.085],[113.437,-8.837],[117.289,-9.92],[119.706,-8.258],[119.706,-7.956],[112.531,-3.374],[116.182,0.252]],"c":true},"ix":2},"nm":"а","mn":"ADBE Vector Shape - Group","hd":false},{"ty":"mm","mm":1,"nm":"Merge Paths 1","mn":"ADBE Vector Filter - Merge","hd":false},{"ty":"fl","c":{"a":0,"k":[1,1,1,1],"ix":4},"o":{"a":0,"k":100,"ix":5},"r":1,"bm":0,"nm":"Fill 1","mn":"ADBE Vector Graphic - Fill","hd":false},{"ty":"tr","p":{"a":0,"k":[0,0],"ix":2},"a":{"a":0,"k":[0,0],"ix":1},"s":{"a":0,"k":[100,100],"ix":3},"r":{"a":0,"k":0,"ix":6},"o":{"a":0,"k":100,"ix":7},"sk":{"a":0,"k":0,"ix":4},"sa":{"a":0,"k":0,"ix":5},"nm":"Transform"}],"nm":"а","np":5,"cix":2,"bm":0,"ix":8,"mn":"ADBE Vector Group","hd":false},{"ty":"gr","it":[{"ind":0,"ty":"sh","ix":1,"ks":{"a":0,"k":{"i":[[0,0],[0,0],[0,0],[0,0],[0,0],[0,0],[0,0],[0,0],[0,0],[0,0],[0,0],[0,0],[0,0],[0,0],[0,0],[0,0],[0,0],[0,0],[0,0],[0,0],[0,0],[0,0],[0,0],[0,0]],"o":[[0,0],[0,0],[0,0],[0,0],[0,0],[0,0],[0,0],[0,0],[0,0],[0,0],[0,0],[0,0],[0,0],[0,0],[0,0],[0,0],[0,0],[0,0],[0,0],[0,0],[0,0],[0,0],[0,0],[0,0]],"v":[[126.33,0],[131.39,0],[135.721,-7.503],[135.897,-7.503],[135.897,-2.82],[134.311,-2.82],[134.311,0],[141.109,0],[141.109,-2.82],[139.296,-2.82],[139.296,-9.945],[141.109,-9.945],[141.109,-12.79],[136.023,-12.79],[131.693,-5.262],[131.541,-5.262],[131.541,-9.945],[133.128,-9.945],[133.128,-12.79],[126.33,-12.79],[126.33,-9.945],[128.143,-9.945],[128.143,-2.82],[126.33,-2.82]],"c":true},"ix":2},"nm":"й","mn":"ADBE Vector Shape - Group","hd":false},{"ind":1,"ty":"sh","ix":2,"ks":{"a":0,"k":{"i":[[-2.19,0],[0,3.122],[0,0],[0.957,0],[0,0.932],[0,0]],"o":[[2.165,0],[0,0],[0,0.932],[-1.007,0],[0,0],[0,3.097]],"v":[[133.707,-13.873],[138.087,-17.926],[135.016,-17.926],[133.707,-16.415],[132.397,-17.926],[129.326,-17.926]],"c":true},"ix":2},"nm":"й","mn":"ADBE Vector Shape - Group","hd":false},{"ty":"mm","mm":1,"nm":"Merge Paths 1","mn":"ADBE Vector Filter - Merge","hd":false},{"ty":"fl","c":{"a":0,"k":[1,1,1,1],"ix":4},"o":{"a":0,"k":100,"ix":5},"r":1,"bm":0,"nm":"Fill 1","mn":"ADBE Vector Graphic - Fill","hd":false},{"ty":"tr","p":{"a":0,"k":[0,0],"ix":2},"a":{"a":0,"k":[0,0],"ix":1},"s":{"a":0,"k":[100,100],"ix":3},"r":{"a":0,"k":0,"ix":6},"o":{"a":0,"k":100,"ix":7},"sk":{"a":0,"k":0,"ix":4},"sa":{"a":0,"k":0,"ix":5},"nm":"Transform"}],"nm":"й","np":5,"cix":2,"bm":0,"ix":9,"mn":"ADBE Vector Group","hd":false},{"ty":"gr","it":[{"ind":0,"ty":"sh","ix":1,"ks":{"a":0,"k":{"i":[[0,0],[0,0],[0,0],[0,0],[0,0],[0,0],[0,0],[0,0],[0,0],[0,0],[0,0],[0,0],[0,0],[0,0],[0,0],[0,0]],"o":[[0,0],[0,0],[0,0],[0,0],[0,0],[0,0],[0,0],[0,0],[0,0],[0,0],[0,0],[0,0],[0,0],[0,0],[0,0],[0,0]],"v":[[152.524,0],[152.524,-2.82],[150.434,-2.82],[150.434,-9.869],[152.045,-9.869],[152.045,-7.478],[154.966,-7.478],[154.966,-12.79],[142.352,-12.79],[142.352,-7.478],[145.273,-7.478],[145.273,-9.869],[146.884,-9.869],[146.884,-2.82],[144.794,-2.82],[144.794,0]],"c":true},"ix":2},"nm":"т","mn":"ADBE Vector Shape - Group","hd":false},{"ty":"fl","c":{"a":0,"k":[1,1,1,1],"ix":4},"o":{"a":0,"k":100,"ix":5},"r":1,"bm":0,"nm":"Fill 1","mn":"ADBE Vector Graphic - Fill","hd":false},{"ty":"tr","p":{"a":0,"k":[0,0],"ix":2},"a":{"a":0,"k":[0,0],"ix":1},"s":{"a":0,"k":[100,100],"ix":3},"r":{"a":0,"k":0,"ix":6},"o":{"a":0,"k":100,"ix":7},"sk":{"a":0,"k":0,"ix":4},"sa":{"a":0,"k":0,"ix":5},"nm":"Transform"}],"nm":"т","np":3,"cix":2,"bm":0,"ix":10,"mn":"ADBE Vector Group","hd":false},{"ty":"gr","it":[{"ind":0,"ty":"sh","ix":1,"ks":{"a":0,"k":{"i":[[-4.179,0],[-0.856,0.579],[0,0],[1.133,0],[0.076,1.637],[0,0],[0,1.007],[3.172,0],[0,-4.154]],"o":[[1.712,0],[0,0],[-1.057,0.68],[-2.115,0],[0,0],[0.126,-0.352],[0,-3.5],[-3.6,0],[0,4.431]],"v":[[162.775,0.252],[166.879,-0.705],[166.879,-3.802],[163.304,-2.87],[160.132,-5.514],[167.131,-5.514],[167.408,-7.78],[162.045,-13.042],[156.179,-6.345]],"c":true},"ix":2},"nm":"е","mn":"ADBE Vector Shape - Group","hd":false},{"ind":1,"ty":"sh","ix":2,"ks":{"a":0,"k":{"i":[[0,0],[-1.259,0],[-0.05,-1.385]],"o":[[0.126,-1.334],[1.234,0],[0,0]],"v":[[160.006,-8.006],[161.97,-10.197],[163.833,-8.006]],"c":true},"ix":2},"nm":"е","mn":"ADBE Vector Shape - Group","hd":false},{"ty":"mm","mm":1,"nm":"Merge Paths 1","mn":"ADBE Vector Filter - Merge","hd":false},{"ty":"fl","c":{"a":0,"k":[1,1,1,1],"ix":4},"o":{"a":0,"k":100,"ix":5},"r":1,"bm":0,"nm":"Fill 1","mn":"ADBE Vector Graphic - Fill","hd":false},{"ty":"tr","p":{"a":0,"k":[0,0],"ix":2},"a":{"a":0,"k":[0,0],"ix":1},"s":{"a":0,"k":[100,100],"ix":3},"r":{"a":0,"k":0,"ix":6},"o":{"a":0,"k":100,"ix":7},"sk":{"a":0,"k":0,"ix":4},"sa":{"a":0,"k":0,"ix":5},"nm":"Transform"}],"nm":"е","np":5,"cix":2,"bm":0,"ix":11,"mn":"ADBE Vector Group","hd":false},{"ty":"gr","it":[{"ind":0,"ty":"sh","ix":1,"ks":{"a":0,"k":{"i":[[-0.68,0.504],[0,0],[1.032,0],[0,2.392],[-1.813,0],[-0.176,-0.025],[0,0],[0,0],[0,0],[0,0],[1.511,0],[0,-4.154],[-4.205,0]],"o":[[0,0],[-0.881,0.73],[-1.939,0],[0,-2.216],[0.176,0],[0,0],[0,0],[0,0],[0,0],[-0.806,-0.378],[-3.902,0],[0,4.104],[1.561,0]],"v":[[179,-0.579],[179,-3.953],[175.802,-2.971],[172.63,-6.42],[175.55,-9.844],[176.079,-9.819],[176.079,-7.654],[179,-7.654],[179,-12.312],[178.949,-12.312],[175.374,-13.042],[168.929,-6.345],[175.45,0.252]],"c":true},"ix":2},"nm":"с","mn":"ADBE Vector Shape - Group","hd":false},{"ty":"fl","c":{"a":0,"k":[1,1,1,1],"ix":4},"o":{"a":0,"k":100,"ix":5},"r":1,"bm":0,"nm":"Fill 1","mn":"ADBE Vector Graphic - Fill","hd":false},{"ty":"tr","p":{"a":0,"k":[0,0],"ix":2},"a":{"a":0,"k":[0,0],"ix":1},"s":{"a":0,"k":[100,100],"ix":3},"r":{"a":0,"k":0,"ix":6},"o":{"a":0,"k":100,"ix":7},"sk":{"a":0,"k":0,"ix":4},"sa":{"a":0,"k":0,"ix":5},"nm":"Transform"}],"nm":"с","np":3,"cix":2,"bm":0,"ix":12,"mn":"ADBE Vector Group","hd":false},{"ty":"gr","it":[{"ind":0,"ty":"sh","ix":1,"ks":{"a":0,"k":{"i":[[0,0],[0,0],[0,2.392],[3.827,0],[0,0],[0,0],[0,0],[0,0],[0,0],[0,0],[0,0],[0,0],[0,0]],"o":[[0,0],[3.827,0],[0,-2.316],[0,0],[0,0],[0,0],[0,0],[0,0],[0,0],[0,0],[0,0],[0,0],[0,0]],"v":[[180.854,0],[187.4,0],[192.889,-4.255],[187.4,-8.308],[186.217,-8.308],[186.217,-9.945],[188.055,-9.945],[188.055,-12.79],[180.854,-12.79],[180.854,-9.945],[182.667,-9.945],[182.667,-2.82],[180.854,-2.82]],"c":true},"ix":2},"nm":"ь","mn":"ADBE Vector Shape - Group","hd":false},{"ind":1,"ty":"sh","ix":2,"ks":{"a":0,"k":{"i":[[0,0],[0,0],[0,0],[0,-0.806],[1.334,0]],"o":[[0,0],[0,0],[1.334,0],[0,0.806],[0,0]],"v":[[186.217,-2.769],[186.217,-5.539],[187.325,-5.539],[189.188,-4.154],[187.325,-2.769]],"c":true},"ix":2},"nm":"ь","mn":"ADBE Vector Shape - Group","hd":false},{"ty":"mm","mm":1,"nm":"Merge Paths 1","mn":"ADBE Vector Filter - Merge","hd":false},{"ty":"fl","c":{"a":0,"k":[1,1,1,1],"ix":4},"o":{"a":0,"k":100,"ix":5},"r":1,"bm":0,"nm":"Fill 1","mn":"ADBE Vector Graphic - Fill","hd":false},{"ty":"tr","p":{"a":0,"k":[0,0],"ix":2},"a":{"a":0,"k":[0,0],"ix":1},"s":{"a":0,"k":[100,100],"ix":3},"r":{"a":0,"k":0,"ix":6},"o":{"a":0,"k":100,"ix":7},"sk":{"a":0,"k":0,"ix":4},"sa":{"a":0,"k":0,"ix":5},"nm":"Transform"}],"nm":"ь","np":5,"cix":2,"bm":0,"ix":13,"mn":"ADBE Vector Group","hd":false},{"ty":"gr","it":[{"ind":0,"ty":"sh","ix":1,"ks":{"a":0,"k":{"i":[[0,0],[0,0],[0,0],[0,0],[0,0],[0,0],[0,0],[0,0],[0,0],[0,0],[0,0],[0,0],[0,0],[0,0],[0,0],[0,0],[0,0],[0,0],[0,0],[0,0],[0,0],[0,0],[0,0],[0,0],[0,0]],"o":[[0,0],[0,0],[0,0],[0,0],[0,0],[0,0],[0,0],[0,0],[0,0],[0,0],[0,0],[0,0],[0,0],[0,0],[0,0],[0,0],[0,0],[0,0],[0,0],[0,0],[0,0],[0,0],[0,0],[0,0],[0,0]],"v":[[207.801,-2.82],[206.416,-2.82],[206.416,-4.96],[207.348,-5.136],[210.873,0],[214.574,0],[214.574,-2.82],[213.264,-2.82],[210.294,-7.05],[212.685,-9.945],[214.246,-9.945],[214.246,-12.79],[208.078,-12.79],[208.078,-9.945],[209.06,-9.945],[207.323,-7.805],[206.416,-7.629],[206.416,-12.79],[201.054,-12.79],[201.054,-9.945],[202.866,-9.945],[202.866,-2.82],[201.054,-2.82],[201.054,0],[207.801,0]],"c":true},"ix":2},"nm":"к","mn":"ADBE Vector Shape - Group","hd":false},{"ty":"fl","c":{"a":0,"k":[1,1,1,1],"ix":4},"o":{"a":0,"k":100,"ix":5},"r":1,"bm":0,"nm":"Fill 1","mn":"ADBE Vector Graphic - Fill","hd":false},{"ty":"tr","p":{"a":0,"k":[0,0],"ix":2},"a":{"a":0,"k":[0,0],"ix":1},"s":{"a":0,"k":[100,100],"ix":3},"r":{"a":0,"k":0,"ix":6},"o":{"a":0,"k":100,"ix":7},"sk":{"a":0,"k":0,"ix":4},"sa":{"a":0,"k":0,"ix":5},"nm":"Transform"}],"nm":"к","np":3,"cix":2,"bm":0,"ix":14,"mn":"ADBE Vector Group","hd":false},{"ty":"gr","it":[{"ind":0,"ty":"sh","ix":1,"ks":{"a":0,"k":{"i":[[0,0],[0,0],[0,0],[0,0],[0,0],[0,0],[0,0],[0,0],[0,0],[0,0],[0,0],[0,0],[0,0],[0,0],[0,0],[0,0]],"o":[[0,0],[0,0],[0,0],[0,0],[0,0],[0,0],[0,0],[0,0],[0,0],[0,0],[0,0],[0,0],[0,0],[0,0],[0,0],[0,0]],"v":[[234.059,0],[234.059,-3.046],[231.591,-3.046],[231.591,-15.534],[234.159,-15.534],[234.159,-13.142],[237.256,-13.142],[237.256,-18.883],[222.251,-18.883],[222.251,-13.142],[225.348,-13.142],[225.348,-15.534],[227.916,-15.534],[227.916,-3.046],[225.448,-3.046],[225.448,0]],"c":true},"ix":2},"nm":"T","mn":"ADBE Vector Shape - Group","hd":false},{"ty":"fl","c":{"a":0,"k":[1,1,1,1],"ix":4},"o":{"a":0,"k":100,"ix":5},"r":1,"bm":0,"nm":"Fill 1","mn":"ADBE Vector Graphic - Fill","hd":false},{"ty":"tr","p":{"a":0,"k":[0,0],"ix":2},"a":{"a":0,"k":[0,0],"ix":1},"s":{"a":0,"k":[100,100],"ix":3},"r":{"a":0,"k":0,"ix":6},"o":{"a":0,"k":100,"ix":7},"sk":{"a":0,"k":0,"ix":4},"sa":{"a":0,"k":0,"ix":5},"nm":"Transform"}],"nm":"T","np":3,"cix":2,"bm":0,"ix":15,"mn":"ADBE Vector Group","hd":false},{"ty":"gr","it":[{"ind":0,"ty":"sh","ix":1,"ks":{"a":0,"k":{"i":[[-4.179,0],[-0.856,0.579],[0,0],[1.133,0],[0.076,1.637],[0,0],[0,1.007],[3.172,0],[0,-4.154]],"o":[[1.712,0],[0,0],[-1.057,0.68],[-2.115,0],[0,0],[0.126,-0.352],[0,-3.5],[-3.6,0],[0,4.431]],"v":[[244.174,0.252],[248.278,-0.705],[248.278,-3.802],[244.703,-2.87],[241.531,-5.514],[248.53,-5.514],[248.807,-7.78],[243.444,-13.042],[237.578,-6.345]],"c":true},"ix":2},"nm":"e","mn":"ADBE Vector Shape - Group","hd":false},{"ind":1,"ty":"sh","ix":2,"ks":{"a":0,"k":{"i":[[0,0],[-1.259,0],[-0.05,-1.385]],"o":[[0.126,-1.334],[1.234,0],[0,0]],"v":[[241.405,-8.006],[243.369,-10.197],[245.232,-8.006]],"c":true},"ix":2},"nm":"e","mn":"ADBE Vector Shape - Group","hd":false},{"ty":"mm","mm":1,"nm":"Merge Paths 1","mn":"ADBE Vector Filter - Merge","hd":false},{"ty":"fl","c":{"a":0,"k":[1,1,1,1],"ix":4},"o":{"a":0,"k":100,"ix":5},"r":1,"bm":0,"nm":"Fill 1","mn":"ADBE Vector Graphic - Fill","hd":false},{"ty":"tr","p":{"a":0,"k":[0,0],"ix":2},"a":{"a":0,"k":[0,0],"ix":1},"s":{"a":0,"k":[100,100],"ix":3},"r":{"a":0,"k":0,"ix":6},"o":{"a":0,"k":100,"ix":7},"sk":{"a":0,"k":0,"ix":4},"sa":{"a":0,"k":0,"ix":5},"nm":"Transform"}],"nm":"e","np":5,"cix":2,"bm":0,"ix":16,"mn":"ADBE Vector Group","hd":false},{"ty":"gr","it":[{"ind":0,"ty":"sh","ix":1,"ks":{"a":0,"k":{"i":[[0,0],[0,0],[0,0],[0,0],[0,0],[0,0],[0,0],[0,0]],"o":[[0,0],[0,0],[0,0],[0,0],[0,0],[0,0],[0,0],[0,0]],"v":[[251.058,0],[256.421,0],[256.421,-2.82],[254.608,-2.82],[254.608,-18.883],[249.22,-18.883],[249.22,-16.063],[251.058,-16.063]],"c":true},"ix":2},"nm":"l","mn":"ADBE Vector Shape - Group","hd":false},{"ty":"fl","c":{"a":0,"k":[1,1,1,1],"ix":4},"o":{"a":0,"k":100,"ix":5},"r":1,"bm":0,"nm":"Fill 1","mn":"ADBE Vector Graphic - Fill","hd":false},{"ty":"tr","p":{"a":0,"k":[0,0],"ix":2},"a":{"a":0,"k":[0,0],"ix":1},"s":{"a":0,"k":[100,100],"ix":3},"r":{"a":0,"k":0,"ix":6},"o":{"a":0,"k":100,"ix":7},"sk":{"a":0,"k":0,"ix":4},"sa":{"a":0,"k":0,"ix":5},"nm":"Transform"}],"nm":"l","np":3,"cix":2,"bm":0,"ix":17,"mn":"ADBE Vector Group","hd":false},{"ty":"gr","it":[{"ind":0,"ty":"sh","ix":1,"ks":{"a":0,"k":{"i":[[-4.179,0],[-0.856,0.579],[0,0],[1.133,0],[0.076,1.637],[0,0],[0,1.007],[3.172,0],[0,-4.154]],"o":[[1.712,0],[0,0],[-1.057,0.68],[-2.115,0],[0,0],[0.126,-0.352],[0,-3.5],[-3.6,0],[0,4.431]],"v":[[264.324,0.252],[268.428,-0.705],[268.428,-3.802],[264.853,-2.87],[261.681,-5.514],[268.68,-5.514],[268.957,-7.78],[263.594,-13.042],[257.728,-6.345]],"c":true},"ix":2},"nm":"e","mn":"ADBE Vector Shape - Group","hd":false},{"ind":1,"ty":"sh","ix":2,"ks":{"a":0,"k":{"i":[[0,0],[-1.259,0],[-0.05,-1.385]],"o":[[0.126,-1.334],[1.234,0],[0,0]],"v":[[261.555,-8.006],[263.519,-10.197],[265.382,-8.006]],"c":true},"ix":2},"nm":"e","mn":"ADBE Vector Shape - Group","hd":false},{"ty":"mm","mm":1,"nm":"Merge Paths 1","mn":"ADBE Vector Filter - Merge","hd":false},{"ty":"fl","c":{"a":0,"k":[1,1,1,1],"ix":4},"o":{"a":0,"k":100,"ix":5},"r":1,"bm":0,"nm":"Fill 1","mn":"ADBE Vector Graphic - Fill","hd":false},{"ty":"tr","p":{"a":0,"k":[0,0],"ix":2},"a":{"a":0,"k":[0,0],"ix":1},"s":{"a":0,"k":[100,100],"ix":3},"r":{"a":0,"k":0,"ix":6},"o":{"a":0,"k":100,"ix":7},"sk":{"a":0,"k":0,"ix":4},"sa":{"a":0,"k":0,"ix":5},"nm":"Transform"}],"nm":"e","np":5,"cix":2,"bm":0,"ix":18,"mn":"ADBE Vector Group","hd":false},{"ty":"gr","it":[{"ind":0,"ty":"sh","ix":1,"ks":{"a":0,"k":{"i":[[0,0],[0,0],[0,0],[-0.856,0.932],[0,2.87],[3.525,0],[1.208,-0.831],[0,0],[0,0],[0,0],[-0.554,0],[0,-1.385],[1.536,-1.813],[0,0],[0,0]],"o":[[0,0],[0,0],[0.982,-1.133],[2.165,-2.442],[0,-3.223],[-2.165,0],[0,0],[0,0],[0,0],[0.504,-0.252],[1.712,0],[0,1.662],[-1.309,1.46],[0,0],[0,0]],"v":[[282.286,0],[282.286,-3.248],[274.959,-3.248],[277.98,-6.672],[281.606,-14.024],[276.168,-19.336],[270.805,-18.027],[270.805,-13.293],[273.902,-13.293],[273.902,-15.736],[275.488,-16.088],[277.804,-13.671],[275.412,-8.736],[270.553,-3.172],[270.553,0]],"c":true},"ix":2},"nm":"2","mn":"ADBE Vector Shape - Group","hd":false},{"ty":"fl","c":{"a":0,"k":[1,1,1,1],"ix":4},"o":{"a":0,"k":100,"ix":5},"r":1,"bm":0,"nm":"Fill 1","mn":"ADBE Vector Graphic - Fill","hd":false},{"ty":"tr","p":{"a":0,"k":[0,0],"ix":2},"a":{"a":0,"k":[0,0],"ix":1},"s":{"a":0,"k":[100,100],"ix":3},"r":{"a":0,"k":0,"ix":6},"o":{"a":0,"k":100,"ix":7},"sk":{"a":0,"k":0,"ix":4},"sa":{"a":0,"k":0,"ix":5},"nm":"Transform"}],"nm":"2","np":3,"cix":2,"bm":0,"ix":19,"mn":"ADBE Vector Group","hd":false},{"ty":"gr","it":[{"ind":0,"ty":"sh","ix":1,"ks":{"a":0,"k":{"i":[[0,0],[0,0],[0,0],[0,0]],"o":[[0,0],[0,0],[0,0],[0,0]],"v":[[285.314,-6.319],[288.083,-6.319],[288.813,-18.883],[284.609,-18.883]],"c":true},"ix":2},"nm":"!","mn":"ADBE Vector Shape - Group","hd":false},{"ind":1,"ty":"sh","ix":2,"ks":{"a":0,"k":{"i":[[-1.234,0],[0,1.208],[1.158,0],[0,-1.208]],"o":[[1.158,0],[0,-1.208],[-1.234,0],[0,1.208]],"v":[[286.749,0.352],[288.939,-1.838],[286.749,-4.028],[284.584,-1.838]],"c":true},"ix":2},"nm":"!","mn":"ADBE Vector Shape - Group","hd":false},{"ty":"mm","mm":1,"nm":"Merge Paths 1","mn":"ADBE Vector Filter - Merge","hd":false},{"ty":"fl","c":{"a":0,"k":[1,1,1,1],"ix":4},"o":{"a":0,"k":100,"ix":5},"r":1,"bm":0,"nm":"Fill 1","mn":"ADBE Vector Graphic - Fill","hd":false},{"ty":"tr","p":{"a":0,"k":[0,0],"ix":2},"a":{"a":0,"k":[0,0],"ix":1},"s":{"a":0,"k":[100,100],"ix":3},"r":{"a":0,"k":0,"ix":6},"o":{"a":0,"k":100,"ix":7},"sk":{"a":0,"k":0,"ix":4},"sa":{"a":0,"k":0,"ix":5},"nm":"Transform"}],"nm":"!","np":5,"cix":2,"bm":0,"ix":20,"mn":"ADBE Vector Group","hd":false}],"ip":5,"op":464,"st":-36,"bm":0}]},{"id":"comp_4","layers":[{"ddd":0,"ind":1,"ty":0,"nm":"tele2_logo_white","refId":"comp_5","sr":1,"ks":{"o":{"a":0,"k":100,"ix":11},"r":{"a":0,"k":0,"ix":10},"p":{"a":0,"k":[198.5,110.5,0],"ix":2},"a":{"a":0,"k":[198.5,110.5,0],"ix":1},"s":{"a":0,"k":[100,100,100],"ix":6}},"ao":0,"w":397,"h":221,"ip":0,"op":500,"st":0,"bm":0}]},{"id":"comp_5","layers":[{"ddd":0,"ind":2,"ty":2,"nm":"logo","refId":"image_21","sr":1,"ks":{"o":{"a":0,"k":100,"ix":11},"r":{"a":0,"k":0,"ix":10},"p":{"a":0,"k":[198.425,109.567,0],"ix":2},"a":{"a":0,"k":[141.982,54.226,0],"ix":1},"s":{"a":0,"k":[100,100,100],"ix":6}},"ao":0,"ip":0,"op":500,"st":0,"bm":0}]}],"layers":[{"ddd":0,"ind":1,"ty":4,"nm":"Подробнее Outlines","sr":1,"ks":{"o":{"a":0,"k":100,"ix":11},"r":{"a":0,"k":0,"ix":10},"p":{"a":0,"k":[413.763,63.485,0],"ix":2},"a":{"a":0,"k":[0.091,-4.622,0],"ix":1},"s":{"a":0,"k":[100,100,100],"ix":6}},"ao":0,"shapes":[{"ty":"gr","it":[{"ind":0,"ty":"sh","ix":1,"ks":{"a":0,"k":{"i":[[0,0],[0,0],[0,0],[0,0],[0,0],[0,0]],"o":[[0,0],[0,0],[0,0],[0,0],[0,0],[0,0]],"v":[[-42.291,-11.279],[-46.513,-11.279],[-46.513,0],[-44.16,0],[-44.16,-9.185],[-42.291,-9.185]],"c":true},"ix":2},"nm":"П","mn":"ADBE Vector Shape - Group","hd":false},{"ind":1,"ty":"sh","ix":2,"ks":{"a":0,"k":{"i":[[0,0],[0,0],[0,0],[0,0],[0,0],[0,0]],"o":[[0,0],[0,0],[0,0],[0,0],[0,0],[0,0]],"v":[[-41.792,-9.185],[-39.923,-9.185],[-39.923,0],[-37.57,0],[-37.57,-11.279],[-41.792,-11.279]],"c":true},"ix":2},"nm":"П","mn":"ADBE Vector Shape - Group","hd":false},{"ty":"mm","mm":1,"nm":"Merge Paths 1","mn":"ADBE Vector Filter - Merge","hd":false},{"ty":"fl","c":{"a":0,"k":[0,0,0,1],"ix":4},"o":{"a":0,"k":100,"ix":5},"r":1,"bm":0,"nm":"Fill 1","mn":"ADBE Vector Graphic - Fill","hd":false},{"ty":"tr","p":{"a":0,"k":[0,0],"ix":2},"a":{"a":0,"k":[0,0],"ix":1},"s":{"a":0,"k":[100,100],"ix":3},"r":{"a":0,"k":0,"ix":6},"o":{"a":0,"k":100,"ix":7},"sk":{"a":0,"k":0,"ix":4},"sa":{"a":0,"k":0,"ix":5},"nm":"Transform"}],"nm":"П","np":5,"cix":2,"bm":0,"ix":1,"mn":"ADBE Vector Group","hd":false},{"ty":"gr","it":[{"ind":0,"ty":"sh","ix":1,"ks":{"a":0,"k":{"i":[[0,0],[0,-2.739],[1.321,-0.113],[0,0],[0,4.093],[2.143,0.097]],"o":[[1.16,0.113],[0,2.53],[0,0],[2.481,-0.097],[0,-4.463],[0,0]],"v":[[-30.589,-9.394],[-27.914,-5.64],[-30.589,-1.885],[-30.589,0.29],[-25.465,-5.64],[-30.589,-11.569]],"c":true},"ix":2},"nm":"о","mn":"ADBE Vector Shape - Group","hd":false},{"ind":1,"ty":"sh","ix":2,"ks":{"a":0,"k":{"i":[[0,0],[0,-4.351],[-2.546,-0.113],[0,0],[0,2.465],[-1.208,0.113]],"o":[[-2.24,0.097],[0,3.98],[0,0],[-1.354,-0.129],[0,-2.691],[0,0]],"v":[[-31.073,-11.569],[-36.197,-5.64],[-31.073,0.29],[-31.073,-1.885],[-33.747,-5.64],[-31.073,-9.394]],"c":true},"ix":2},"nm":"о","mn":"ADBE Vector Shape - Group","hd":false},{"ty":"mm","mm":1,"nm":"Merge Paths 1","mn":"ADBE Vector Filter - Merge","hd":false},{"ty":"fl","c":{"a":0,"k":[0,0,0,1],"ix":4},"o":{"a":0,"k":100,"ix":5},"r":1,"bm":0,"nm":"Fill 1","mn":"ADBE Vector Graphic - Fill","hd":false},{"ty":"tr","p":{"a":0,"k":[0,0],"ix":2},"a":{"a":0,"k":[0,0],"ix":1},"s":{"a":0,"k":[100,100],"ix":3},"r":{"a":0,"k":0,"ix":6},"o":{"a":0,"k":100,"ix":7},"sk":{"a":0,"k":0,"ix":4},"sa":{"a":0,"k":0,"ix":5},"nm":"Transform"}],"nm":"о","np":5,"cix":2,"bm":0,"ix":2,"mn":"ADBE Vector Group","hd":false},{"ty":"gr","it":[{"ind":0,"ty":"sh","ix":1,"ks":{"a":0,"k":{"i":[[0,0],[0,0],[0,2.095],[0,0],[0,0],[0,0],[0,0],[0,0],[1.724,-0.226],[0,0],[0,0],[0,0],[0,0]],"o":[[0,0],[0.403,-1.08],[0,0],[0,0],[0,0],[0,0],[0,0],[0,3.448],[0,0],[0,0],[0,0],[0,0],[0,0]],"v":[[-19.567,-2.095],[-21.468,-2.095],[-20.92,-6.816],[-20.92,-9.185],[-19.567,-9.185],[-19.567,-11.279],[-23.273,-11.279],[-23.273,-7.074],[-25.062,-2.095],[-25.062,2.739],[-22.709,2.739],[-22.709,0],[-19.567,0]],"c":true},"ix":2},"nm":"д","mn":"ADBE Vector Shape - Group","hd":false},{"ind":1,"ty":"sh","ix":2,"ks":{"a":0,"k":{"i":[[0,0],[0,0],[0,0],[0,0],[0,0],[0,0],[0,0],[0,0],[0,0],[0,0],[0,0],[0,0]],"o":[[0,0],[0,0],[0,0],[0,0],[0,0],[0,0],[0,0],[0,0],[0,0],[0,0],[0,0],[0,0]],"v":[[-19.083,0],[-16.119,0],[-16.119,2.739],[-13.766,2.739],[-13.766,-2.095],[-15.313,-2.095],[-15.313,-11.279],[-19.083,-11.279],[-19.083,-9.185],[-17.649,-9.185],[-17.649,-2.095],[-19.083,-2.095]],"c":true},"ix":2},"nm":"д","mn":"ADBE Vector Shape - Group","hd":false},{"ty":"mm","mm":1,"nm":"Merge Paths 1","mn":"ADBE Vector Filter - Merge","hd":false},{"ty":"fl","c":{"a":0,"k":[0,0,0,1],"ix":4},"o":{"a":0,"k":100,"ix":5},"r":1,"bm":0,"nm":"Fill 1","mn":"ADBE Vector Graphic - Fill","hd":false},{"ty":"tr","p":{"a":0,"k":[0,0],"ix":2},"a":{"a":0,"k":[0,0],"ix":1},"s":{"a":0,"k":[100,100],"ix":3},"r":{"a":0,"k":0,"ix":6},"o":{"a":0,"k":100,"ix":7},"sk":{"a":0,"k":0,"ix":4},"sa":{"a":0,"k":0,"ix":5},"nm":"Transform"}],"nm":"д","np":5,"cix":2,"bm":0,"ix":3,"mn":"ADBE Vector Group","hd":false},{"ty":"gr","it":[{"ind":0,"ty":"sh","ix":1,"ks":{"a":0,"k":{"i":[[0,0],[0,0],[0,0],[0,0]],"o":[[0,0],[0,0],[0,0],[0,0]],"v":[[-10.208,-11.279],[-12.561,-11.279],[-12.561,0],[-10.208,0]],"c":true},"ix":2},"nm":"р","mn":"ADBE Vector Shape - Group","hd":false},{"ind":1,"ty":"sh","ix":2,"ks":{"a":0,"k":{"i":[[0,0],[0,0],[0,2.191],[2.965,0],[0,0],[0,0],[0,0],[0,-1.112],[0.967,0],[0,0]],"o":[[0,0],[2.755,0],[0,-1.869],[0,0],[0,0],[0,0],[1.176,0],[0,1.466],[0,0],[0,0]],"v":[[-9.725,-3.738],[-8.13,-3.738],[-4.134,-7.605],[-8.21,-11.279],[-9.725,-11.279],[-9.725,-9.33],[-8.388,-9.33],[-6.486,-7.605],[-8.388,-5.688],[-9.725,-5.688]],"c":true},"ix":2},"nm":"р","mn":"ADBE Vector Shape - Group","hd":false},{"ty":"mm","mm":1,"nm":"Merge Paths 1","mn":"ADBE Vector Filter - Merge","hd":false},{"ty":"fl","c":{"a":0,"k":[0,0,0,1],"ix":4},"o":{"a":0,"k":100,"ix":5},"r":1,"bm":0,"nm":"Fill 1","mn":"ADBE Vector Graphic - Fill","hd":false},{"ty":"tr","p":{"a":0,"k":[0,0],"ix":2},"a":{"a":0,"k":[0,0],"ix":1},"s":{"a":0,"k":[100,100],"ix":3},"r":{"a":0,"k":0,"ix":6},"o":{"a":0,"k":100,"ix":7},"sk":{"a":0,"k":0,"ix":4},"sa":{"a":0,"k":0,"ix":5},"nm":"Transform"}],"nm":"р","np":5,"cix":2,"bm":0,"ix":4,"mn":"ADBE Vector Group","hd":false},{"ty":"gr","it":[{"ind":0,"ty":"sh","ix":1,"ks":{"a":0,"k":{"i":[[0,0],[0,-2.739],[1.321,-0.113],[0,0],[0,4.093],[2.143,0.097]],"o":[[1.16,0.113],[0,2.53],[0,0],[2.481,-0.097],[0,-4.463],[0,0]],"v":[[2.371,-9.394],[5.046,-5.64],[2.371,-1.885],[2.371,0.29],[7.495,-5.64],[2.371,-11.569]],"c":true},"ix":2},"nm":"о","mn":"ADBE Vector Shape - Group","hd":false},{"ind":1,"ty":"sh","ix":2,"ks":{"a":0,"k":{"i":[[0,0],[0,-4.351],[-2.546,-0.113],[0,0],[0,2.465],[-1.208,0.113]],"o":[[-2.24,0.097],[0,3.98],[0,0],[-1.354,-0.129],[0,-2.691],[0,0]],"v":[[1.887,-11.569],[-3.237,-5.64],[1.887,0.29],[1.887,-1.885],[-0.787,-5.64],[1.887,-9.394]],"c":true},"ix":2},"nm":"о","mn":"ADBE Vector Shape - Group","hd":false},{"ty":"mm","mm":1,"nm":"Merge Paths 1","mn":"ADBE Vector Filter - Merge","hd":false},{"ty":"fl","c":{"a":0,"k":[0,0,0,1],"ix":4},"o":{"a":0,"k":100,"ix":5},"r":1,"bm":0,"nm":"Fill 1","mn":"ADBE Vector Graphic - Fill","hd":false},{"ty":"tr","p":{"a":0,"k":[0,0],"ix":2},"a":{"a":0,"k":[0,0],"ix":1},"s":{"a":0,"k":[100,100],"ix":3},"r":{"a":0,"k":0,"ix":6},"o":{"a":0,"k":100,"ix":7},"sk":{"a":0,"k":0,"ix":4},"sa":{"a":0,"k":0,"ix":5},"nm":"Transform"}],"nm":"о","np":5,"cix":2,"bm":0,"ix":5,"mn":"ADBE Vector Group","hd":false},{"ty":"gr","it":[{"ind":0,"ty":"sh","ix":1,"ks":{"a":0,"k":{"i":[[0,0],[0,0],[0,0],[0,0]],"o":[[0,0],[0,0],[0,0],[0,0]],"v":[[11.215,0],[11.215,-11.279],[8.863,-11.279],[8.863,0]],"c":true},"ix":2},"nm":"б","mn":"ADBE Vector Shape - Group","hd":false},{"ind":1,"ty":"sh","ix":2,"ks":{"a":0,"k":{"i":[[0,0],[0,0],[0,1.821],[2.755,0],[0,0],[0,0],[0,0],[0,-1.466],[1.176,0],[0,0]],"o":[[0,0],[2.965,0],[0,-2.159],[0,0],[0,0],[0,0],[0.967,0],[0,1.112],[0,0],[0,0]],"v":[[11.699,0],[13.375,0],[17.29,-3.819],[13.455,-7.428],[11.699,-7.428],[11.699,-5.527],[13.213,-5.527],[15.115,-3.819],[13.213,-2.095],[11.699,-2.095]],"c":true},"ix":2},"nm":"б","mn":"ADBE Vector Shape - Group","hd":false},{"ind":2,"ty":"sh","ix":3,"ks":{"a":0,"k":{"i":[[0,0],[0,0],[0,0],[0,0]],"o":[[0,0],[0,0],[0,0],[0,0]],"v":[[11.699,-11.279],[11.699,-9.185],[16.291,-9.185],[16.291,-11.279]],"c":true},"ix":2},"nm":"б","mn":"ADBE Vector Shape - Group","hd":false},{"ty":"mm","mm":1,"nm":"Merge Paths 1","mn":"ADBE Vector Filter - Merge","hd":false},{"ty":"fl","c":{"a":0,"k":[0,0,0,1],"ix":4},"o":{"a":0,"k":100,"ix":5},"r":1,"bm":0,"nm":"Fill 1","mn":"ADBE Vector Graphic - Fill","hd":false},{"ty":"tr","p":{"a":0,"k":[0,0],"ix":2},"a":{"a":0,"k":[0,0],"ix":1},"s":{"a":0,"k":[100,100],"ix":3},"r":{"a":0,"k":0,"ix":6},"o":{"a":0,"k":100,"ix":7},"sk":{"a":0,"k":0,"ix":4},"sa":{"a":0,"k":0,"ix":5},"nm":"Transform"}],"nm":"б","np":6,"cix":2,"bm":0,"ix":6,"mn":"ADBE Vector Group","hd":false},{"ty":"gr","it":[{"ind":0,"ty":"sh","ix":1,"ks":{"a":0,"k":{"i":[[0,0],[0,0],[0,0],[0,0],[0,0],[0,0],[0,0],[0,0]],"o":[[0,0],[0,0],[0,0],[0,0],[0,0],[0,0],[0,0],[0,0]],"v":[[22.973,-6.961],[21.023,-6.961],[21.023,-11.279],[18.671,-11.279],[18.671,0],[21.023,0],[21.023,-4.882],[22.973,-4.882]],"c":true},"ix":2},"nm":"н","mn":"ADBE Vector Shape - Group","hd":false},{"ind":1,"ty":"sh","ix":2,"ks":{"a":0,"k":{"i":[[0,0],[0,0],[0,0],[0,0],[0,0],[0,0],[0,0],[0,0]],"o":[[0,0],[0,0],[0,0],[0,0],[0,0],[0,0],[0,0],[0,0]],"v":[[23.456,-4.882],[25.422,-4.882],[25.422,0],[27.775,0],[27.775,-11.279],[25.422,-11.279],[25.422,-6.961],[23.456,-6.961]],"c":true},"ix":2},"nm":"н","mn":"ADBE Vector Shape - Group","hd":false},{"ty":"mm","mm":1,"nm":"Merge Paths 1","mn":"ADBE Vector Filter - Merge","hd":false},{"ty":"fl","c":{"a":0,"k":[0,0,0,1],"ix":4},"o":{"a":0,"k":100,"ix":5},"r":1,"bm":0,"nm":"Fill 1","mn":"ADBE Vector Graphic - Fill","hd":false},{"ty":"tr","p":{"a":0,"k":[0,0],"ix":2},"a":{"a":0,"k":[0,0],"ix":1},"s":{"a":0,"k":[100,100],"ix":3},"r":{"a":0,"k":0,"ix":6},"o":{"a":0,"k":100,"ix":7},"sk":{"a":0,"k":0,"ix":4},"sa":{"a":0,"k":0,"ix":5},"nm":"Transform"}],"nm":"н","np":5,"cix":2,"bm":0,"ix":7,"mn":"ADBE Vector Group","hd":false},{"ty":"gr","it":[{"ind":0,"ty":"sh","ix":1,"ks":{"a":0,"k":{"i":[[0,0],[0,0],[0,0],[0,0]],"o":[[0,0],[0,0],[0,0],[0,0]],"v":[[32.467,-9.185],[37.284,-9.185],[37.284,-11.279],[32.467,-11.279]],"c":true},"ix":2},"nm":"е","mn":"ADBE Vector Shape - Group","hd":false},{"ind":1,"ty":"sh","ix":2,"ks":{"a":0,"k":{"i":[[0,0],[0,0],[0,0],[0,0]],"o":[[0,0],[0,0],[0,0],[0,0]],"v":[[32.467,-4.721],[37.027,-4.721],[37.027,-6.768],[32.467,-6.768]],"c":true},"ix":2},"nm":"е","mn":"ADBE Vector Shape - Group","hd":false},{"ind":2,"ty":"sh","ix":3,"ks":{"a":0,"k":{"i":[[0,0],[0,0],[0,0],[0,0]],"o":[[0,0],[0,0],[0,0],[0,0]],"v":[[32.467,0],[37.494,0],[37.494,-2.095],[32.467,-2.095]],"c":true},"ix":2},"nm":"е","mn":"ADBE Vector Shape - Group","hd":false},{"ind":3,"ty":"sh","ix":4,"ks":{"a":0,"k":{"i":[[0,0],[0,0],[0,0],[0,0]],"o":[[0,0],[0,0],[0,0],[0,0]],"v":[[31.983,-11.279],[29.631,-11.279],[29.631,0],[31.983,0]],"c":true},"ix":2},"nm":"е","mn":"ADBE Vector Shape - Group","hd":false},{"ty":"mm","mm":1,"nm":"Merge Paths 1","mn":"ADBE Vector Filter - Merge","hd":false},{"ty":"fl","c":{"a":0,"k":[0,0,0,1],"ix":4},"o":{"a":0,"k":100,"ix":5},"r":1,"bm":0,"nm":"Fill 1","mn":"ADBE Vector Graphic - Fill","hd":false},{"ty":"tr","p":{"a":0,"k":[0,0],"ix":2},"a":{"a":0,"k":[0,0],"ix":1},"s":{"a":0,"k":[100,100],"ix":3},"r":{"a":0,"k":0,"ix":6},"o":{"a":0,"k":100,"ix":7},"sk":{"a":0,"k":0,"ix":4},"sa":{"a":0,"k":0,"ix":5},"nm":"Transform"}],"nm":"е","np":7,"cix":2,"bm":0,"ix":8,"mn":"ADBE Vector Group","hd":false},{"ty":"gr","it":[{"ind":0,"ty":"sh","ix":1,"ks":{"a":0,"k":{"i":[[0,0],[0,0],[0,0],[0,0]],"o":[[0,0],[0,0],[0,0],[0,0]],"v":[[41.875,-9.185],[46.692,-9.185],[46.692,-11.279],[41.875,-11.279]],"c":true},"ix":2},"nm":"е","mn":"ADBE Vector Shape - Group","hd":false},{"ind":1,"ty":"sh","ix":2,"ks":{"a":0,"k":{"i":[[0,0],[0,0],[0,0],[0,0]],"o":[[0,0],[0,0],[0,0],[0,0]],"v":[[41.875,-4.721],[46.435,-4.721],[46.435,-6.768],[41.875,-6.768]],"c":true},"ix":2},"nm":"е","mn":"ADBE Vector Shape - Group","hd":false},{"ind":2,"ty":"sh","ix":3,"ks":{"a":0,"k":{"i":[[0,0],[0,0],[0,0],[0,0]],"o":[[0,0],[0,0],[0,0],[0,0]],"v":[[41.875,0],[46.902,0],[46.902,-2.095],[41.875,-2.095]],"c":true},"ix":2},"nm":"е","mn":"ADBE Vector Shape - Group","hd":false},{"ind":3,"ty":"sh","ix":4,"ks":{"a":0,"k":{"i":[[0,0],[0,0],[0,0],[0,0]],"o":[[0,0],[0,0],[0,0],[0,0]],"v":[[41.391,-11.279],[39.039,-11.279],[39.039,0],[41.391,0]],"c":true},"ix":2},"nm":"е","mn":"ADBE Vector Shape - Group","hd":false},{"ty":"mm","mm":1,"nm":"Merge Paths 1","mn":"ADBE Vector Filter - Merge","hd":false},{"ty":"fl","c":{"a":0,"k":[0,0,0,1],"ix":4},"o":{"a":0,"k":100,"ix":5},"r":1,"bm":0,"nm":"Fill 1","mn":"ADBE Vector Graphic - Fill","hd":false},{"ty":"tr","p":{"a":0,"k":[0,0],"ix":2},"a":{"a":0,"k":[0,0],"ix":1},"s":{"a":0,"k":[100,100],"ix":3},"r":{"a":0,"k":0,"ix":6},"o":{"a":0,"k":100,"ix":7},"sk":{"a":0,"k":0,"ix":4},"sa":{"a":0,"k":0,"ix":5},"nm":"Transform"}],"nm":"е","np":7,"cix":2,"bm":0,"ix":9,"mn":"ADBE Vector Group","hd":false}],"ip":-86,"op":136,"st":-85,"bm":0},{"ddd":0,"ind":3,"ty":4,"nm":"Shape Layer 6","sr":1,"ks":{"o":{"a":0,"k":100,"ix":11},"r":{"a":0,"k":0,"ix":10},"p":{"a":0,"k":[324.014,62.515,0],"ix":2},"a":{"a":0,"k":[-113.977,84.117,0],"ix":1},"s":{"a":1,"k":[{"i":{"x":[0,0.667,0.667],"y":[1,1,1]},"o":{"x":[0.333,0.333,0.333],"y":[0,0,0]},"t":15,"s":[0,100,100]},{"i":{"x":[0.7,0.7,0.7],"y":[1,1,1]},"o":{"x":[0.216,0.216,0.216],"y":[0,0,0]},"t":25,"s":[124.983,86.658,100]},{"i":{"x":[0.667,0.667,0.667],"y":[1,1,1]},"o":{"x":[1,0.333,0.333],"y":[0,0,0]},"t":125,"s":[124.983,86.7,100]},{"t":135,"s":[0,100.651,100]}],"ix":6}},"ao":0,"shapes":[{"ty":"gr","it":[{"ty":"rc","d":1,"s":{"a":0,"k":[143.663,35.734],"ix":2},"p":{"a":0,"k":[0,0],"ix":3},"r":{"a":0,"k":0,"ix":4},"nm":"Rectangle Path 1","mn":"ADBE Vector Shape - Rect","hd":false},{"ty":"fl","c":{"a":0,"k":[1,0.349019607843,0.639215686275,1],"ix":4},"o":{"a":0,"k":100,"ix":5},"r":1,"bm":0,"nm":"Fill 1","mn":"ADBE Vector Graphic - Fill","hd":false},{"ty":"tr","p":{"a":0,"k":[-114.092,84.074],"ix":2},"a":{"a":0,"k":[-71.946,-0.043],"ix":1},"s":{"a":0,"k":[100.221,99.993],"ix":3},"r":{"a":0,"k":0,"ix":6},"o":{"a":0,"k":100,"ix":7},"sk":{"a":0,"k":0,"ix":4},"sa":{"a":0,"k":0,"ix":5},"nm":"Transform"}],"nm":"Rectangle 1","np":3,"cix":2,"bm":0,"ix":1,"mn":"ADBE Vector Group","hd":false}],"ip":-86,"op":415,"st":-85,"bm":0},{"ddd":0,"ind":4,"ty":2,"nm":"Logo Tele2 + Text.ai","cl":"ai","refId":"image_0","sr":1,"ks":{"o":{"a":1,"k":[{"i":{"x":[0],"y":[1]},"o":{"x":[0.333],"y":[0]},"t":160,"s":[0]},{"i":{"x":[0.667],"y":[1]},"o":{"x":[0.159],"y":[0]},"t":170,"s":[100]},{"i":{"x":[0.667],"y":[1]},"o":{"x":[1],"y":[0]},"t":214,"s":[100]},{"t":224,"s":[0]}],"ix":11},"r":{"a":0,"k":0,"ix":10},"p":{"a":1,"k":[{"i":{"x":0,"y":1},"o":{"x":0.333,"y":0},"t":160,"s":[364,35,0],"to":[0,1.667,0],"ti":[0,-1.667,0]},{"i":{"x":0.667,"y":0.667},"o":{"x":0.22,"y":0.22},"t":170,"s":[364,45,0],"to":[0,0,0],"ti":[0,0,0]},{"i":{"x":0.667,"y":1},"o":{"x":1,"y":0},"t":214,"s":[364,45,0],"to":[0,0,0],"ti":[0,0,0]},{"t":224,"s":[364,55,0]}],"ix":2},"a":{"a":0,"k":[127.5,85.5,0],"ix":1},"s":{"a":0,"k":[68.591,68.591,100],"ix":6}},"ao":0,"ip":0,"op":225,"st":27,"bm":0},{"ddd":0,"ind":5,"ty":0,"nm":"Drone-600px","refId":"comp_0","sr":1,"ks":{"o":{"a":0,"k":100,"ix":11},"r":{"a":1,"k":[{"i":{"x":[0.833],"y":[0.833]},"o":{"x":[0.167],"y":[0.167]},"t":120,"s":[0]},{"t":155,"s":[-11.611]}],"ix":10,"x":"var $bm_rt;\n$bm_rt = transform.rotation;"},"p":{"a":1,"k":[{"i":{"x":0.667,"y":1},"o":{"x":1,"y":0},"t":120,"s":[606,45.5,0],"to":[-284.833,-45.333,0],"ti":[133.5,10.167,0]},{"t":170,"s":[-195,-15.5,0]}],"ix":2},"a":{"a":0,"k":[600,500,0],"ix":1},"s":{"a":1,"k":[{"i":{"x":[0.667,0.667,0.667],"y":[1,1,1]},"o":{"x":[1,1,0.333],"y":[0,0,0]},"t":120,"s":[15.833,15.833,100]},{"t":170,"s":[50,50,100]}],"ix":6}},"ao":0,"w":1200,"h":1000,"ip":120,"op":236,"st":45,"bm":0},{"ddd":0,"ind":6,"ty":0,"nm":"Drone-600px","refId":"comp_0","sr":1,"ks":{"o":{"a":0,"k":100,"ix":11},"r":{"a":0,"k":0,"ix":10,"x":"var $bm_rt;\n$bm_rt = transform.rotation;"},"p":{"a":1,"k":[{"i":{"x":0.667,"y":1},"o":{"x":0.333,"y":0},"t":40,"s":[606,45.5,0],"to":[0,-0.833,0],"ti":[0,0.833,0]},{"t":60,"s":[606,40.5,0]}],"ix":2,"x":"var $bm_rt;\n$bm_rt = loopOut('pingpong');"},"a":{"a":0,"k":[600,500,0],"ix":1},"s":{"a":0,"k":[15.833,15.833,100],"ix":6}},"ao":0,"w":1200,"h":1000,"ip":40,"op":120,"st":0,"bm":0},{"ddd":0,"ind":7,"ty":0,"nm":"Drone-600px","refId":"comp_0","sr":1,"ks":{"o":{"a":0,"k":100,"ix":11},"r":{"a":1,"k":[{"i":{"x":[0.833],"y":[0.833]},"o":{"x":[0.167],"y":[0.167]},"t":0,"s":[10.637]},{"t":40,"s":[0]}],"ix":10},"p":{"a":1,"k":[{"i":{"x":0,"y":1},"o":{"x":0.333,"y":0},"t":0,"s":[740,-49.5,0],"to":[-51.833,2.333,0],"ti":[28.333,-53.833,0]},{"t":40,"s":[606,45.5,0]}],"ix":2},"a":{"a":0,"k":[600,500,0],"ix":1},"s":{"a":1,"k":[{"i":{"x":[0,0,0.667],"y":[1,1,1]},"o":{"x":[0.333,0.333,0.333],"y":[0,0,0]},"t":0,"s":[0,0,100]},{"t":40,"s":[15.833,15.833,100]}],"ix":6}},"ao":0,"w":1200,"h":1000,"ip":0,"op":40,"st":0,"bm":0},{"ddd":0,"ind":8,"ty":0,"nm":"Text","refId":"comp_3","sr":1,"ks":{"o":{"a":1,"k":[{"i":{"x":[0.667],"y":[1]},"o":{"x":[1],"y":[0]},"t":120,"s":[100]},{"t":130,"s":[0]}],"ix":11},"r":{"a":0,"k":0,"ix":10},"p":{"a":1,"k":[{"i":{"x":0.667,"y":1},"o":{"x":1,"y":0},"t":120,"s":[364,45,0],"to":[0,1.667,0],"ti":[0,-1.667,0]},{"t":130,"s":[364,55,0]}],"ix":2},"a":{"a":0,"k":[364,45,0],"ix":1},"s":{"a":0,"k":[100,100,100],"ix":6}},"ao":0,"w":728,"h":90,"ip":0,"op":191,"st":0,"bm":0},{"ddd":0,"ind":9,"ty":0,"nm":"60px Logo","refId":"comp_4","sr":1,"ks":{"o":{"a":1,"k":[{"i":{"x":[0.288],"y":[1]},"o":{"x":[0.333],"y":[0]},"t":10,"s":[0]},{"i":{"x":[0.667],"y":[1]},"o":{"x":[0.333],"y":[0]},"t":20,"s":[100]},{"i":{"x":[0.667],"y":[1]},"o":{"x":[1],"y":[0]},"t":120,"s":[100]},{"t":130,"s":[0]}],"ix":11},"r":{"a":0,"k":0,"ix":10},"p":{"a":1,"k":[{"i":{"x":0.288,"y":1},"o":{"x":0.333,"y":0},"t":10,"s":[686,56.75,0],"to":[0,1.667,0],"ti":[0,-1.667,0]},{"i":{"x":0.667,"y":0.667},"o":{"x":0.333,"y":0.333},"t":20,"s":[686,66.75,0],"to":[0,0,0],"ti":[0,0,0]},{"i":{"x":0.667,"y":1},"o":{"x":1,"y":0},"t":120,"s":[686,66.75,0],"to":[0,1.667,0],"ti":[0,-1.667,0]},{"t":130,"s":[686,76.75,0]}],"ix":2},"a":{"a":0,"k":[198.5,110.5,0],"ix":1},"s":{"a":0,"k":[21.159,21.159,100],"ix":6}},"ao":0,"w":397,"h":221,"ip":10,"op":209,"st":10,"bm":0},{"ddd":0,"ind":11,"ty":1,"nm":"Black Solid 2","sr":1,"ks":{"o":{"a":0,"k":100,"ix":11},"r":{"a":0,"k":0,"ix":10},"p":{"a":0,"k":[364,45,0],"ix":2},"a":{"a":0,"k":[364,45,0],"ix":1},"s":{"a":0,"k":[100,100,100],"ix":6}},"ao":0,"sw":728,"sh":90,"sc":"#000000","ip":0,"op":225,"st":-189,"bm":0}],"markers":[]}