{"v":"5.5.1","fr":25,"ip":0,"op":200,"w":300,"h":600,"nm":"tele2-2","ddd":0,"assets":[{"id":"image_0","w":255,"h":170,"u":"images/","p":"img_0.png","e":0},{"id":"image_1","w":50,"h":46,"u":"images/","p":"img_1.png","e":0},{"id":"image_2","w":186,"h":206,"u":"images/","p":"img_2.png","e":0},{"id":"image_3","w":255,"h":170,"u":"images/","p":"img_3.png","e":0},{"id":"image_4","w":300,"h":600,"u":"images/","p":"img_4.png","e":0},{"id":"comp_0","layers":[{"ddd":0,"ind":1,"ty":2,"nm":"triangle.png","cl":"png","refId":"image_1","sr":1,"ks":{"o":{"a":1,"k":[{"i":{"x":[0.667],"y":[1]},"o":{"x":[0.333],"y":[0]},"t":0,"s":[0]},{"t":25,"s":[100]}],"ix":11,"x":"var $bm_rt;\n$bm_rt = loopOut('pingpong');"},"r":{"a":0,"k":0,"ix":10},"p":{"a":0,"k":[113.25,348.25,0],"ix":2},"a":{"a":0,"k":[25,23,0],"ix":1},"s":{"a":0,"k":[42.874,42.874,100],"ix":6}},"ao":0,"ip":0,"op":325,"st":0,"bm":0},{"ddd":0,"ind":2,"ty":2,"nm":"mob2.png","cl":"png","refId":"image_2","sr":1,"ks":{"o":{"a":0,"k":100,"ix":11},"r":{"a":0,"k":0,"ix":10},"p":{"a":0,"k":[113,345,0],"ix":2},"a":{"a":0,"k":[93,103,0],"ix":1},"s":{"a":0,"k":[33.978,33.978,100],"ix":6}},"ao":0,"ip":0,"op":325,"st":0,"bm":0}]},{"id":"comp_1","layers":[{"ddd":0,"ind":1,"ty":4,"nm":"Shape Layer 2","sr":1,"ks":{"o":{"a":0,"k":100,"ix":11},"r":{"a":0,"k":0,"ix":10},"p":{"a":0,"k":[150,300,0],"ix":2},"a":{"a":0,"k":[0,0,0],"ix":1},"s":{"a":0,"k":[100,100,100],"ix":6}},"ao":0,"shapes":[],"ip":0,"op":325,"st":0,"bm":0},{"ddd":0,"ind":2,"ty":2,"nm":"Logo-Tele2-+-Text.png","cl":"png","refId":"image_3","sr":1,"ks":{"o":{"a":0,"k":100,"ix":11},"r":{"a":0,"k":0,"ix":10},"p":{"a":0,"k":[243.5,557.5,0],"ix":2},"a":{"a":0,"k":[127.5,85,0],"ix":1},"s":{"a":0,"k":[32.745,32.745,100],"ix":6}},"ao":0,"ip":0,"op":325,"st":0,"bm":0},{"ddd":0,"ind":3,"ty":4,"nm":"На открытых тарифах линейки «Мой Tele2» Outlines","sr":1,"ks":{"o":{"a":1,"k":[{"i":{"x":[0.833],"y":[0.833]},"o":{"x":[0.167],"y":[0.167]},"t":0,"s":[0]},{"t":36,"s":[100]}],"ix":11},"r":{"a":0,"k":0,"ix":10},"p":{"a":1,"k":[{"i":{"x":0,"y":1},"o":{"x":0.333,"y":0},"t":13,"s":[-193.5,535.5,0],"to":[50,0,0],"ti":[-50,0,0]},{"t":36,"s":[106.5,535.5,0]}],"ix":2},"a":{"a":0,"k":[0,0,0],"ix":1},"s":{"a":0,"k":[100,100,100],"ix":6}},"ao":0,"shapes":[{"ty":"gr","it":[{"ind":0,"ty":"sh","ix":1,"ks":{"a":0,"k":{"i":[[0,0],[0,0],[0,0],[0,0],[0,0],[0,0],[0,0],[0,0],[0,0],[0,0],[0,0],[0,0]],"o":[[0,0],[0,0],[0,0],[0,0],[0,0],[0,0],[0,0],[0,0],[0,0],[0,0],[0,0],[0,0]],"v":[[-76.147,-21.75],[-74.418,-21.75],[-74.418,-27.554],[-69.008,-27.554],[-69.008,-21.75],[-67.279,-21.75],[-67.279,-34.59],[-69.008,-34.59],[-69.008,-29.078],[-74.418,-29.078],[-74.418,-34.59],[-76.147,-34.59]],"c":true},"ix":2},"nm":"Н","mn":"ADBE Vector Shape - Group","hd":false},{"ty":"fl","c":{"a":0,"k":[1,1,1,1],"ix":4},"o":{"a":0,"k":100,"ix":5},"r":1,"bm":0,"nm":"Fill 1","mn":"ADBE Vector Graphic - Fill","hd":false},{"ty":"tr","p":{"a":0,"k":[0,0],"ix":2},"a":{"a":0,"k":[0,0],"ix":1},"s":{"a":0,"k":[100,100],"ix":3},"r":{"a":0,"k":0,"ix":6},"o":{"a":0,"k":100,"ix":7},"sk":{"a":0,"k":0,"ix":4},"sa":{"a":0,"k":0,"ix":5},"nm":"Transform"}],"nm":"Н","np":3,"cix":2,"bm":0,"ix":1,"mn":"ADBE Vector Group","hd":false},{"ty":"gr","it":[{"ind":0,"ty":"sh","ix":1,"ks":{"a":0,"k":{"i":[[1.061,0],[0,0.719],[-2.637,0],[0,0]],"o":[[-1.079,0],[0,-1.198],[0,0],[0,1.626]],"v":[[-61.985,-22.931],[-63.474,-24.198],[-59.879,-25.808],[-59.879,-25.345]],"c":true},"ix":2},"nm":"а","mn":"ADBE Vector Shape - Group","hd":false},{"ind":1,"ty":"sh","ix":2,"ks":{"a":0,"k":{"i":[[-1.729,0],[-0.548,0.942],[0,0],[0,0],[0,0],[0,0],[2.414,0],[0.805,-0.479],[0,0],[-0.959,0],[0,-1.233],[0,0],[0,-1.986]],"o":[[1.438,0],[0,0],[0,0],[0,0],[0,0],[0,-2.054],[-0.959,0],[0,0],[0.856,-0.565],[1.353,0],[0,0],[-3.818,0],[0,1.404]],"v":[[-62.601,-21.579],[-59.913,-23.103],[-59.793,-23.103],[-59.793,-21.75],[-58.235,-21.75],[-58.235,-27.246],[-61.745,-30.533],[-64.673,-29.899],[-64.673,-28.358],[-61.968,-29.129],[-59.879,-27.263],[-59.879,-26.869],[-65.203,-24.01]],"c":true},"ix":2},"nm":"а","mn":"ADBE Vector Shape - Group","hd":false},{"ty":"mm","mm":1,"nm":"Merge Paths 1","mn":"ADBE Vector Filter - Merge","hd":false},{"ty":"fl","c":{"a":0,"k":[1,1,1,1],"ix":4},"o":{"a":0,"k":100,"ix":5},"r":1,"bm":0,"nm":"Fill 1","mn":"ADBE Vector Graphic - Fill","hd":false},{"ty":"tr","p":{"a":0,"k":[0,0],"ix":2},"a":{"a":0,"k":[0,0],"ix":1},"s":{"a":0,"k":[100,100],"ix":3},"r":{"a":0,"k":0,"ix":6},"o":{"a":0,"k":100,"ix":7},"sk":{"a":0,"k":0,"ix":4},"sa":{"a":0,"k":0,"ix":5},"nm":"Transform"}],"nm":"а","np":5,"cix":2,"bm":0,"ix":2,"mn":"ADBE Vector Group","hd":false},{"ty":"gr","it":[{"ind":0,"ty":"sh","ix":1,"ks":{"a":0,"k":{"i":[[-2.311,0],[0,2.842],[2.26,0],[0,-2.825]],"o":[[2.294,0],[0,-2.825],[-2.311,0],[0,2.842]],"v":[[-48.551,-21.579],[-44.527,-26.047],[-48.551,-30.533],[-52.574,-26.03]],"c":true},"ix":2},"nm":"о","mn":"ADBE Vector Shape - Group","hd":false},{"ind":1,"ty":"sh","ix":2,"ks":{"a":0,"k":{"i":[[1.25,0],[0,2.123],[-1.284,0],[0,-2.123]],"o":[[-1.284,0],[0,-2.14],[1.216,0],[0,2.123]],"v":[[-48.551,-23.017],[-50.845,-26.03],[-48.551,-29.095],[-46.256,-26.047]],"c":true},"ix":2},"nm":"о","mn":"ADBE Vector Shape - Group","hd":false},{"ty":"mm","mm":1,"nm":"Merge Paths 1","mn":"ADBE Vector Filter - Merge","hd":false},{"ty":"fl","c":{"a":0,"k":[1,1,1,1],"ix":4},"o":{"a":0,"k":100,"ix":5},"r":1,"bm":0,"nm":"Fill 1","mn":"ADBE Vector Graphic - Fill","hd":false},{"ty":"tr","p":{"a":0,"k":[0,0],"ix":2},"a":{"a":0,"k":[0,0],"ix":1},"s":{"a":0,"k":[100,100],"ix":3},"r":{"a":0,"k":0,"ix":6},"o":{"a":0,"k":100,"ix":7},"sk":{"a":0,"k":0,"ix":4},"sa":{"a":0,"k":0,"ix":5},"nm":"Transform"}],"nm":"о","np":5,"cix":2,"bm":0,"ix":3,"mn":"ADBE Vector Group","hd":false},{"ty":"gr","it":[{"ind":0,"ty":"sh","ix":1,"ks":{"a":0,"k":{"i":[[0,0],[0,0],[0,0],[0,0],[0,0],[0,0],[0,0],[0,0]],"o":[[0,0],[0,0],[0,0],[0,0],[0,0],[0,0],[0,0],[0,0]],"v":[[-41.509,-21.75],[-39.866,-21.75],[-39.866,-28.941],[-37.315,-28.941],[-37.315,-30.362],[-44.043,-30.362],[-44.043,-28.941],[-41.509,-28.941]],"c":true},"ix":2},"nm":"т","mn":"ADBE Vector Shape - Group","hd":false},{"ty":"fl","c":{"a":0,"k":[1,1,1,1],"ix":4},"o":{"a":0,"k":100,"ix":5},"r":1,"bm":0,"nm":"Fill 1","mn":"ADBE Vector Graphic - Fill","hd":false},{"ty":"tr","p":{"a":0,"k":[0,0],"ix":2},"a":{"a":0,"k":[0,0],"ix":1},"s":{"a":0,"k":[100,100],"ix":3},"r":{"a":0,"k":0,"ix":6},"o":{"a":0,"k":100,"ix":7},"sk":{"a":0,"k":0,"ix":4},"sa":{"a":0,"k":0,"ix":5},"nm":"Transform"}],"nm":"т","np":3,"cix":2,"bm":0,"ix":4,"mn":"ADBE Vector Group","hd":false},{"ty":"gr","it":[{"ind":0,"ty":"sh","ix":1,"ks":{"a":0,"k":{"i":[[0,0],[0,0],[0,0],[0,0],[0,0],[0,0],[0,0],[0,0],[0,0],[0,0],[0,0],[0,0],[0,0]],"o":[[0,0],[0,0],[0,0],[0,0],[0,0],[0,0],[0,0],[0,0],[0,0],[0,0],[0,0],[0,0],[0,0]],"v":[[-34.334,-25.311],[-33.632,-25.499],[-30.996,-21.75],[-28.993,-21.75],[-32.263,-26.441],[-29.284,-30.362],[-30.91,-30.362],[-33.632,-26.801],[-34.334,-26.646],[-34.334,-30.362],[-35.978,-30.362],[-35.978,-21.75],[-34.334,-21.75]],"c":true},"ix":2},"nm":"к","mn":"ADBE Vector Shape - Group","hd":false},{"ty":"fl","c":{"a":0,"k":[1,1,1,1],"ix":4},"o":{"a":0,"k":100,"ix":5},"r":1,"bm":0,"nm":"Fill 1","mn":"ADBE Vector Graphic - Fill","hd":false},{"ty":"tr","p":{"a":0,"k":[0,0],"ix":2},"a":{"a":0,"k":[0,0],"ix":1},"s":{"a":0,"k":[100,100],"ix":3},"r":{"a":0,"k":0,"ix":6},"o":{"a":0,"k":100,"ix":7},"sk":{"a":0,"k":0,"ix":4},"sa":{"a":0,"k":0,"ix":5},"nm":"Transform"}],"nm":"к","np":3,"cix":2,"bm":0,"ix":5,"mn":"ADBE Vector Group","hd":false},{"ty":"gr","it":[{"ind":0,"ty":"sh","ix":1,"ks":{"a":0,"k":{"i":[[1.25,0],[0,1.678],[0,0],[-1.318,0],[0,-2.106]],"o":[[-1.25,0],[0,0],[0,-1.575],[1.267,0],[0,2.174]],"v":[[-23.778,-23.017],[-26.055,-25.551],[-26.055,-26.749],[-23.796,-29.095],[-21.433,-26.081]],"c":true},"ix":2},"nm":"р","mn":"ADBE Vector Shape - Group","hd":false},{"ind":1,"ty":"sh","ix":2,"ks":{"a":0,"k":{"i":[[0,0],[0,0],[0,0],[0,0],[0,0],[-1.25,0],[0,2.842],[2.106,0],[0.479,-0.788],[0,0],[0,0],[0,0]],"o":[[0,0],[0,0],[0,0],[0,0],[0.548,0.839],[2.123,0],[0,-2.722],[-1.387,0],[0,0],[0,0],[0,0],[0,0]],"v":[[-27.699,-17.47],[-26.055,-17.47],[-26.055,-21.579],[-26.141,-22.948],[-26.021,-22.948],[-23.316,-21.579],[-19.704,-26.081],[-23.299,-30.533],[-26.021,-29.146],[-26.141,-29.146],[-26.141,-30.362],[-27.699,-30.362]],"c":true},"ix":2},"nm":"р","mn":"ADBE Vector Shape - Group","hd":false},{"ty":"mm","mm":1,"nm":"Merge Paths 1","mn":"ADBE Vector Filter - Merge","hd":false},{"ty":"fl","c":{"a":0,"k":[1,1,1,1],"ix":4},"o":{"a":0,"k":100,"ix":5},"r":1,"bm":0,"nm":"Fill 1","mn":"ADBE Vector Graphic - Fill","hd":false},{"ty":"tr","p":{"a":0,"k":[0,0],"ix":2},"a":{"a":0,"k":[0,0],"ix":1},"s":{"a":0,"k":[100,100],"ix":3},"r":{"a":0,"k":0,"ix":6},"o":{"a":0,"k":100,"ix":7},"sk":{"a":0,"k":0,"ix":4},"sa":{"a":0,"k":0,"ix":5},"nm":"Transform"}],"nm":"р","np":5,"cix":2,"bm":0,"ix":6,"mn":"ADBE Vector Group","hd":false},{"ty":"gr","it":[{"ind":0,"ty":"sh","ix":1,"ks":{"a":0,"k":{"i":[[0,0],[0,0],[0,1.472],[2.876,0],[0,0],[0,0],[0,0]],"o":[[0,0],[2.876,0],[0,-1.438],[0,0],[0,0],[0,0],[0,0]],"v":[[-17.924,-21.75],[-15.133,-21.75],[-11.384,-24.66],[-15.133,-27.485],[-16.28,-27.485],[-16.28,-30.362],[-17.924,-30.362]],"c":true},"ix":2},"nm":"ы","mn":"ADBE Vector Shape - Group","hd":false},{"ind":1,"ty":"sh","ix":2,"ks":{"a":0,"k":{"i":[[0,0],[0,0],[0,0],[0,-0.907],[1.25,0]],"o":[[0,0],[0,0],[1.25,0],[0,0.942],[0,0]],"v":[[-16.28,-23.085],[-16.28,-26.133],[-14.979,-26.133],[-13.113,-24.643],[-14.979,-23.085]],"c":true},"ix":2},"nm":"ы","mn":"ADBE Vector Shape - Group","hd":false},{"ind":2,"ty":"sh","ix":3,"ks":{"a":0,"k":{"i":[[0,0],[0,0],[0,0],[0,0]],"o":[[0,0],[0,0],[0,0],[0,0]],"v":[[-10.34,-21.75],[-8.696,-21.75],[-8.696,-30.362],[-10.34,-30.362]],"c":true},"ix":2},"nm":"ы","mn":"ADBE Vector Shape - Group","hd":false},{"ty":"mm","mm":1,"nm":"Merge Paths 1","mn":"ADBE Vector Filter - Merge","hd":false},{"ty":"fl","c":{"a":0,"k":[1,1,1,1],"ix":4},"o":{"a":0,"k":100,"ix":5},"r":1,"bm":0,"nm":"Fill 1","mn":"ADBE Vector Graphic - Fill","hd":false},{"ty":"tr","p":{"a":0,"k":[0,0],"ix":2},"a":{"a":0,"k":[0,0],"ix":1},"s":{"a":0,"k":[100,100],"ix":3},"r":{"a":0,"k":0,"ix":6},"o":{"a":0,"k":100,"ix":7},"sk":{"a":0,"k":0,"ix":4},"sa":{"a":0,"k":0,"ix":5},"nm":"Transform"}],"nm":"ы","np":6,"cix":2,"bm":0,"ix":7,"mn":"ADBE Vector Group","hd":false},{"ty":"gr","it":[{"ind":0,"ty":"sh","ix":1,"ks":{"a":0,"k":{"i":[[0,0],[0,0],[0,0],[0,0],[0,0],[0,0],[0,0],[0,0]],"o":[[0,0],[0,0],[0,0],[0,0],[0,0],[0,0],[0,0],[0,0]],"v":[[-4.875,-21.75],[-3.231,-21.75],[-3.231,-28.941],[-0.68,-28.941],[-0.68,-30.362],[-7.408,-30.362],[-7.408,-28.941],[-4.875,-28.941]],"c":true},"ix":2},"nm":"т","mn":"ADBE Vector Shape - Group","hd":false},{"ty":"fl","c":{"a":0,"k":[1,1,1,1],"ix":4},"o":{"a":0,"k":100,"ix":5},"r":1,"bm":0,"nm":"Fill 1","mn":"ADBE Vector Graphic - Fill","hd":false},{"ty":"tr","p":{"a":0,"k":[0,0],"ix":2},"a":{"a":0,"k":[0,0],"ix":1},"s":{"a":0,"k":[100,100],"ix":3},"r":{"a":0,"k":0,"ix":6},"o":{"a":0,"k":100,"ix":7},"sk":{"a":0,"k":0,"ix":4},"sa":{"a":0,"k":0,"ix":5},"nm":"Transform"}],"nm":"т","np":3,"cix":2,"bm":0,"ix":8,"mn":"ADBE Vector Group","hd":false},{"ty":"gr","it":[{"ind":0,"ty":"sh","ix":1,"ks":{"a":0,"k":{"i":[[0,0],[0,0],[0,1.472],[2.876,0],[0,0],[0,0],[0,0]],"o":[[0,0],[2.876,0],[0,-1.438],[0,0],[0,0],[0,0],[0,0]],"v":[[0.657,-21.75],[3.447,-21.75],[7.197,-24.66],[3.447,-27.485],[2.3,-27.485],[2.3,-30.362],[0.657,-30.362]],"c":true},"ix":2},"nm":"ы","mn":"ADBE Vector Shape - Group","hd":false},{"ind":1,"ty":"sh","ix":2,"ks":{"a":0,"k":{"i":[[0,0],[0,0],[0,0],[0,-0.907],[1.25,0]],"o":[[0,0],[0,0],[1.25,0],[0,0.942],[0,0]],"v":[[2.3,-23.085],[2.3,-26.133],[3.601,-26.133],[5.468,-24.643],[3.601,-23.085]],"c":true},"ix":2},"nm":"ы","mn":"ADBE Vector Shape - Group","hd":false},{"ind":2,"ty":"sh","ix":3,"ks":{"a":0,"k":{"i":[[0,0],[0,0],[0,0],[0,0]],"o":[[0,0],[0,0],[0,0],[0,0]],"v":[[8.241,-21.75],[9.885,-21.75],[9.885,-30.362],[8.241,-30.362]],"c":true},"ix":2},"nm":"ы","mn":"ADBE Vector Shape - Group","hd":false},{"ty":"mm","mm":1,"nm":"Merge Paths 1","mn":"ADBE Vector Filter - Merge","hd":false},{"ty":"fl","c":{"a":0,"k":[1,1,1,1],"ix":4},"o":{"a":0,"k":100,"ix":5},"r":1,"bm":0,"nm":"Fill 1","mn":"ADBE Vector Graphic - Fill","hd":false},{"ty":"tr","p":{"a":0,"k":[0,0],"ix":2},"a":{"a":0,"k":[0,0],"ix":1},"s":{"a":0,"k":[100,100],"ix":3},"r":{"a":0,"k":0,"ix":6},"o":{"a":0,"k":100,"ix":7},"sk":{"a":0,"k":0,"ix":4},"sa":{"a":0,"k":0,"ix":5},"nm":"Transform"}],"nm":"ы","np":6,"cix":2,"bm":0,"ix":9,"mn":"ADBE Vector Group","hd":false},{"ty":"gr","it":[{"ind":0,"ty":"sh","ix":1,"ks":{"a":0,"k":{"i":[[0,0],[0,0],[0,0],[0,0],[0,0],[0,0],[0,0],[0,0],[0,0],[0,0],[0,0],[0,0]],"o":[[0,0],[0,0],[0,0],[0,0],[0,0],[0,0],[0,0],[0,0],[0,0],[0,0],[0,0],[0,0]],"v":[[17.319,-21.75],[19.27,-21.75],[16.257,-26.167],[19.048,-30.362],[17.421,-30.362],[15.418,-27.263],[13.398,-30.362],[11.463,-30.362],[14.391,-26.047],[11.532,-21.75],[13.158,-21.75],[15.23,-24.952]],"c":true},"ix":2},"nm":"х","mn":"ADBE Vector Shape - Group","hd":false},{"ty":"fl","c":{"a":0,"k":[1,1,1,1],"ix":4},"o":{"a":0,"k":100,"ix":5},"r":1,"bm":0,"nm":"Fill 1","mn":"ADBE Vector Graphic - Fill","hd":false},{"ty":"tr","p":{"a":0,"k":[0,0],"ix":2},"a":{"a":0,"k":[0,0],"ix":1},"s":{"a":0,"k":[100,100],"ix":3},"r":{"a":0,"k":0,"ix":6},"o":{"a":0,"k":100,"ix":7},"sk":{"a":0,"k":0,"ix":4},"sa":{"a":0,"k":0,"ix":5},"nm":"Transform"}],"nm":"х","np":3,"cix":2,"bm":0,"ix":10,"mn":"ADBE Vector Group","hd":false},{"ty":"gr","it":[{"ind":0,"ty":"sh","ix":1,"ks":{"a":0,"k":{"i":[[0,0],[0,0],[0,0],[0,0],[0,0],[0,0],[0,0],[0,0]],"o":[[0,0],[0,0],[0,0],[0,0],[0,0],[0,0],[0,0],[0,0]],"v":[[26.218,-21.75],[27.862,-21.75],[27.862,-28.941],[30.412,-28.941],[30.412,-30.362],[23.684,-30.362],[23.684,-28.941],[26.218,-28.941]],"c":true},"ix":2},"nm":"т","mn":"ADBE Vector Shape - Group","hd":false},{"ty":"fl","c":{"a":0,"k":[1,1,1,1],"ix":4},"o":{"a":0,"k":100,"ix":5},"r":1,"bm":0,"nm":"Fill 1","mn":"ADBE Vector Graphic - Fill","hd":false},{"ty":"tr","p":{"a":0,"k":[0,0],"ix":2},"a":{"a":0,"k":[0,0],"ix":1},"s":{"a":0,"k":[100,100],"ix":3},"r":{"a":0,"k":0,"ix":6},"o":{"a":0,"k":100,"ix":7},"sk":{"a":0,"k":0,"ix":4},"sa":{"a":0,"k":0,"ix":5},"nm":"Transform"}],"nm":"т","np":3,"cix":2,"bm":0,"ix":11,"mn":"ADBE Vector Group","hd":false},{"ty":"gr","it":[{"ind":0,"ty":"sh","ix":1,"ks":{"a":0,"k":{"i":[[1.061,0],[0,0.719],[-2.637,0],[0,0]],"o":[[-1.079,0],[0,-1.198],[0,0],[0,1.626]],"v":[[34.336,-22.931],[32.847,-24.198],[36.442,-25.808],[36.442,-25.345]],"c":true},"ix":2},"nm":"а","mn":"ADBE Vector Shape - Group","hd":false},{"ind":1,"ty":"sh","ix":2,"ks":{"a":0,"k":{"i":[[-1.729,0],[-0.548,0.942],[0,0],[0,0],[0,0],[0,0],[2.414,0],[0.805,-0.479],[0,0],[-0.959,0],[0,-1.233],[0,0],[0,-1.986]],"o":[[1.438,0],[0,0],[0,0],[0,0],[0,0],[0,-2.054],[-0.959,0],[0,0],[0.856,-0.565],[1.353,0],[0,0],[-3.818,0],[0,1.404]],"v":[[33.72,-21.579],[36.408,-23.103],[36.528,-23.103],[36.528,-21.75],[38.086,-21.75],[38.086,-27.246],[34.576,-30.533],[31.649,-29.899],[31.649,-28.358],[34.354,-29.129],[36.442,-27.263],[36.442,-26.869],[31.118,-24.01]],"c":true},"ix":2},"nm":"а","mn":"ADBE Vector Shape - Group","hd":false},{"ty":"mm","mm":1,"nm":"Merge Paths 1","mn":"ADBE Vector Filter - Merge","hd":false},{"ty":"fl","c":{"a":0,"k":[1,1,1,1],"ix":4},"o":{"a":0,"k":100,"ix":5},"r":1,"bm":0,"nm":"Fill 1","mn":"ADBE Vector Graphic - Fill","hd":false},{"ty":"tr","p":{"a":0,"k":[0,0],"ix":2},"a":{"a":0,"k":[0,0],"ix":1},"s":{"a":0,"k":[100,100],"ix":3},"r":{"a":0,"k":0,"ix":6},"o":{"a":0,"k":100,"ix":7},"sk":{"a":0,"k":0,"ix":4},"sa":{"a":0,"k":0,"ix":5},"nm":"Transform"}],"nm":"а","np":5,"cix":2,"bm":0,"ix":12,"mn":"ADBE Vector Group","hd":false},{"ty":"gr","it":[{"ind":0,"ty":"sh","ix":1,"ks":{"a":0,"k":{"i":[[1.25,0],[0,1.678],[0,0],[-1.318,0],[0,-2.106]],"o":[[-1.25,0],[0,0],[0,-1.575],[1.267,0],[0,2.174]],"v":[[44.272,-23.017],[41.995,-25.551],[41.995,-26.749],[44.255,-29.095],[46.618,-26.081]],"c":true},"ix":2},"nm":"р","mn":"ADBE Vector Shape - Group","hd":false},{"ind":1,"ty":"sh","ix":2,"ks":{"a":0,"k":{"i":[[0,0],[0,0],[0,0],[0,0],[0,0],[-1.25,0],[0,2.842],[2.106,0],[0.479,-0.788],[0,0],[0,0],[0,0]],"o":[[0,0],[0,0],[0,0],[0,0],[0.548,0.839],[2.123,0],[0,-2.722],[-1.387,0],[0,0],[0,0],[0,0],[0,0]],"v":[[40.352,-17.47],[41.995,-17.47],[41.995,-21.579],[41.91,-22.948],[42.029,-22.948],[44.734,-21.579],[48.347,-26.081],[44.752,-30.533],[42.029,-29.146],[41.91,-29.146],[41.91,-30.362],[40.352,-30.362]],"c":true},"ix":2},"nm":"р","mn":"ADBE Vector Shape - Group","hd":false},{"ty":"mm","mm":1,"nm":"Merge Paths 1","mn":"ADBE Vector Filter - Merge","hd":false},{"ty":"fl","c":{"a":0,"k":[1,1,1,1],"ix":4},"o":{"a":0,"k":100,"ix":5},"r":1,"bm":0,"nm":"Fill 1","mn":"ADBE Vector Graphic - Fill","hd":false},{"ty":"tr","p":{"a":0,"k":[0,0],"ix":2},"a":{"a":0,"k":[0,0],"ix":1},"s":{"a":0,"k":[100,100],"ix":3},"r":{"a":0,"k":0,"ix":6},"o":{"a":0,"k":100,"ix":7},"sk":{"a":0,"k":0,"ix":4},"sa":{"a":0,"k":0,"ix":5},"nm":"Transform"}],"nm":"р","np":5,"cix":2,"bm":0,"ix":13,"mn":"ADBE Vector Group","hd":false},{"ty":"gr","it":[{"ind":0,"ty":"sh","ix":1,"ks":{"a":0,"k":{"i":[[0,0],[0,0],[0,0],[0,0],[0,0],[0,0],[0,0],[0,0],[0,0],[0,0],[0,0],[0,0]],"o":[[0,0],[0,0],[0,0],[0,0],[0,0],[0,0],[0,0],[0,0],[0,0],[0,0],[0,0],[0,0]],"v":[[50.127,-21.75],[51.565,-21.75],[55.314,-27.674],[55.451,-27.674],[55.451,-21.75],[57.095,-21.75],[57.095,-30.362],[55.639,-30.362],[51.89,-24.455],[51.77,-24.455],[51.77,-30.362],[50.127,-30.362]],"c":true},"ix":2},"nm":"и","mn":"ADBE Vector Shape - Group","hd":false},{"ty":"fl","c":{"a":0,"k":[1,1,1,1],"ix":4},"o":{"a":0,"k":100,"ix":5},"r":1,"bm":0,"nm":"Fill 1","mn":"ADBE Vector Graphic - Fill","hd":false},{"ty":"tr","p":{"a":0,"k":[0,0],"ix":2},"a":{"a":0,"k":[0,0],"ix":1},"s":{"a":0,"k":[100,100],"ix":3},"r":{"a":0,"k":0,"ix":6},"o":{"a":0,"k":100,"ix":7},"sk":{"a":0,"k":0,"ix":4},"sa":{"a":0,"k":0,"ix":5},"nm":"Transform"}],"nm":"и","np":3,"cix":2,"bm":0,"ix":14,"mn":"ADBE Vector Group","hd":false},{"ty":"gr","it":[{"ind":0,"ty":"sh","ix":1,"ks":{"a":0,"k":{"i":[[0,0],[0,0],[0,2.637],[2.876,0.068],[0,0],[0,0],[0,0],[0,-2.619],[-2.876,-0.068],[0,0]],"o":[[0,0],[2.859,0],[0,-2.568],[0,0],[0,0],[0,0],[-2.859,0],[0,2.585],[0,0],[0,0]],"v":[[64.904,-17.47],[64.904,-21.596],[69.389,-26.099],[64.904,-30.516],[64.904,-34.59],[63.26,-34.59],[63.26,-30.516],[58.775,-26.03],[63.26,-21.596],[63.26,-17.47]],"c":true},"ix":2},"nm":"ф","mn":"ADBE Vector Shape - Group","hd":false},{"ind":1,"ty":"sh","ix":2,"ks":{"a":0,"k":{"i":[[0,0],[0,1.935],[-1.798,0.017]],"o":[[-1.781,-0.034],[0,-1.935],[0,0]],"v":[[63.26,-22.914],[60.504,-26.03],[63.26,-29.197]],"c":true},"ix":2},"nm":"ф","mn":"ADBE Vector Shape - Group","hd":false},{"ind":2,"ty":"sh","ix":3,"ks":{"a":0,"k":{"i":[[1.798,-0.017],[0,0],[0,-1.917]],"o":[[0,0],[1.781,0.034],[0,1.935]],"v":[[64.904,-22.914],[64.904,-29.197],[67.66,-26.099]],"c":true},"ix":2},"nm":"ф","mn":"ADBE Vector Shape - Group","hd":false},{"ty":"mm","mm":1,"nm":"Merge Paths 1","mn":"ADBE Vector Filter - Merge","hd":false},{"ty":"fl","c":{"a":0,"k":[1,1,1,1],"ix":4},"o":{"a":0,"k":100,"ix":5},"r":1,"bm":0,"nm":"Fill 1","mn":"ADBE Vector Graphic - Fill","hd":false},{"ty":"tr","p":{"a":0,"k":[0,0],"ix":2},"a":{"a":0,"k":[0,0],"ix":1},"s":{"a":0,"k":[100,100],"ix":3},"r":{"a":0,"k":0,"ix":6},"o":{"a":0,"k":100,"ix":7},"sk":{"a":0,"k":0,"ix":4},"sa":{"a":0,"k":0,"ix":5},"nm":"Transform"}],"nm":"ф","np":6,"cix":2,"bm":0,"ix":15,"mn":"ADBE Vector Group","hd":false},{"ty":"gr","it":[{"ind":0,"ty":"sh","ix":1,"ks":{"a":0,"k":{"i":[[1.061,0],[0,0.719],[-2.637,0],[0,0]],"o":[[-1.079,0],[0,-1.198],[0,0],[0,1.626]],"v":[[73.776,-22.931],[72.287,-24.198],[75.882,-25.808],[75.882,-25.345]],"c":true},"ix":2},"nm":"а","mn":"ADBE Vector Shape - Group","hd":false},{"ind":1,"ty":"sh","ix":2,"ks":{"a":0,"k":{"i":[[-1.729,0],[-0.548,0.942],[0,0],[0,0],[0,0],[0,0],[2.414,0],[0.805,-0.479],[0,0],[-0.959,0],[0,-1.233],[0,0],[0,-1.986]],"o":[[1.438,0],[0,0],[0,0],[0,0],[0,0],[0,-2.054],[-0.959,0],[0,0],[0.856,-0.565],[1.353,0],[0,0],[-3.818,0],[0,1.404]],"v":[[73.16,-21.579],[75.848,-23.103],[75.967,-23.103],[75.967,-21.75],[77.525,-21.75],[77.525,-27.246],[74.016,-30.533],[71.088,-29.899],[71.088,-28.358],[73.793,-29.129],[75.882,-27.263],[75.882,-26.869],[70.557,-24.01]],"c":true},"ix":2},"nm":"а","mn":"ADBE Vector Shape - Group","hd":false},{"ty":"mm","mm":1,"nm":"Merge Paths 1","mn":"ADBE Vector Filter - Merge","hd":false},{"ty":"fl","c":{"a":0,"k":[1,1,1,1],"ix":4},"o":{"a":0,"k":100,"ix":5},"r":1,"bm":0,"nm":"Fill 1","mn":"ADBE Vector Graphic - Fill","hd":false},{"ty":"tr","p":{"a":0,"k":[0,0],"ix":2},"a":{"a":0,"k":[0,0],"ix":1},"s":{"a":0,"k":[100,100],"ix":3},"r":{"a":0,"k":0,"ix":6},"o":{"a":0,"k":100,"ix":7},"sk":{"a":0,"k":0,"ix":4},"sa":{"a":0,"k":0,"ix":5},"nm":"Transform"}],"nm":"а","np":5,"cix":2,"bm":0,"ix":16,"mn":"ADBE Vector Group","hd":false},{"ty":"gr","it":[{"ind":0,"ty":"sh","ix":1,"ks":{"a":0,"k":{"i":[[0,0],[0,0],[0,0],[0,0],[0,0],[0,0],[0,0],[0,0],[0,0],[0,0],[0,0],[0,0]],"o":[[0,0],[0,0],[0,0],[0,0],[0,0],[0,0],[0,0],[0,0],[0,0],[0,0],[0,0],[0,0]],"v":[[84.893,-21.75],[86.845,-21.75],[83.832,-26.167],[86.622,-30.362],[84.996,-30.362],[82.993,-27.263],[80.973,-30.362],[79.038,-30.362],[81.966,-26.047],[79.106,-21.75],[80.733,-21.75],[82.804,-24.952]],"c":true},"ix":2},"nm":"х","mn":"ADBE Vector Shape - Group","hd":false},{"ty":"fl","c":{"a":0,"k":[1,1,1,1],"ix":4},"o":{"a":0,"k":100,"ix":5},"r":1,"bm":0,"nm":"Fill 1","mn":"ADBE Vector Graphic - Fill","hd":false},{"ty":"tr","p":{"a":0,"k":[0,0],"ix":2},"a":{"a":0,"k":[0,0],"ix":1},"s":{"a":0,"k":[100,100],"ix":3},"r":{"a":0,"k":0,"ix":6},"o":{"a":0,"k":100,"ix":7},"sk":{"a":0,"k":0,"ix":4},"sa":{"a":0,"k":0,"ix":5},"nm":"Transform"}],"nm":"х","np":3,"cix":2,"bm":0,"ix":17,"mn":"ADBE Vector Group","hd":false},{"ty":"gr","it":[{"ind":0,"ty":"sh","ix":1,"ks":{"a":0,"k":{"i":[[-0.36,0],[-0.017,3.784],[0,0],[0,0],[0,0],[0,0],[0,0],[1.438,0],[0,0],[0,0]],"o":[[2.414,0],[0,0],[0,0],[0,0],[0,0],[0,0],[0,3.989],[-0.171,0],[0,0],[0,0]],"v":[[-76.576,-1.23],[-73.802,-8.541],[-71.234,-8.541],[-71.234,-1.35],[-69.59,-1.35],[-69.59,-9.962],[-75.206,-9.962],[-76.798,-2.788],[-77.175,-2.839],[-77.175,-1.299]],"c":true},"ix":2},"nm":"л","mn":"ADBE Vector Shape - Group","hd":false},{"ty":"fl","c":{"a":0,"k":[1,1,1,1],"ix":4},"o":{"a":0,"k":100,"ix":5},"r":1,"bm":0,"nm":"Fill 1","mn":"ADBE Vector Graphic - Fill","hd":false},{"ty":"tr","p":{"a":0,"k":[0,0],"ix":2},"a":{"a":0,"k":[0,0],"ix":1},"s":{"a":0,"k":[100,100],"ix":3},"r":{"a":0,"k":0,"ix":6},"o":{"a":0,"k":100,"ix":7},"sk":{"a":0,"k":0,"ix":4},"sa":{"a":0,"k":0,"ix":5},"nm":"Transform"}],"nm":"л","np":3,"cix":2,"bm":0,"ix":18,"mn":"ADBE Vector Group","hd":false},{"ty":"gr","it":[{"ind":0,"ty":"sh","ix":1,"ks":{"a":0,"k":{"i":[[0,0],[0,0],[0,0],[0,0],[0,0],[0,0],[0,0],[0,0],[0,0],[0,0],[0,0],[0,0]],"o":[[0,0],[0,0],[0,0],[0,0],[0,0],[0,0],[0,0],[0,0],[0,0],[0,0],[0,0],[0,0]],"v":[[-67.24,-1.35],[-65.802,-1.35],[-62.053,-7.274],[-61.916,-7.274],[-61.916,-1.35],[-60.273,-1.35],[-60.273,-9.962],[-61.728,-9.962],[-65.477,-4.055],[-65.597,-4.055],[-65.597,-9.962],[-67.24,-9.962]],"c":true},"ix":2},"nm":"и","mn":"ADBE Vector Shape - Group","hd":false},{"ty":"fl","c":{"a":0,"k":[1,1,1,1],"ix":4},"o":{"a":0,"k":100,"ix":5},"r":1,"bm":0,"nm":"Fill 1","mn":"ADBE Vector Graphic - Fill","hd":false},{"ty":"tr","p":{"a":0,"k":[0,0],"ix":2},"a":{"a":0,"k":[0,0],"ix":1},"s":{"a":0,"k":[100,100],"ix":3},"r":{"a":0,"k":0,"ix":6},"o":{"a":0,"k":100,"ix":7},"sk":{"a":0,"k":0,"ix":4},"sa":{"a":0,"k":0,"ix":5},"nm":"Transform"}],"nm":"и","np":3,"cix":2,"bm":0,"ix":19,"mn":"ADBE Vector Group","hd":false},{"ty":"gr","it":[{"ind":0,"ty":"sh","ix":1,"ks":{"a":0,"k":{"i":[[0,0],[0,0],[0,0],[0,0],[0,0],[0,0],[0,0],[0,0],[0,0],[0,0],[0,0],[0,0]],"o":[[0,0],[0,0],[0,0],[0,0],[0,0],[0,0],[0,0],[0,0],[0,0],[0,0],[0,0],[0,0]],"v":[[-52.6,-1.35],[-50.957,-1.35],[-50.957,-9.962],[-52.6,-9.962],[-52.6,-6.503],[-56.281,-6.503],[-56.281,-9.962],[-57.925,-9.962],[-57.925,-1.35],[-56.281,-1.35],[-56.281,-5.082],[-52.6,-5.082]],"c":true},"ix":2},"nm":"н","mn":"ADBE Vector Shape - Group","hd":false},{"ty":"fl","c":{"a":0,"k":[1,1,1,1],"ix":4},"o":{"a":0,"k":100,"ix":5},"r":1,"bm":0,"nm":"Fill 1","mn":"ADBE Vector Graphic - Fill","hd":false},{"ty":"tr","p":{"a":0,"k":[0,0],"ix":2},"a":{"a":0,"k":[0,0],"ix":1},"s":{"a":0,"k":[100,100],"ix":3},"r":{"a":0,"k":0,"ix":6},"o":{"a":0,"k":100,"ix":7},"sk":{"a":0,"k":0,"ix":4},"sa":{"a":0,"k":0,"ix":5},"nm":"Transform"}],"nm":"н","np":3,"cix":2,"bm":0,"ix":20,"mn":"ADBE Vector Group","hd":false},{"ty":"gr","it":[{"ind":0,"ty":"sh","ix":1,"ks":{"a":0,"k":{"i":[[-2.671,0],[-0.565,0.445],[0,0],[1.027,0],[-0.017,1.952],[0,0],[0,0.445],[2.02,0],[0,-2.825]],"o":[[1.25,0],[0,0],[-0.719,0.599],[-1.695,0],[0,0],[0.051,-0.171],[0,-2.397],[-2.311,0],[0,3.013]],"v":[[-44.911,-1.179],[-42.018,-1.915],[-42.018,-3.439],[-44.705,-2.617],[-47.41,-5.544],[-41.829,-5.544],[-41.726,-6.606],[-45.27,-10.133],[-49.191,-5.63]],"c":true},"ix":2},"nm":"е","mn":"ADBE Vector Shape - Group","hd":false},{"ind":1,"ty":"sh","ix":2,"ks":{"a":0,"k":{"i":[[0,0],[-1.079,0],[-0.086,-1.609]],"o":[[0.205,-1.472],[1.01,0],[0,0]],"v":[[-47.428,-6.674],[-45.356,-8.814],[-43.37,-6.674]],"c":true},"ix":2},"nm":"е","mn":"ADBE Vector Shape - Group","hd":false},{"ty":"mm","mm":1,"nm":"Merge Paths 1","mn":"ADBE Vector Filter - Merge","hd":false},{"ty":"fl","c":{"a":0,"k":[1,1,1,1],"ix":4},"o":{"a":0,"k":100,"ix":5},"r":1,"bm":0,"nm":"Fill 1","mn":"ADBE Vector Graphic - Fill","hd":false},{"ty":"tr","p":{"a":0,"k":[0,0],"ix":2},"a":{"a":0,"k":[0,0],"ix":1},"s":{"a":0,"k":[100,100],"ix":3},"r":{"a":0,"k":0,"ix":6},"o":{"a":0,"k":100,"ix":7},"sk":{"a":0,"k":0,"ix":4},"sa":{"a":0,"k":0,"ix":5},"nm":"Transform"}],"nm":"е","np":5,"cix":2,"bm":0,"ix":21,"mn":"ADBE Vector Group","hd":false},{"ty":"gr","it":[{"ind":0,"ty":"sh","ix":1,"ks":{"a":0,"k":{"i":[[0,0],[0,0],[0,0],[0,0],[0,0],[0,0],[0,0],[0,0],[0,0],[0,0],[0,0],[0,0]],"o":[[0,0],[0,0],[0,0],[0,0],[0,0],[0,0],[0,0],[0,0],[0,0],[0,0],[0,0],[0,0]],"v":[[-39.939,-1.35],[-38.501,-1.35],[-34.751,-7.274],[-34.615,-7.274],[-34.615,-1.35],[-32.971,-1.35],[-32.971,-9.962],[-34.426,-9.962],[-38.176,-4.055],[-38.295,-4.055],[-38.295,-9.962],[-39.939,-9.962]],"c":true},"ix":2},"nm":"й","mn":"ADBE Vector Shape - Group","hd":false},{"ind":1,"ty":"sh","ix":2,"ks":{"a":0,"k":{"i":[[-1.524,0],[0,1.832],[0,0],[0.924,0],[0,0.736],[0,0]],"o":[[1.524,0],[0,0],[0,0.736],[-0.959,0],[0,0],[0,1.815]],"v":[[-36.446,-11.126],[-33.741,-13.728],[-35.197,-13.728],[-36.446,-12.393],[-37.696,-13.728],[-39.151,-13.728]],"c":true},"ix":2},"nm":"й","mn":"ADBE Vector Shape - Group","hd":false},{"ty":"mm","mm":1,"nm":"Merge Paths 1","mn":"ADBE Vector Filter - Merge","hd":false},{"ty":"fl","c":{"a":0,"k":[1,1,1,1],"ix":4},"o":{"a":0,"k":100,"ix":5},"r":1,"bm":0,"nm":"Fill 1","mn":"ADBE Vector Graphic - Fill","hd":false},{"ty":"tr","p":{"a":0,"k":[0,0],"ix":2},"a":{"a":0,"k":[0,0],"ix":1},"s":{"a":0,"k":[100,100],"ix":3},"r":{"a":0,"k":0,"ix":6},"o":{"a":0,"k":100,"ix":7},"sk":{"a":0,"k":0,"ix":4},"sa":{"a":0,"k":0,"ix":5},"nm":"Transform"}],"nm":"й","np":5,"cix":2,"bm":0,"ix":22,"mn":"ADBE Vector Group","hd":false},{"ty":"gr","it":[{"ind":0,"ty":"sh","ix":1,"ks":{"a":0,"k":{"i":[[0,0],[0,0],[0,0],[0,0],[0,0],[0,0],[0,0],[0,0],[0,0],[0,0],[0,0],[0,0],[0,0]],"o":[[0,0],[0,0],[0,0],[0,0],[0,0],[0,0],[0,0],[0,0],[0,0],[0,0],[0,0],[0,0],[0,0]],"v":[[-28.98,-4.911],[-28.278,-5.099],[-25.641,-1.35],[-23.638,-1.35],[-26.908,-6.041],[-23.929,-9.962],[-25.556,-9.962],[-28.278,-6.401],[-28.98,-6.246],[-28.98,-9.962],[-30.623,-9.962],[-30.623,-1.35],[-28.98,-1.35]],"c":true},"ix":2},"nm":"к","mn":"ADBE Vector Shape - Group","hd":false},{"ty":"fl","c":{"a":0,"k":[1,1,1,1],"ix":4},"o":{"a":0,"k":100,"ix":5},"r":1,"bm":0,"nm":"Fill 1","mn":"ADBE Vector Graphic - Fill","hd":false},{"ty":"tr","p":{"a":0,"k":[0,0],"ix":2},"a":{"a":0,"k":[0,0],"ix":1},"s":{"a":0,"k":[100,100],"ix":3},"r":{"a":0,"k":0,"ix":6},"o":{"a":0,"k":100,"ix":7},"sk":{"a":0,"k":0,"ix":4},"sa":{"a":0,"k":0,"ix":5},"nm":"Transform"}],"nm":"к","np":3,"cix":2,"bm":0,"ix":23,"mn":"ADBE Vector Group","hd":false},{"ty":"gr","it":[{"ind":0,"ty":"sh","ix":1,"ks":{"a":0,"k":{"i":[[0,0],[0,0],[0,0],[0,0],[0,0],[0,0],[0,0],[0,0],[0,0],[0,0],[0,0],[0,0]],"o":[[0,0],[0,0],[0,0],[0,0],[0,0],[0,0],[0,0],[0,0],[0,0],[0,0],[0,0],[0,0]],"v":[[-22.344,-1.35],[-20.906,-1.35],[-17.157,-7.274],[-17.02,-7.274],[-17.02,-1.35],[-15.376,-1.35],[-15.376,-9.962],[-16.831,-9.962],[-20.581,-4.055],[-20.701,-4.055],[-20.701,-9.962],[-22.344,-9.962]],"c":true},"ix":2},"nm":"и","mn":"ADBE Vector Shape - Group","hd":false},{"ty":"fl","c":{"a":0,"k":[1,1,1,1],"ix":4},"o":{"a":0,"k":100,"ix":5},"r":1,"bm":0,"nm":"Fill 1","mn":"ADBE Vector Graphic - Fill","hd":false},{"ty":"tr","p":{"a":0,"k":[0,0],"ix":2},"a":{"a":0,"k":[0,0],"ix":1},"s":{"a":0,"k":[100,100],"ix":3},"r":{"a":0,"k":0,"ix":6},"o":{"a":0,"k":100,"ix":7},"sk":{"a":0,"k":0,"ix":4},"sa":{"a":0,"k":0,"ix":5},"nm":"Transform"}],"nm":"и","np":3,"cix":2,"bm":0,"ix":24,"mn":"ADBE Vector Group","hd":false},{"ty":"gr","it":[{"ind":0,"ty":"sh","ix":1,"ks":{"a":0,"k":{"i":[[0,0],[0,0],[0,0],[0,0],[0,0],[0,0],[0,0]],"o":[[0,0],[0,0],[0,0],[0,0],[0,0],[0,0],[0,0]],"v":[[-6.585,-2.035],[-6.585,-3.987],[-8.503,-5.99],[-6.602,-8.044],[-6.602,-9.842],[-9.872,-6.366],[-9.872,-5.51]],"c":true},"ix":2},"nm":"«","mn":"ADBE Vector Shape - Group","hd":false},{"ind":1,"ty":"sh","ix":2,"ks":{"a":0,"k":{"i":[[0,0],[0,0],[0,0],[0,0],[0,0],[0,0],[0,0]],"o":[[0,0],[0,0],[0,0],[0,0],[0,0],[0,0],[0,0]],"v":[[-3.435,-2.069],[-3.435,-3.918],[-5.352,-5.955],[-3.452,-8.01],[-3.452,-9.807],[-6.688,-6.366],[-6.688,-5.51]],"c":true},"ix":2},"nm":"«","mn":"ADBE Vector Shape - Group","hd":false},{"ty":"mm","mm":1,"nm":"Merge Paths 1","mn":"ADBE Vector Filter - Merge","hd":false},{"ty":"fl","c":{"a":0,"k":[1,1,1,1],"ix":4},"o":{"a":0,"k":100,"ix":5},"r":1,"bm":0,"nm":"Fill 1","mn":"ADBE Vector Graphic - Fill","hd":false},{"ty":"tr","p":{"a":0,"k":[0,0],"ix":2},"a":{"a":0,"k":[0,0],"ix":1},"s":{"a":0,"k":[100,100],"ix":3},"r":{"a":0,"k":0,"ix":6},"o":{"a":0,"k":100,"ix":7},"sk":{"a":0,"k":0,"ix":4},"sa":{"a":0,"k":0,"ix":5},"nm":"Transform"}],"nm":"«","np":5,"cix":2,"bm":0,"ix":25,"mn":"ADBE Vector Group","hd":false},{"ty":"gr","it":[{"ind":0,"ty":"sh","ix":1,"ks":{"a":0,"k":{"i":[[0,0],[0,0],[0,0],[0,0],[0,0],[0,0],[0,0],[0,0],[0,0],[0,0],[0,0],[0,0],[0,0],[0,0],[0,0],[0,0]],"o":[[0,0],[0,0],[0,0],[0,0],[0,0],[0,0],[0,0],[0,0],[0,0],[0,0],[0,0],[0,0],[0,0],[0,0],[0,0],[0,0]],"v":[[-1.4,-1.35],[0.073,-1.35],[0.073,-11.605],[0.175,-11.605],[3.462,-1.35],[4.746,-1.35],[8.034,-11.605],[8.136,-11.605],[8.136,-1.35],[9.865,-1.35],[9.865,-14.19],[7.657,-14.19],[4.318,-3.969],[4.233,-3.969],[0.877,-14.19],[-1.4,-14.19]],"c":true},"ix":2},"nm":"М","mn":"ADBE Vector Shape - Group","hd":false},{"ty":"fl","c":{"a":0,"k":[1,1,1,1],"ix":4},"o":{"a":0,"k":100,"ix":5},"r":1,"bm":0,"nm":"Fill 1","mn":"ADBE Vector Graphic - Fill","hd":false},{"ty":"tr","p":{"a":0,"k":[0,0],"ix":2},"a":{"a":0,"k":[0,0],"ix":1},"s":{"a":0,"k":[100,100],"ix":3},"r":{"a":0,"k":0,"ix":6},"o":{"a":0,"k":100,"ix":7},"sk":{"a":0,"k":0,"ix":4},"sa":{"a":0,"k":0,"ix":5},"nm":"Transform"}],"nm":"М","np":3,"cix":2,"bm":0,"ix":26,"mn":"ADBE Vector Group","hd":false},{"ty":"gr","it":[{"ind":0,"ty":"sh","ix":1,"ks":{"a":0,"k":{"i":[[-2.311,0],[0,2.842],[2.26,0],[0,-2.825]],"o":[[2.294,0],[0,-2.825],[-2.311,0],[0,2.842]],"v":[[15.776,-1.179],[19.8,-5.647],[15.776,-10.133],[11.753,-5.63]],"c":true},"ix":2},"nm":"о","mn":"ADBE Vector Shape - Group","hd":false},{"ind":1,"ty":"sh","ix":2,"ks":{"a":0,"k":{"i":[[1.25,0],[0,2.123],[-1.284,0],[0,-2.123]],"o":[[-1.284,0],[0,-2.14],[1.216,0],[0,2.123]],"v":[[15.776,-2.617],[13.482,-5.63],[15.776,-8.695],[18.071,-5.647]],"c":true},"ix":2},"nm":"о","mn":"ADBE Vector Shape - Group","hd":false},{"ty":"mm","mm":1,"nm":"Merge Paths 1","mn":"ADBE Vector Filter - Merge","hd":false},{"ty":"fl","c":{"a":0,"k":[1,1,1,1],"ix":4},"o":{"a":0,"k":100,"ix":5},"r":1,"bm":0,"nm":"Fill 1","mn":"ADBE Vector Graphic - Fill","hd":false},{"ty":"tr","p":{"a":0,"k":[0,0],"ix":2},"a":{"a":0,"k":[0,0],"ix":1},"s":{"a":0,"k":[100,100],"ix":3},"r":{"a":0,"k":0,"ix":6},"o":{"a":0,"k":100,"ix":7},"sk":{"a":0,"k":0,"ix":4},"sa":{"a":0,"k":0,"ix":5},"nm":"Transform"}],"nm":"о","np":5,"cix":2,"bm":0,"ix":27,"mn":"ADBE Vector Group","hd":false},{"ty":"gr","it":[{"ind":0,"ty":"sh","ix":1,"ks":{"a":0,"k":{"i":[[0,0],[0,0],[0,0],[0,0],[0,0],[0,0],[0,0],[0,0],[0,0],[0,0],[0,0],[0,0]],"o":[[0,0],[0,0],[0,0],[0,0],[0,0],[0,0],[0,0],[0,0],[0,0],[0,0],[0,0],[0,0]],"v":[[21.583,-1.35],[23.021,-1.35],[26.771,-7.274],[26.907,-7.274],[26.907,-1.35],[28.551,-1.35],[28.551,-9.962],[27.096,-9.962],[23.346,-4.055],[23.227,-4.055],[23.227,-9.962],[21.583,-9.962]],"c":true},"ix":2},"nm":"й","mn":"ADBE Vector Shape - Group","hd":false},{"ind":1,"ty":"sh","ix":2,"ks":{"a":0,"k":{"i":[[-1.524,0],[0,1.832],[0,0],[0.924,0],[0,0.736],[0,0]],"o":[[1.524,0],[0,0],[0,0.736],[-0.959,0],[0,0],[0,1.815]],"v":[[25.076,-11.126],[27.781,-13.728],[26.325,-13.728],[25.076,-12.393],[23.826,-13.728],[22.371,-13.728]],"c":true},"ix":2},"nm":"й","mn":"ADBE Vector Shape - Group","hd":false},{"ty":"mm","mm":1,"nm":"Merge Paths 1","mn":"ADBE Vector Filter - Merge","hd":false},{"ty":"fl","c":{"a":0,"k":[1,1,1,1],"ix":4},"o":{"a":0,"k":100,"ix":5},"r":1,"bm":0,"nm":"Fill 1","mn":"ADBE Vector Graphic - Fill","hd":false},{"ty":"tr","p":{"a":0,"k":[0,0],"ix":2},"a":{"a":0,"k":[0,0],"ix":1},"s":{"a":0,"k":[100,100],"ix":3},"r":{"a":0,"k":0,"ix":6},"o":{"a":0,"k":100,"ix":7},"sk":{"a":0,"k":0,"ix":4},"sa":{"a":0,"k":0,"ix":5},"nm":"Transform"}],"nm":"й","np":5,"cix":2,"bm":0,"ix":28,"mn":"ADBE Vector Group","hd":false},{"ty":"gr","it":[{"ind":0,"ty":"sh","ix":1,"ks":{"a":0,"k":{"i":[[0,0],[0,0],[0,0],[0,0],[0,0],[0,0],[0,0],[0,0]],"o":[[0,0],[0,0],[0,0],[0,0],[0,0],[0,0],[0,0],[0,0]],"v":[[37.565,-1.35],[39.294,-1.35],[39.294,-12.667],[42.838,-12.667],[42.838,-14.19],[34.004,-14.19],[34.004,-12.667],[37.565,-12.667]],"c":true},"ix":2},"nm":"T","mn":"ADBE Vector Shape - Group","hd":false},{"ty":"fl","c":{"a":0,"k":[1,1,1,1],"ix":4},"o":{"a":0,"k":100,"ix":5},"r":1,"bm":0,"nm":"Fill 1","mn":"ADBE Vector Graphic - Fill","hd":false},{"ty":"tr","p":{"a":0,"k":[0,0],"ix":2},"a":{"a":0,"k":[0,0],"ix":1},"s":{"a":0,"k":[100,100],"ix":3},"r":{"a":0,"k":0,"ix":6},"o":{"a":0,"k":100,"ix":7},"sk":{"a":0,"k":0,"ix":4},"sa":{"a":0,"k":0,"ix":5},"nm":"Transform"}],"nm":"T","np":3,"cix":2,"bm":0,"ix":29,"mn":"ADBE Vector Group","hd":false},{"ty":"gr","it":[{"ind":0,"ty":"sh","ix":1,"ks":{"a":0,"k":{"i":[[-2.671,0],[-0.565,0.445],[0,0],[1.027,0],[-0.017,1.952],[0,0],[0,0.445],[2.02,0],[0,-2.825]],"o":[[1.25,0],[0,0],[-0.719,0.599],[-1.695,0],[0,0],[0.051,-0.171],[0,-2.397],[-2.311,0],[0,3.013]],"v":[[46.395,-1.179],[49.288,-1.915],[49.288,-3.439],[46.6,-2.617],[43.895,-5.544],[49.477,-5.544],[49.579,-6.606],[46.035,-10.133],[42.115,-5.63]],"c":true},"ix":2},"nm":"e","mn":"ADBE Vector Shape - Group","hd":false},{"ind":1,"ty":"sh","ix":2,"ks":{"a":0,"k":{"i":[[0,0],[-1.079,0],[-0.086,-1.609]],"o":[[0.205,-1.472],[1.01,0],[0,0]],"v":[[43.878,-6.674],[45.95,-8.814],[47.936,-6.674]],"c":true},"ix":2},"nm":"e","mn":"ADBE Vector Shape - Group","hd":false},{"ty":"mm","mm":1,"nm":"Merge Paths 1","mn":"ADBE Vector Filter - Merge","hd":false},{"ty":"fl","c":{"a":0,"k":[1,1,1,1],"ix":4},"o":{"a":0,"k":100,"ix":5},"r":1,"bm":0,"nm":"Fill 1","mn":"ADBE Vector Graphic - Fill","hd":false},{"ty":"tr","p":{"a":0,"k":[0,0],"ix":2},"a":{"a":0,"k":[0,0],"ix":1},"s":{"a":0,"k":[100,100],"ix":3},"r":{"a":0,"k":0,"ix":6},"o":{"a":0,"k":100,"ix":7},"sk":{"a":0,"k":0,"ix":4},"sa":{"a":0,"k":0,"ix":5},"nm":"Transform"}],"nm":"e","np":5,"cix":2,"bm":0,"ix":30,"mn":"ADBE Vector Group","hd":false},{"ty":"gr","it":[{"ind":0,"ty":"sh","ix":1,"ks":{"a":0,"k":{"i":[[0,0],[-1.318,0],[-0.257,0.154],[0,0],[0.411,0.017],[0,0.753],[0,0],[0,0]],"o":[[0,1.592],[0.565,0],[0,0],[-0.257,0.137],[-0.445,0],[0,0],[0,0],[0,0]],"v":[[51.264,-3.319],[53.387,-1.179],[54.62,-1.453],[54.62,-2.874],[53.729,-2.651],[52.908,-3.559],[52.908,-14.19],[51.264,-14.19]],"c":true},"ix":2},"nm":"l","mn":"ADBE Vector Shape - Group","hd":false},{"ty":"fl","c":{"a":0,"k":[1,1,1,1],"ix":4},"o":{"a":0,"k":100,"ix":5},"r":1,"bm":0,"nm":"Fill 1","mn":"ADBE Vector Graphic - Fill","hd":false},{"ty":"tr","p":{"a":0,"k":[0,0],"ix":2},"a":{"a":0,"k":[0,0],"ix":1},"s":{"a":0,"k":[100,100],"ix":3},"r":{"a":0,"k":0,"ix":6},"o":{"a":0,"k":100,"ix":7},"sk":{"a":0,"k":0,"ix":4},"sa":{"a":0,"k":0,"ix":5},"nm":"Transform"}],"nm":"l","np":3,"cix":2,"bm":0,"ix":31,"mn":"ADBE Vector Group","hd":false},{"ty":"gr","it":[{"ind":0,"ty":"sh","ix":1,"ks":{"a":0,"k":{"i":[[-2.671,0],[-0.565,0.445],[0,0],[1.027,0],[-0.017,1.952],[0,0],[0,0.445],[2.02,0],[0,-2.825]],"o":[[1.25,0],[0,0],[-0.719,0.599],[-1.695,0],[0,0],[0.051,-0.171],[0,-2.397],[-2.311,0],[0,3.013]],"v":[[59.672,-1.179],[62.565,-1.915],[62.565,-3.439],[59.877,-2.617],[57.172,-5.544],[62.753,-5.544],[62.856,-6.606],[59.312,-10.133],[55.392,-5.63]],"c":true},"ix":2},"nm":"e","mn":"ADBE Vector Shape - Group","hd":false},{"ind":1,"ty":"sh","ix":2,"ks":{"a":0,"k":{"i":[[0,0],[-1.079,0],[-0.086,-1.609]],"o":[[0.205,-1.472],[1.01,0],[0,0]],"v":[[57.155,-6.674],[59.227,-8.814],[61.213,-6.674]],"c":true},"ix":2},"nm":"e","mn":"ADBE Vector Shape - Group","hd":false},{"ty":"mm","mm":1,"nm":"Merge Paths 1","mn":"ADBE Vector Filter - Merge","hd":false},{"ty":"fl","c":{"a":0,"k":[1,1,1,1],"ix":4},"o":{"a":0,"k":100,"ix":5},"r":1,"bm":0,"nm":"Fill 1","mn":"ADBE Vector Graphic - Fill","hd":false},{"ty":"tr","p":{"a":0,"k":[0,0],"ix":2},"a":{"a":0,"k":[0,0],"ix":1},"s":{"a":0,"k":[100,100],"ix":3},"r":{"a":0,"k":0,"ix":6},"o":{"a":0,"k":100,"ix":7},"sk":{"a":0,"k":0,"ix":4},"sa":{"a":0,"k":0,"ix":5},"nm":"Transform"}],"nm":"e","np":5,"cix":2,"bm":0,"ix":32,"mn":"ADBE Vector Group","hd":false},{"ty":"gr","it":[{"ind":0,"ty":"sh","ix":1,"ks":{"a":0,"k":{"i":[[0,0],[0,0],[0,0],[0,0],[0,1.626],[2.311,0],[0.736,-0.616],[0,0],[-0.942,0],[0,-1.301],[1.01,-1.301],[0,0],[0,0]],"o":[[0,0],[0,0],[0,0],[1.318,-1.644],[0,-2.089],[-1.096,0],[0,0],[0.942,-0.805],[1.301,0],[0,1.164],[0,0],[0,0],[0,0]],"v":[[71.577,-1.35],[71.577,-2.908],[66.03,-2.908],[68.941,-6.52],[71.098,-11.04],[67.657,-14.361],[64.472,-13.471],[64.472,-11.828],[67.349,-12.855],[69.283,-10.92],[67.657,-7.359],[63.976,-2.737],[63.976,-1.35]],"c":true},"ix":2},"nm":"2","mn":"ADBE Vector Shape - Group","hd":false},{"ty":"fl","c":{"a":0,"k":[1,1,1,1],"ix":4},"o":{"a":0,"k":100,"ix":5},"r":1,"bm":0,"nm":"Fill 1","mn":"ADBE Vector Graphic - Fill","hd":false},{"ty":"tr","p":{"a":0,"k":[0,0],"ix":2},"a":{"a":0,"k":[0,0],"ix":1},"s":{"a":0,"k":[100,100],"ix":3},"r":{"a":0,"k":0,"ix":6},"o":{"a":0,"k":100,"ix":7},"sk":{"a":0,"k":0,"ix":4},"sa":{"a":0,"k":0,"ix":5},"nm":"Transform"}],"nm":"2","np":3,"cix":2,"bm":0,"ix":33,"mn":"ADBE Vector Group","hd":false},{"ty":"gr","it":[{"ind":0,"ty":"sh","ix":1,"ks":{"a":0,"k":{"i":[[0,0],[0,0],[0,0],[0,0],[0,0],[0,0],[0,0]],"o":[[0,0],[0,0],[0,0],[0,0],[0,0],[0,0],[0,0]],"v":[[75.848,-2.035],[79.118,-5.51],[79.118,-6.366],[75.831,-9.842],[75.831,-7.89],[77.766,-5.887],[75.848,-3.815]],"c":true},"ix":2},"nm":"»","mn":"ADBE Vector Shape - Group","hd":false},{"ind":1,"ty":"sh","ix":2,"ks":{"a":0,"k":{"i":[[0,0],[0,0],[0,0],[0,0],[0,0],[0,0],[0,0]],"o":[[0,0],[0,0],[0,0],[0,0],[0,0],[0,0],[0,0]],"v":[[72.698,-2.052],[75.934,-5.51],[75.934,-6.366],[72.681,-9.807],[72.681,-7.958],[74.599,-5.921],[72.698,-3.867]],"c":true},"ix":2},"nm":"»","mn":"ADBE Vector Shape - Group","hd":false},{"ty":"mm","mm":1,"nm":"Merge Paths 1","mn":"ADBE Vector Filter - Merge","hd":false},{"ty":"fl","c":{"a":0,"k":[1,1,1,1],"ix":4},"o":{"a":0,"k":100,"ix":5},"r":1,"bm":0,"nm":"Fill 1","mn":"ADBE Vector Graphic - Fill","hd":false},{"ty":"tr","p":{"a":0,"k":[0,0],"ix":2},"a":{"a":0,"k":[0,0],"ix":1},"s":{"a":0,"k":[100,100],"ix":3},"r":{"a":0,"k":0,"ix":6},"o":{"a":0,"k":100,"ix":7},"sk":{"a":0,"k":0,"ix":4},"sa":{"a":0,"k":0,"ix":5},"nm":"Transform"}],"nm":"»","np":5,"cix":2,"bm":0,"ix":34,"mn":"ADBE Vector Group","hd":false}],"ip":0,"op":325,"st":0,"bm":0},{"ddd":0,"ind":5,"ty":4,"nm":"Делитесь гб легко и бесплатно  Outlines","sr":1,"ks":{"o":{"a":1,"k":[{"i":{"x":[0.833],"y":[0.833]},"o":{"x":[0.167],"y":[0.167]},"t":0,"s":[0]},{"t":25,"s":[100]}],"ix":11},"r":{"a":0,"k":0,"ix":10},"p":{"a":1,"k":[{"i":{"x":0,"y":1},"o":{"x":0.333,"y":0},"t":0,"s":[142.5,735.5,0],"to":[0,-43.333,0],"ti":[0,43.333,0]},{"t":25,"s":[142.5,475.5,0]}],"ix":2},"a":{"a":0,"k":[0,0,0],"ix":1},"s":{"a":0,"k":[100,100,100],"ix":6}},"ao":0,"shapes":[{"ty":"gr","it":[{"ind":0,"ty":"sh","ix":1,"ks":{"a":0,"k":{"i":[[0,0],[0,0],[0,4.059],[0,0],[0,0],[0,0],[0,0],[0,0],[3.34,-0.437],[0,0],[0,0],[0,0],[0,0]],"o":[[0,0],[0.78,-2.092],[0,0],[0,0],[0,0],[0,0],[0,0],[0,6.681],[0,0],[0,0],[0,0],[0,0],[0,0]],"v":[[-104.23,-83.359],[-107.914,-83.359],[-106.852,-92.506],[-106.852,-97.095],[-104.23,-97.095],[-104.23,-101.154],[-111.41,-101.154],[-111.41,-93.005],[-114.876,-83.359],[-114.876,-73.993],[-110.318,-73.993],[-110.318,-79.3],[-104.23,-79.3]],"c":true},"ix":2},"nm":"Д","mn":"ADBE Vector Shape - Group","hd":false},{"ind":1,"ty":"sh","ix":2,"ks":{"a":0,"k":{"i":[[0,0],[0,0],[0,0],[0,0],[0,0],[0,0],[0,0],[0,0],[0,0],[0,0],[0,0],[0,0]],"o":[[0,0],[0,0],[0,0],[0,0],[0,0],[0,0],[0,0],[0,0],[0,0],[0,0],[0,0],[0,0]],"v":[[-103.293,-79.3],[-97.549,-79.3],[-97.549,-73.993],[-92.991,-73.993],[-92.991,-83.359],[-95.988,-83.359],[-95.988,-101.154],[-103.293,-101.154],[-103.293,-97.095],[-100.515,-97.095],[-100.515,-83.359],[-103.293,-83.359]],"c":true},"ix":2},"nm":"Д","mn":"ADBE Vector Shape - Group","hd":false},{"ty":"mm","mm":1,"nm":"Merge Paths 1","mn":"ADBE Vector Filter - Merge","hd":false},{"ty":"fl","c":{"a":0,"k":[1,1,1,1],"ix":4},"o":{"a":0,"k":100,"ix":5},"r":1,"bm":0,"nm":"Fill 1","mn":"ADBE Vector Graphic - Fill","hd":false},{"ty":"tr","p":{"a":0,"k":[0,0],"ix":2},"a":{"a":0,"k":[0,0],"ix":1},"s":{"a":0,"k":[100,100],"ix":3},"r":{"a":0,"k":0,"ix":6},"o":{"a":0,"k":100,"ix":7},"sk":{"a":0,"k":0,"ix":4},"sa":{"a":0,"k":0,"ix":5},"nm":"Transform"}],"nm":"Д","np":5,"cix":2,"bm":0,"ix":1,"mn":"ADBE Vector Group","hd":false},{"ty":"gr","it":[{"ind":0,"ty":"sh","ix":1,"ks":{"a":0,"k":{"i":[[0,0],[0,0],[0,0],[0,0]],"o":[[0,0],[0,0],[0,0],[0,0]],"v":[[-85.161,-97.095],[-75.827,-97.095],[-75.827,-101.154],[-85.161,-101.154]],"c":true},"ix":2},"nm":"е","mn":"ADBE Vector Shape - Group","hd":false},{"ind":1,"ty":"sh","ix":2,"ks":{"a":0,"k":{"i":[[0,0],[0,0],[0,0],[0,0]],"o":[[0,0],[0,0],[0,0],[0,0]],"v":[[-85.161,-88.447],[-76.326,-88.447],[-76.326,-92.412],[-85.161,-92.412]],"c":true},"ix":2},"nm":"е","mn":"ADBE Vector Shape - Group","hd":false},{"ind":2,"ty":"sh","ix":3,"ks":{"a":0,"k":{"i":[[0,0],[0,0],[0,0],[0,0]],"o":[[0,0],[0,0],[0,0],[0,0]],"v":[[-85.161,-79.3],[-75.421,-79.3],[-75.421,-83.359],[-85.161,-83.359]],"c":true},"ix":2},"nm":"е","mn":"ADBE Vector Shape - Group","hd":false},{"ind":3,"ty":"sh","ix":4,"ks":{"a":0,"k":{"i":[[0,0],[0,0],[0,0],[0,0]],"o":[[0,0],[0,0],[0,0],[0,0]],"v":[[-86.098,-101.154],[-90.656,-101.154],[-90.656,-79.3],[-86.098,-79.3]],"c":true},"ix":2},"nm":"е","mn":"ADBE Vector Shape - Group","hd":false},{"ty":"mm","mm":1,"nm":"Merge Paths 1","mn":"ADBE Vector Filter - Merge","hd":false},{"ty":"fl","c":{"a":0,"k":[1,1,1,1],"ix":4},"o":{"a":0,"k":100,"ix":5},"r":1,"bm":0,"nm":"Fill 1","mn":"ADBE Vector Graphic - Fill","hd":false},{"ty":"tr","p":{"a":0,"k":[0,0],"ix":2},"a":{"a":0,"k":[0,0],"ix":1},"s":{"a":0,"k":[100,100],"ix":3},"r":{"a":0,"k":0,"ix":6},"o":{"a":0,"k":100,"ix":7},"sk":{"a":0,"k":0,"ix":4},"sa":{"a":0,"k":0,"ix":5},"nm":"Transform"}],"nm":"е","np":7,"cix":2,"bm":0,"ix":2,"mn":"ADBE Vector Group","hd":false},{"ty":"gr","it":[{"ind":0,"ty":"sh","ix":1,"ks":{"a":0,"k":{"i":[[0,0],[0,0],[0,0],[3.465,0],[0,0],[-1.218,1.717],[0,5.682],[0,0],[0,0]],"o":[[0,0],[0,0],[0,6.681],[0,0],[3.184,0],[1.436,-2.029],[0,0],[0,0],[0,0]],"v":[[-63,-101.154],[-70.211,-101.154],[-70.211,-93.005],[-73.677,-83.359],[-73.677,-79.3],[-67.464,-82.141],[-65.653,-92.506],[-65.653,-97.095],[-63,-97.095]],"c":true},"ix":2},"nm":"л","mn":"ADBE Vector Shape - Group","hd":false},{"ind":1,"ty":"sh","ix":2,"ks":{"a":0,"k":{"i":[[0,0],[0,0],[0,0],[0,0],[0,0],[0,0]],"o":[[0,0],[0,0],[0,0],[0,0],[0,0],[0,0]],"v":[[-62.032,-97.095],[-59.347,-97.095],[-59.347,-79.3],[-54.789,-79.3],[-54.789,-101.154],[-62.032,-101.154]],"c":true},"ix":2},"nm":"л","mn":"ADBE Vector Shape - Group","hd":false},{"ty":"mm","mm":1,"nm":"Merge Paths 1","mn":"ADBE Vector Filter - Merge","hd":false},{"ty":"fl","c":{"a":0,"k":[1,1,1,1],"ix":4},"o":{"a":0,"k":100,"ix":5},"r":1,"bm":0,"nm":"Fill 1","mn":"ADBE Vector Graphic - Fill","hd":false},{"ty":"tr","p":{"a":0,"k":[0,0],"ix":2},"a":{"a":0,"k":[0,0],"ix":1},"s":{"a":0,"k":[100,100],"ix":3},"r":{"a":0,"k":0,"ix":6},"o":{"a":0,"k":100,"ix":7},"sk":{"a":0,"k":0,"ix":4},"sa":{"a":0,"k":0,"ix":5},"nm":"Transform"}],"nm":"л","np":5,"cix":2,"bm":0,"ix":3,"mn":"ADBE Vector Group","hd":false},{"ty":"gr","it":[{"ind":0,"ty":"sh","ix":1,"ks":{"a":0,"k":{"i":[[0,0],[0,0],[0,0],[0,0]],"o":[[0,0],[0,0],[0,0],[0,0]],"v":[[-46.635,-101.154],[-51.193,-101.154],[-51.193,-79.3],[-46.635,-79.3]],"c":true},"ix":2},"nm":"и","mn":"ADBE Vector Shape - Group","hd":false},{"ind":1,"ty":"sh","ix":2,"ks":{"a":0,"k":{"i":[[0,0],[0,0],[0,0],[0,0]],"o":[[0,0],[0,0],[0,0],[0,0]],"v":[[-38.112,-101.154],[-38.112,-79.3],[-33.554,-79.3],[-33.554,-101.154]],"c":true},"ix":2},"nm":"и","mn":"ADBE Vector Shape - Group","hd":false},{"ind":2,"ty":"sh","ix":3,"ks":{"a":0,"k":{"i":[[0,0],[0,0],[0,0],[0,0]],"o":[[0,0],[0,0],[0,0],[0,0]],"v":[[-39.049,-92.069],[-39.049,-99.562],[-45.698,-88.323],[-45.698,-80.861]],"c":true},"ix":2},"nm":"и","mn":"ADBE Vector Shape - Group","hd":false},{"ty":"mm","mm":1,"nm":"Merge Paths 1","mn":"ADBE Vector Filter - Merge","hd":false},{"ty":"fl","c":{"a":0,"k":[1,1,1,1],"ix":4},"o":{"a":0,"k":100,"ix":5},"r":1,"bm":0,"nm":"Fill 1","mn":"ADBE Vector Graphic - Fill","hd":false},{"ty":"tr","p":{"a":0,"k":[0,0],"ix":2},"a":{"a":0,"k":[0,0],"ix":1},"s":{"a":0,"k":[100,100],"ix":3},"r":{"a":0,"k":0,"ix":6},"o":{"a":0,"k":100,"ix":7},"sk":{"a":0,"k":0,"ix":4},"sa":{"a":0,"k":0,"ix":5},"nm":"Transform"}],"nm":"и","np":6,"cix":2,"bm":0,"ix":4,"mn":"ADBE Vector Group","hd":false},{"ty":"gr","it":[{"ind":0,"ty":"sh","ix":1,"ks":{"a":0,"k":{"i":[[0,0],[0,0],[0,0],[0,0]],"o":[[0,0],[0,0],[0,0],[0,0]],"v":[[-19.593,-97.095],[-14.411,-97.095],[-14.411,-101.154],[-19.593,-101.154]],"c":true},"ix":2},"nm":"т","mn":"ADBE Vector Shape - Group","hd":false},{"ind":1,"ty":"sh","ix":2,"ks":{"a":0,"k":{"i":[[0,0],[0,0],[0,0],[0,0]],"o":[[0,0],[0,0],[0,0],[0,0]],"v":[[-26.024,-97.095],[-26.024,-101.154],[-31.207,-101.154],[-31.207,-97.095]],"c":true},"ix":2},"nm":"т","mn":"ADBE Vector Shape - Group","hd":false},{"ind":2,"ty":"sh","ix":3,"ks":{"a":0,"k":{"i":[[0,0],[0,0],[0,0],[0,0]],"o":[[0,0],[0,0],[0,0],[0,0]],"v":[[-25.088,-101.154],[-25.088,-79.3],[-20.53,-79.3],[-20.53,-101.154]],"c":true},"ix":2},"nm":"т","mn":"ADBE Vector Shape - Group","hd":false},{"ty":"mm","mm":1,"nm":"Merge Paths 1","mn":"ADBE Vector Filter - Merge","hd":false},{"ty":"fl","c":{"a":0,"k":[1,1,1,1],"ix":4},"o":{"a":0,"k":100,"ix":5},"r":1,"bm":0,"nm":"Fill 1","mn":"ADBE Vector Graphic - Fill","hd":false},{"ty":"tr","p":{"a":0,"k":[0,0],"ix":2},"a":{"a":0,"k":[0,0],"ix":1},"s":{"a":0,"k":[100,100],"ix":3},"r":{"a":0,"k":0,"ix":6},"o":{"a":0,"k":100,"ix":7},"sk":{"a":0,"k":0,"ix":4},"sa":{"a":0,"k":0,"ix":5},"nm":"Transform"}],"nm":"т","np":6,"cix":2,"bm":0,"ix":5,"mn":"ADBE Vector Group","hd":false},{"ty":"gr","it":[{"ind":0,"ty":"sh","ix":1,"ks":{"a":0,"k":{"i":[[0,0],[0,0],[0,0],[0,0]],"o":[[0,0],[0,0],[0,0],[0,0]],"v":[[-6.546,-97.095],[2.789,-97.095],[2.789,-101.154],[-6.546,-101.154]],"c":true},"ix":2},"nm":"е","mn":"ADBE Vector Shape - Group","hd":false},{"ind":1,"ty":"sh","ix":2,"ks":{"a":0,"k":{"i":[[0,0],[0,0],[0,0],[0,0]],"o":[[0,0],[0,0],[0,0],[0,0]],"v":[[-6.546,-88.447],[2.289,-88.447],[2.289,-92.412],[-6.546,-92.412]],"c":true},"ix":2},"nm":"е","mn":"ADBE Vector Shape - Group","hd":false},{"ind":2,"ty":"sh","ix":3,"ks":{"a":0,"k":{"i":[[0,0],[0,0],[0,0],[0,0]],"o":[[0,0],[0,0],[0,0],[0,0]],"v":[[-6.546,-79.3],[3.195,-79.3],[3.195,-83.359],[-6.546,-83.359]],"c":true},"ix":2},"nm":"е","mn":"ADBE Vector Shape - Group","hd":false},{"ind":3,"ty":"sh","ix":4,"ks":{"a":0,"k":{"i":[[0,0],[0,0],[0,0],[0,0]],"o":[[0,0],[0,0],[0,0],[0,0]],"v":[[-7.482,-101.154],[-12.041,-101.154],[-12.041,-79.3],[-7.482,-79.3]],"c":true},"ix":2},"nm":"е","mn":"ADBE Vector Shape - Group","hd":false},{"ty":"mm","mm":1,"nm":"Merge Paths 1","mn":"ADBE Vector Filter - Merge","hd":false},{"ty":"fl","c":{"a":0,"k":[1,1,1,1],"ix":4},"o":{"a":0,"k":100,"ix":5},"r":1,"bm":0,"nm":"Fill 1","mn":"ADBE Vector Graphic - Fill","hd":false},{"ty":"tr","p":{"a":0,"k":[0,0],"ix":2},"a":{"a":0,"k":[0,0],"ix":1},"s":{"a":0,"k":[100,100],"ix":3},"r":{"a":0,"k":0,"ix":6},"o":{"a":0,"k":100,"ix":7},"sk":{"a":0,"k":0,"ix":4},"sa":{"a":0,"k":0,"ix":5},"nm":"Transform"}],"nm":"е","np":7,"cix":2,"bm":0,"ix":6,"mn":"ADBE Vector Group","hd":false},{"ty":"gr","it":[{"ind":0,"ty":"sh","ix":1,"ks":{"a":0,"k":{"i":[[0,0],[-0.531,-1.717],[0,0],[4.808,0.187]],"o":[[2.498,0.219],[0,0],[-1.436,-3.184],[0,0]],"v":[[16.115,-97.501],[20.736,-93.661],[24.857,-95.565],[16.115,-101.716]],"c":true},"ix":2},"nm":"с","mn":"ADBE Vector Shape - Group","hd":false},{"ind":1,"ty":"sh","ix":2,"ks":{"a":0,"k":{"i":[[0,0],[-1.28,2.935],[0,0],[2.31,-0.187]],"o":[[5.12,-0.187],[0,0],[-0.78,2.435],[0,0]],"v":[[16.115,-78.738],[25.231,-85.138],[20.923,-87.167],[16.115,-82.953]],"c":true},"ix":2},"nm":"с","mn":"ADBE Vector Shape - Group","hd":false},{"ind":2,"ty":"sh","ix":3,"ks":{"a":0,"k":{"i":[[0,0],[0,3.84],[-2.966,0.25],[0,0],[0,-8.429],[-6.275,-0.219]],"o":[[-3.403,-0.281],[0,-4.464],[0,0],[-4.34,0.187],[0,6.338],[0,0]],"v":[[15.179,-82.953],[9.996,-90.258],[15.179,-97.501],[15.179,-101.716],[5.251,-90.227],[15.179,-78.738]],"c":true},"ix":2},"nm":"с","mn":"ADBE Vector Shape - Group","hd":false},{"ty":"mm","mm":1,"nm":"Merge Paths 1","mn":"ADBE Vector Filter - Merge","hd":false},{"ty":"fl","c":{"a":0,"k":[1,1,1,1],"ix":4},"o":{"a":0,"k":100,"ix":5},"r":1,"bm":0,"nm":"Fill 1","mn":"ADBE Vector Graphic - Fill","hd":false},{"ty":"tr","p":{"a":0,"k":[0,0],"ix":2},"a":{"a":0,"k":[0,0],"ix":1},"s":{"a":0,"k":[100,100],"ix":3},"r":{"a":0,"k":0,"ix":6},"o":{"a":0,"k":100,"ix":7},"sk":{"a":0,"k":0,"ix":4},"sa":{"a":0,"k":0,"ix":5},"nm":"Transform"}],"nm":"с","np":6,"cix":2,"bm":0,"ix":7,"mn":"ADBE Vector Group","hd":false},{"ty":"gr","it":[{"ind":0,"ty":"sh","ix":1,"ks":{"a":0,"k":{"i":[[0,0],[0,0],[0,0],[0,0]],"o":[[0,0],[0,0],[0,0],[0,0]],"v":[[32.29,-79.3],[32.29,-101.154],[27.732,-101.154],[27.732,-79.3]],"c":true},"ix":2},"nm":"ь","mn":"ADBE Vector Shape - Group","hd":false},{"ind":1,"ty":"sh","ix":2,"ks":{"a":0,"k":{"i":[[0,0],[0,0],[0,-2.841],[2.279,0],[0,0],[0,0],[0,0],[0,3.528],[5.339,0],[0,0]],"o":[[0,0],[1.873,0],[0,2.154],[0,0],[0,0],[0,0],[5.744,0],[0,-4.183],[0,0],[0,0]],"v":[[33.227,-90.445],[36.161,-90.445],[39.845,-86.699],[36.161,-83.359],[33.227,-83.359],[33.227,-79.3],[36.474,-79.3],[44.06,-86.699],[36.63,-94.192],[33.227,-94.192]],"c":true},"ix":2},"nm":"ь","mn":"ADBE Vector Shape - Group","hd":false},{"ty":"mm","mm":1,"nm":"Merge Paths 1","mn":"ADBE Vector Filter - Merge","hd":false},{"ty":"fl","c":{"a":0,"k":[1,1,1,1],"ix":4},"o":{"a":0,"k":100,"ix":5},"r":1,"bm":0,"nm":"Fill 1","mn":"ADBE Vector Graphic - Fill","hd":false},{"ty":"tr","p":{"a":0,"k":[0,0],"ix":2},"a":{"a":0,"k":[0,0],"ix":1},"s":{"a":0,"k":[100,100],"ix":3},"r":{"a":0,"k":0,"ix":6},"o":{"a":0,"k":100,"ix":7},"sk":{"a":0,"k":0,"ix":4},"sa":{"a":0,"k":0,"ix":5},"nm":"Transform"}],"nm":"ь","np":5,"cix":2,"bm":0,"ix":8,"mn":"ADBE Vector Group","hd":false},{"ty":"gr","it":[{"ind":0,"ty":"sh","ix":1,"ks":{"a":0,"k":{"i":[[0,0],[0,0],[0,0],[0,0]],"o":[[0,0],[0,0],[0,0],[0,0]],"v":[[58.361,-101.154],[53.803,-101.154],[53.803,-79.3],[58.361,-79.3]],"c":true},"ix":2},"nm":"г","mn":"ADBE Vector Shape - Group","hd":false},{"ind":1,"ty":"sh","ix":2,"ks":{"a":0,"k":{"i":[[0,0],[0,0],[0,0],[0,0]],"o":[[0,0],[0,0],[0,0],[0,0]],"v":[[59.297,-97.095],[68.133,-97.095],[68.133,-101.154],[59.297,-101.154]],"c":true},"ix":2},"nm":"г","mn":"ADBE Vector Shape - Group","hd":false},{"ty":"mm","mm":1,"nm":"Merge Paths 1","mn":"ADBE Vector Filter - Merge","hd":false},{"ty":"fl","c":{"a":0,"k":[1,1,1,1],"ix":4},"o":{"a":0,"k":100,"ix":5},"r":1,"bm":0,"nm":"Fill 1","mn":"ADBE Vector Graphic - Fill","hd":false},{"ty":"tr","p":{"a":0,"k":[0,0],"ix":2},"a":{"a":0,"k":[0,0],"ix":1},"s":{"a":0,"k":[100,100],"ix":3},"r":{"a":0,"k":0,"ix":6},"o":{"a":0,"k":100,"ix":7},"sk":{"a":0,"k":0,"ix":4},"sa":{"a":0,"k":0,"ix":5},"nm":"Transform"}],"nm":"г","np":5,"cix":2,"bm":0,"ix":9,"mn":"ADBE Vector Group","hd":false},{"ty":"gr","it":[{"ind":0,"ty":"sh","ix":1,"ks":{"a":0,"k":{"i":[[0,0],[0,0],[0,0],[0,0]],"o":[[0,0],[0,0],[0,0],[0,0]],"v":[[75.379,-79.3],[75.379,-101.154],[70.821,-101.154],[70.821,-79.3]],"c":true},"ix":2},"nm":"б","mn":"ADBE Vector Shape - Group","hd":false},{"ind":1,"ty":"sh","ix":2,"ks":{"a":0,"k":{"i":[[0,0],[0,0],[0,3.528],[5.339,0],[0,0],[0,0],[0,0],[0,-2.841],[2.279,0],[0,0]],"o":[[0,0],[5.744,0],[0,-4.183],[0,0],[0,0],[0,0],[1.873,0],[0,2.154],[0,0],[0,0]],"v":[[76.316,-79.3],[79.563,-79.3],[87.149,-86.699],[79.719,-93.692],[76.316,-93.692],[76.316,-90.008],[79.25,-90.008],[82.934,-86.699],[79.25,-83.359],[76.316,-83.359]],"c":true},"ix":2},"nm":"б","mn":"ADBE Vector Shape - Group","hd":false},{"ind":2,"ty":"sh","ix":3,"ks":{"a":0,"k":{"i":[[0,0],[0,0],[0,0],[0,0]],"o":[[0,0],[0,0],[0,0],[0,0]],"v":[[76.316,-101.154],[76.316,-97.095],[85.213,-97.095],[85.213,-101.154]],"c":true},"ix":2},"nm":"б","mn":"ADBE Vector Shape - Group","hd":false},{"ty":"mm","mm":1,"nm":"Merge Paths 1","mn":"ADBE Vector Filter - Merge","hd":false},{"ty":"fl","c":{"a":0,"k":[1,1,1,1],"ix":4},"o":{"a":0,"k":100,"ix":5},"r":1,"bm":0,"nm":"Fill 1","mn":"ADBE Vector Graphic - Fill","hd":false},{"ty":"tr","p":{"a":0,"k":[0,0],"ix":2},"a":{"a":0,"k":[0,0],"ix":1},"s":{"a":0,"k":[100,100],"ix":3},"r":{"a":0,"k":0,"ix":6},"o":{"a":0,"k":100,"ix":7},"sk":{"a":0,"k":0,"ix":4},"sa":{"a":0,"k":0,"ix":5},"nm":"Transform"}],"nm":"б","np":6,"cix":2,"bm":0,"ix":10,"mn":"ADBE Vector Group","hd":false},{"ty":"gr","it":[{"ind":0,"ty":"sh","ix":1,"ks":{"a":0,"k":{"i":[[0,0],[0,0],[0,0],[3.465,0],[0,0],[-1.218,1.717],[0,5.682],[0,0],[0,0]],"o":[[0,0],[0,0],[0,6.681],[0,0],[3.184,0],[1.436,-2.029],[0,0],[0,0],[0,0]],"v":[[-104.199,-63.954],[-111.41,-63.954],[-111.41,-55.805],[-114.876,-46.159],[-114.876,-42.1],[-108.663,-44.941],[-106.852,-55.306],[-106.852,-59.895],[-104.199,-59.895]],"c":true},"ix":2},"nm":"л","mn":"ADBE Vector Shape - Group","hd":false},{"ind":1,"ty":"sh","ix":2,"ks":{"a":0,"k":{"i":[[0,0],[0,0],[0,0],[0,0],[0,0],[0,0]],"o":[[0,0],[0,0],[0,0],[0,0],[0,0],[0,0]],"v":[[-103.231,-59.895],[-100.546,-59.895],[-100.546,-42.1],[-95.988,-42.1],[-95.988,-63.954],[-103.231,-63.954]],"c":true},"ix":2},"nm":"л","mn":"ADBE Vector Shape - Group","hd":false},{"ty":"mm","mm":1,"nm":"Merge Paths 1","mn":"ADBE Vector Filter - Merge","hd":false},{"ty":"fl","c":{"a":0,"k":[1,1,1,1],"ix":4},"o":{"a":0,"k":100,"ix":5},"r":1,"bm":0,"nm":"Fill 1","mn":"ADBE Vector Graphic - Fill","hd":false},{"ty":"tr","p":{"a":0,"k":[0,0],"ix":2},"a":{"a":0,"k":[0,0],"ix":1},"s":{"a":0,"k":[100,100],"ix":3},"r":{"a":0,"k":0,"ix":6},"o":{"a":0,"k":100,"ix":7},"sk":{"a":0,"k":0,"ix":4},"sa":{"a":0,"k":0,"ix":5},"nm":"Transform"}],"nm":"л","np":5,"cix":2,"bm":0,"ix":11,"mn":"ADBE Vector Group","hd":false},{"ty":"gr","it":[{"ind":0,"ty":"sh","ix":1,"ks":{"a":0,"k":{"i":[[0,0],[0,0],[0,0],[0,0]],"o":[[0,0],[0,0],[0,0],[0,0]],"v":[[-86.897,-59.895],[-77.563,-59.895],[-77.563,-63.954],[-86.897,-63.954]],"c":true},"ix":2},"nm":"е","mn":"ADBE Vector Shape - Group","hd":false},{"ind":1,"ty":"sh","ix":2,"ks":{"a":0,"k":{"i":[[0,0],[0,0],[0,0],[0,0]],"o":[[0,0],[0,0],[0,0],[0,0]],"v":[[-86.897,-51.247],[-78.062,-51.247],[-78.062,-55.212],[-86.897,-55.212]],"c":true},"ix":2},"nm":"е","mn":"ADBE Vector Shape - Group","hd":false},{"ind":2,"ty":"sh","ix":3,"ks":{"a":0,"k":{"i":[[0,0],[0,0],[0,0],[0,0]],"o":[[0,0],[0,0],[0,0],[0,0]],"v":[[-86.897,-42.1],[-77.157,-42.1],[-77.157,-46.159],[-86.897,-46.159]],"c":true},"ix":2},"nm":"е","mn":"ADBE Vector Shape - Group","hd":false},{"ind":3,"ty":"sh","ix":4,"ks":{"a":0,"k":{"i":[[0,0],[0,0],[0,0],[0,0]],"o":[[0,0],[0,0],[0,0],[0,0]],"v":[[-87.834,-63.954],[-92.392,-63.954],[-92.392,-42.1],[-87.834,-42.1]],"c":true},"ix":2},"nm":"е","mn":"ADBE Vector Shape - Group","hd":false},{"ty":"mm","mm":1,"nm":"Merge Paths 1","mn":"ADBE Vector Filter - Merge","hd":false},{"ty":"fl","c":{"a":0,"k":[1,1,1,1],"ix":4},"o":{"a":0,"k":100,"ix":5},"r":1,"bm":0,"nm":"Fill 1","mn":"ADBE Vector Graphic - Fill","hd":false},{"ty":"tr","p":{"a":0,"k":[0,0],"ix":2},"a":{"a":0,"k":[0,0],"ix":1},"s":{"a":0,"k":[100,100],"ix":3},"r":{"a":0,"k":0,"ix":6},"o":{"a":0,"k":100,"ix":7},"sk":{"a":0,"k":0,"ix":4},"sa":{"a":0,"k":0,"ix":5},"nm":"Transform"}],"nm":"е","np":7,"cix":2,"bm":0,"ix":12,"mn":"ADBE Vector Group","hd":false},{"ty":"gr","it":[{"ind":0,"ty":"sh","ix":1,"ks":{"a":0,"k":{"i":[[0,0],[0,0],[0,0],[0,0]],"o":[[0,0],[0,0],[0,0],[0,0]],"v":[[-69.606,-63.954],[-74.164,-63.954],[-74.164,-42.1],[-69.606,-42.1]],"c":true},"ix":2},"nm":"г","mn":"ADBE Vector Shape - Group","hd":false},{"ind":1,"ty":"sh","ix":2,"ks":{"a":0,"k":{"i":[[0,0],[0,0],[0,0],[0,0]],"o":[[0,0],[0,0],[0,0],[0,0]],"v":[[-68.669,-59.895],[-59.834,-59.895],[-59.834,-63.954],[-68.669,-63.954]],"c":true},"ix":2},"nm":"г","mn":"ADBE Vector Shape - Group","hd":false},{"ty":"mm","mm":1,"nm":"Merge Paths 1","mn":"ADBE Vector Filter - Merge","hd":false},{"ty":"fl","c":{"a":0,"k":[1,1,1,1],"ix":4},"o":{"a":0,"k":100,"ix":5},"r":1,"bm":0,"nm":"Fill 1","mn":"ADBE Vector Graphic - Fill","hd":false},{"ty":"tr","p":{"a":0,"k":[0,0],"ix":2},"a":{"a":0,"k":[0,0],"ix":1},"s":{"a":0,"k":[100,100],"ix":3},"r":{"a":0,"k":0,"ix":6},"o":{"a":0,"k":100,"ix":7},"sk":{"a":0,"k":0,"ix":4},"sa":{"a":0,"k":0,"ix":5},"nm":"Transform"}],"nm":"г","np":5,"cix":2,"bm":0,"ix":13,"mn":"ADBE Vector Group","hd":false},{"ty":"gr","it":[{"ind":0,"ty":"sh","ix":1,"ks":{"a":0,"k":{"i":[[0,0],[0,0],[0,0],[0,0],[0,0],[0,0],[0,0]],"o":[[0,0],[0,0],[0,0],[0,0],[0,0],[0,0],[0,0]],"v":[[-40.225,-63.954],[-45.22,-63.954],[-51.651,-55.837],[-51.651,-51.684],[-44.845,-42.1],[-39.663,-42.1],[-48.061,-54.088]],"c":true},"ix":2},"nm":"к","mn":"ADBE Vector Shape - Group","hd":false},{"ind":1,"ty":"sh","ix":2,"ks":{"a":0,"k":{"i":[[0,0],[0,0],[0,0],[0,0]],"o":[[0,0],[0,0],[0,0],[0,0]],"v":[[-52.588,-63.954],[-57.146,-63.954],[-57.146,-42.1],[-52.588,-42.1]],"c":true},"ix":2},"nm":"к","mn":"ADBE Vector Shape - Group","hd":false},{"ty":"mm","mm":1,"nm":"Merge Paths 1","mn":"ADBE Vector Filter - Merge","hd":false},{"ty":"fl","c":{"a":0,"k":[1,1,1,1],"ix":4},"o":{"a":0,"k":100,"ix":5},"r":1,"bm":0,"nm":"Fill 1","mn":"ADBE Vector Graphic - Fill","hd":false},{"ty":"tr","p":{"a":0,"k":[0,0],"ix":2},"a":{"a":0,"k":[0,0],"ix":1},"s":{"a":0,"k":[100,100],"ix":3},"r":{"a":0,"k":0,"ix":6},"o":{"a":0,"k":100,"ix":7},"sk":{"a":0,"k":0,"ix":4},"sa":{"a":0,"k":0,"ix":5},"nm":"Transform"}],"nm":"к","np":5,"cix":2,"bm":0,"ix":14,"mn":"ADBE Vector Group","hd":false},{"ty":"gr","it":[{"ind":0,"ty":"sh","ix":1,"ks":{"a":0,"k":{"i":[[0,0],[0,-5.307],[2.56,-0.219],[0,0],[0,7.93],[4.152,0.187]],"o":[[2.248,0.219],[0,4.901],[0,0],[4.808,-0.187],[0,-8.648],[0,0]],"v":[[-29.548,-60.301],[-24.365,-53.027],[-29.548,-45.753],[-29.548,-41.538],[-19.62,-53.027],[-29.548,-64.516]],"c":true},"ix":2},"nm":"о","mn":"ADBE Vector Shape - Group","hd":false},{"ind":1,"ty":"sh","ix":2,"ks":{"a":0,"k":{"i":[[0,0],[0,-8.429],[-4.933,-0.219],[0,0],[0,4.777],[-2.341,0.219]],"o":[[-4.34,0.187],[0,7.711],[0,0],[-2.622,-0.25],[0,-5.214],[0,0]],"v":[[-30.484,-64.516],[-40.412,-53.027],[-30.484,-41.538],[-30.484,-45.753],[-35.667,-53.027],[-30.484,-60.301]],"c":true},"ix":2},"nm":"о","mn":"ADBE Vector Shape - Group","hd":false},{"ty":"mm","mm":1,"nm":"Merge Paths 1","mn":"ADBE Vector Filter - Merge","hd":false},{"ty":"fl","c":{"a":0,"k":[1,1,1,1],"ix":4},"o":{"a":0,"k":100,"ix":5},"r":1,"bm":0,"nm":"Fill 1","mn":"ADBE Vector Graphic - Fill","hd":false},{"ty":"tr","p":{"a":0,"k":[0,0],"ix":2},"a":{"a":0,"k":[0,0],"ix":1},"s":{"a":0,"k":[100,100],"ix":3},"r":{"a":0,"k":0,"ix":6},"o":{"a":0,"k":100,"ix":7},"sk":{"a":0,"k":0,"ix":4},"sa":{"a":0,"k":0,"ix":5},"nm":"Transform"}],"nm":"о","np":5,"cix":2,"bm":0,"ix":15,"mn":"ADBE Vector Group","hd":false},{"ty":"gr","it":[{"ind":0,"ty":"sh","ix":1,"ks":{"a":0,"k":{"i":[[0,0],[0,0],[0,0],[0,0]],"o":[[0,0],[0,0],[0,0],[0,0]],"v":[[-109.069,-26.754],[-113.627,-26.754],[-113.627,-4.9],[-109.069,-4.9]],"c":true},"ix":2},"nm":"и","mn":"ADBE Vector Shape - Group","hd":false},{"ind":1,"ty":"sh","ix":2,"ks":{"a":0,"k":{"i":[[0,0],[0,0],[0,0],[0,0]],"o":[[0,0],[0,0],[0,0],[0,0]],"v":[[-100.546,-26.754],[-100.546,-4.9],[-95.988,-4.9],[-95.988,-26.754]],"c":true},"ix":2},"nm":"и","mn":"ADBE Vector Shape - Group","hd":false},{"ind":2,"ty":"sh","ix":3,"ks":{"a":0,"k":{"i":[[0,0],[0,0],[0,0],[0,0]],"o":[[0,0],[0,0],[0,0],[0,0]],"v":[[-101.482,-17.669],[-101.482,-25.162],[-108.132,-13.923],[-108.132,-6.461]],"c":true},"ix":2},"nm":"и","mn":"ADBE Vector Shape - Group","hd":false},{"ty":"mm","mm":1,"nm":"Merge Paths 1","mn":"ADBE Vector Filter - Merge","hd":false},{"ty":"fl","c":{"a":0,"k":[1,1,1,1],"ix":4},"o":{"a":0,"k":100,"ix":5},"r":1,"bm":0,"nm":"Fill 1","mn":"ADBE Vector Graphic - Fill","hd":false},{"ty":"tr","p":{"a":0,"k":[0,0],"ix":2},"a":{"a":0,"k":[0,0],"ix":1},"s":{"a":0,"k":[100,100],"ix":3},"r":{"a":0,"k":0,"ix":6},"o":{"a":0,"k":100,"ix":7},"sk":{"a":0,"k":0,"ix":4},"sa":{"a":0,"k":0,"ix":5},"nm":"Transform"}],"nm":"и","np":6,"cix":2,"bm":0,"ix":16,"mn":"ADBE Vector Group","hd":false},{"ty":"gr","it":[{"ind":0,"ty":"sh","ix":1,"ks":{"a":0,"k":{"i":[[0,0],[0,0],[0,0],[0,0]],"o":[[0,0],[0,0],[0,0],[0,0]],"v":[[-80.766,-4.9],[-80.766,-26.754],[-85.324,-26.754],[-85.324,-4.9]],"c":true},"ix":2},"nm":"б","mn":"ADBE Vector Shape - Group","hd":false},{"ind":1,"ty":"sh","ix":2,"ks":{"a":0,"k":{"i":[[0,0],[0,0],[0,3.528],[5.339,0],[0,0],[0,0],[0,0],[0,-2.841],[2.279,0],[0,0]],"o":[[0,0],[5.744,0],[0,-4.183],[0,0],[0,0],[0,0],[1.873,0],[0,2.154],[0,0],[0,0]],"v":[[-79.829,-4.9],[-76.583,-4.9],[-68.996,-12.299],[-76.426,-19.292],[-79.829,-19.292],[-79.829,-15.608],[-76.895,-15.608],[-73.211,-12.299],[-76.895,-8.959],[-79.829,-8.959]],"c":true},"ix":2},"nm":"б","mn":"ADBE Vector Shape - Group","hd":false},{"ind":2,"ty":"sh","ix":3,"ks":{"a":0,"k":{"i":[[0,0],[0,0],[0,0],[0,0]],"o":[[0,0],[0,0],[0,0],[0,0]],"v":[[-79.829,-26.754],[-79.829,-22.695],[-70.932,-22.695],[-70.932,-26.754]],"c":true},"ix":2},"nm":"б","mn":"ADBE Vector Shape - Group","hd":false},{"ty":"mm","mm":1,"nm":"Merge Paths 1","mn":"ADBE Vector Filter - Merge","hd":false},{"ty":"fl","c":{"a":0,"k":[1,1,1,1],"ix":4},"o":{"a":0,"k":100,"ix":5},"r":1,"bm":0,"nm":"Fill 1","mn":"ADBE Vector Graphic - Fill","hd":false},{"ty":"tr","p":{"a":0,"k":[0,0],"ix":2},"a":{"a":0,"k":[0,0],"ix":1},"s":{"a":0,"k":[100,100],"ix":3},"r":{"a":0,"k":0,"ix":6},"o":{"a":0,"k":100,"ix":7},"sk":{"a":0,"k":0,"ix":4},"sa":{"a":0,"k":0,"ix":5},"nm":"Transform"}],"nm":"б","np":6,"cix":2,"bm":0,"ix":17,"mn":"ADBE Vector Group","hd":false},{"ty":"gr","it":[{"ind":0,"ty":"sh","ix":1,"ks":{"a":0,"k":{"i":[[0,0],[0,0],[0,0],[0,0]],"o":[[0,0],[0,0],[0,0],[0,0]],"v":[[-60.827,-22.695],[-51.492,-22.695],[-51.492,-26.754],[-60.827,-26.754]],"c":true},"ix":2},"nm":"е","mn":"ADBE Vector Shape - Group","hd":false},{"ind":1,"ty":"sh","ix":2,"ks":{"a":0,"k":{"i":[[0,0],[0,0],[0,0],[0,0]],"o":[[0,0],[0,0],[0,0],[0,0]],"v":[[-60.827,-14.047],[-51.992,-14.047],[-51.992,-18.012],[-60.827,-18.012]],"c":true},"ix":2},"nm":"е","mn":"ADBE Vector Shape - Group","hd":false},{"ind":2,"ty":"sh","ix":3,"ks":{"a":0,"k":{"i":[[0,0],[0,0],[0,0],[0,0]],"o":[[0,0],[0,0],[0,0],[0,0]],"v":[[-60.827,-4.9],[-51.086,-4.9],[-51.086,-8.959],[-60.827,-8.959]],"c":true},"ix":2},"nm":"е","mn":"ADBE Vector Shape - Group","hd":false},{"ind":3,"ty":"sh","ix":4,"ks":{"a":0,"k":{"i":[[0,0],[0,0],[0,0],[0,0]],"o":[[0,0],[0,0],[0,0],[0,0]],"v":[[-61.763,-26.754],[-66.321,-26.754],[-66.321,-4.9],[-61.763,-4.9]],"c":true},"ix":2},"nm":"е","mn":"ADBE Vector Shape - Group","hd":false},{"ty":"mm","mm":1,"nm":"Merge Paths 1","mn":"ADBE Vector Filter - Merge","hd":false},{"ty":"fl","c":{"a":0,"k":[1,1,1,1],"ix":4},"o":{"a":0,"k":100,"ix":5},"r":1,"bm":0,"nm":"Fill 1","mn":"ADBE Vector Graphic - Fill","hd":false},{"ty":"tr","p":{"a":0,"k":[0,0],"ix":2},"a":{"a":0,"k":[0,0],"ix":1},"s":{"a":0,"k":[100,100],"ix":3},"r":{"a":0,"k":0,"ix":6},"o":{"a":0,"k":100,"ix":7},"sk":{"a":0,"k":0,"ix":4},"sa":{"a":0,"k":0,"ix":5},"nm":"Transform"}],"nm":"е","np":7,"cix":2,"bm":0,"ix":18,"mn":"ADBE Vector Group","hd":false},{"ty":"gr","it":[{"ind":0,"ty":"sh","ix":1,"ks":{"a":0,"k":{"i":[[0,0],[-0.531,-1.717],[0,0],[4.808,0.187]],"o":[[2.498,0.219],[0,0],[-1.436,-3.184],[0,0]],"v":[[-38.166,-23.101],[-33.545,-19.261],[-29.424,-21.165],[-38.166,-27.316]],"c":true},"ix":2},"nm":"с","mn":"ADBE Vector Shape - Group","hd":false},{"ind":1,"ty":"sh","ix":2,"ks":{"a":0,"k":{"i":[[0,0],[-1.28,2.935],[0,0],[2.31,-0.187]],"o":[[5.12,-0.187],[0,0],[-0.78,2.435],[0,0]],"v":[[-38.166,-4.338],[-29.049,-10.738],[-33.358,-12.767],[-38.166,-8.553]],"c":true},"ix":2},"nm":"с","mn":"ADBE Vector Shape - Group","hd":false},{"ind":2,"ty":"sh","ix":3,"ks":{"a":0,"k":{"i":[[0,0],[0,3.84],[-2.966,0.25],[0,0],[0,-8.429],[-6.275,-0.219]],"o":[[-3.403,-0.281],[0,-4.464],[0,0],[-4.34,0.187],[0,6.338],[0,0]],"v":[[-39.102,-8.553],[-44.285,-15.858],[-39.102,-23.101],[-39.102,-27.316],[-49.03,-15.827],[-39.102,-4.338]],"c":true},"ix":2},"nm":"с","mn":"ADBE Vector Shape - Group","hd":false},{"ty":"mm","mm":1,"nm":"Merge Paths 1","mn":"ADBE Vector Filter - Merge","hd":false},{"ty":"fl","c":{"a":0,"k":[1,1,1,1],"ix":4},"o":{"a":0,"k":100,"ix":5},"r":1,"bm":0,"nm":"Fill 1","mn":"ADBE Vector Graphic - Fill","hd":false},{"ty":"tr","p":{"a":0,"k":[0,0],"ix":2},"a":{"a":0,"k":[0,0],"ix":1},"s":{"a":0,"k":[100,100],"ix":3},"r":{"a":0,"k":0,"ix":6},"o":{"a":0,"k":100,"ix":7},"sk":{"a":0,"k":0,"ix":4},"sa":{"a":0,"k":0,"ix":5},"nm":"Transform"}],"nm":"с","np":6,"cix":2,"bm":0,"ix":19,"mn":"ADBE Vector Group","hd":false},{"ty":"gr","it":[{"ind":0,"ty":"sh","ix":1,"ks":{"a":0,"k":{"i":[[0,0],[0,0],[0,0],[0,0],[0,0],[0,0]],"o":[[0,0],[0,0],[0,0],[0,0],[0,0],[0,0]],"v":[[-18.369,-26.754],[-26.549,-26.754],[-26.549,-4.9],[-21.991,-4.9],[-21.991,-22.695],[-18.369,-22.695]],"c":true},"ix":2},"nm":"п","mn":"ADBE Vector Shape - Group","hd":false},{"ind":1,"ty":"sh","ix":2,"ks":{"a":0,"k":{"i":[[0,0],[0,0],[0,0],[0,0],[0,0],[0,0]],"o":[[0,0],[0,0],[0,0],[0,0],[0,0],[0,0]],"v":[[-17.401,-22.695],[-13.78,-22.695],[-13.78,-4.9],[-9.222,-4.9],[-9.222,-26.754],[-17.401,-26.754]],"c":true},"ix":2},"nm":"п","mn":"ADBE Vector Shape - Group","hd":false},{"ty":"mm","mm":1,"nm":"Merge Paths 1","mn":"ADBE Vector Filter - Merge","hd":false},{"ty":"fl","c":{"a":0,"k":[1,1,1,1],"ix":4},"o":{"a":0,"k":100,"ix":5},"r":1,"bm":0,"nm":"Fill 1","mn":"ADBE Vector Graphic - Fill","hd":false},{"ty":"tr","p":{"a":0,"k":[0,0],"ix":2},"a":{"a":0,"k":[0,0],"ix":1},"s":{"a":0,"k":[100,100],"ix":3},"r":{"a":0,"k":0,"ix":6},"o":{"a":0,"k":100,"ix":7},"sk":{"a":0,"k":0,"ix":4},"sa":{"a":0,"k":0,"ix":5},"nm":"Transform"}],"nm":"п","np":5,"cix":2,"bm":0,"ix":20,"mn":"ADBE Vector Group","hd":false},{"ty":"gr","it":[{"ind":0,"ty":"sh","ix":1,"ks":{"a":0,"k":{"i":[[0,0],[0,0],[0,0],[3.465,0],[0,0],[-1.218,1.717],[0,5.682],[0,0],[0,0]],"o":[[0,0],[0,0],[0,6.681],[0,0],[3.184,0],[1.436,-2.029],[0,0],[0,0],[0,0]],"v":[[3.804,-26.754],[-3.407,-26.754],[-3.407,-18.605],[-6.873,-8.959],[-6.873,-4.9],[-0.66,-7.741],[1.151,-18.106],[1.151,-22.695],[3.804,-22.695]],"c":true},"ix":2},"nm":"л","mn":"ADBE Vector Shape - Group","hd":false},{"ind":1,"ty":"sh","ix":2,"ks":{"a":0,"k":{"i":[[0,0],[0,0],[0,0],[0,0],[0,0],[0,0]],"o":[[0,0],[0,0],[0,0],[0,0],[0,0],[0,0]],"v":[[4.772,-22.695],[7.457,-22.695],[7.457,-4.9],[12.015,-4.9],[12.015,-26.754],[4.772,-26.754]],"c":true},"ix":2},"nm":"л","mn":"ADBE Vector Shape - Group","hd":false},{"ty":"mm","mm":1,"nm":"Merge Paths 1","mn":"ADBE Vector Filter - Merge","hd":false},{"ty":"fl","c":{"a":0,"k":[1,1,1,1],"ix":4},"o":{"a":0,"k":100,"ix":5},"r":1,"bm":0,"nm":"Fill 1","mn":"ADBE Vector Graphic - Fill","hd":false},{"ty":"tr","p":{"a":0,"k":[0,0],"ix":2},"a":{"a":0,"k":[0,0],"ix":1},"s":{"a":0,"k":[100,100],"ix":3},"r":{"a":0,"k":0,"ix":6},"o":{"a":0,"k":100,"ix":7},"sk":{"a":0,"k":0,"ix":4},"sa":{"a":0,"k":0,"ix":5},"nm":"Transform"}],"nm":"л","np":5,"cix":2,"bm":0,"ix":21,"mn":"ADBE Vector Group","hd":false},{"ty":"gr","it":[{"ind":0,"ty":"sh","ix":1,"ks":{"a":0,"k":{"i":[[0,0],[0,0],[0,0],[0,0],[0,0],[0,0],[0,0],[0,0]],"o":[[0,0],[0,0],[0,0],[0,0],[0,0],[0,0],[0,0],[0,0]],"v":[[20.856,-25.318],[14.05,-4.9],[18.546,-4.9],[19.607,-8.209],[26.881,-8.209],[25.601,-11.831],[20.793,-11.831],[23.041,-19.074]],"c":true},"ix":2},"nm":"а","mn":"ADBE Vector Shape - Group","hd":false},{"ind":1,"ty":"sh","ix":2,"ks":{"a":0,"k":{"i":[[0,0],[0,0],[0,0],[0,0]],"o":[[0,0],[0,0],[0,0],[0,0]],"v":[[21.324,-26.754],[29.035,-4.9],[33.781,-4.9],[26.069,-26.754]],"c":true},"ix":2},"nm":"а","mn":"ADBE Vector Shape - Group","hd":false},{"ty":"mm","mm":1,"nm":"Merge Paths 1","mn":"ADBE Vector Filter - Merge","hd":false},{"ty":"fl","c":{"a":0,"k":[1,1,1,1],"ix":4},"o":{"a":0,"k":100,"ix":5},"r":1,"bm":0,"nm":"Fill 1","mn":"ADBE Vector Graphic - Fill","hd":false},{"ty":"tr","p":{"a":0,"k":[0,0],"ix":2},"a":{"a":0,"k":[0,0],"ix":1},"s":{"a":0,"k":[100,100],"ix":3},"r":{"a":0,"k":0,"ix":6},"o":{"a":0,"k":100,"ix":7},"sk":{"a":0,"k":0,"ix":4},"sa":{"a":0,"k":0,"ix":5},"nm":"Transform"}],"nm":"а","np":5,"cix":2,"bm":0,"ix":22,"mn":"ADBE Vector Group","hd":false},{"ty":"gr","it":[{"ind":0,"ty":"sh","ix":1,"ks":{"a":0,"k":{"i":[[0,0],[0,0],[0,0],[0,0]],"o":[[0,0],[0,0],[0,0],[0,0]],"v":[[43.398,-22.695],[48.58,-22.695],[48.58,-26.754],[43.398,-26.754]],"c":true},"ix":2},"nm":"т","mn":"ADBE Vector Shape - Group","hd":false},{"ind":1,"ty":"sh","ix":2,"ks":{"a":0,"k":{"i":[[0,0],[0,0],[0,0],[0,0]],"o":[[0,0],[0,0],[0,0],[0,0]],"v":[[36.966,-22.695],[36.966,-26.754],[31.784,-26.754],[31.784,-22.695]],"c":true},"ix":2},"nm":"т","mn":"ADBE Vector Shape - Group","hd":false},{"ind":2,"ty":"sh","ix":3,"ks":{"a":0,"k":{"i":[[0,0],[0,0],[0,0],[0,0]],"o":[[0,0],[0,0],[0,0],[0,0]],"v":[[37.903,-26.754],[37.903,-4.9],[42.461,-4.9],[42.461,-26.754]],"c":true},"ix":2},"nm":"т","mn":"ADBE Vector Shape - Group","hd":false},{"ty":"mm","mm":1,"nm":"Merge Paths 1","mn":"ADBE Vector Filter - Merge","hd":false},{"ty":"fl","c":{"a":0,"k":[1,1,1,1],"ix":4},"o":{"a":0,"k":100,"ix":5},"r":1,"bm":0,"nm":"Fill 1","mn":"ADBE Vector Graphic - Fill","hd":false},{"ty":"tr","p":{"a":0,"k":[0,0],"ix":2},"a":{"a":0,"k":[0,0],"ix":1},"s":{"a":0,"k":[100,100],"ix":3},"r":{"a":0,"k":0,"ix":6},"o":{"a":0,"k":100,"ix":7},"sk":{"a":0,"k":0,"ix":4},"sa":{"a":0,"k":0,"ix":5},"nm":"Transform"}],"nm":"т","np":6,"cix":2,"bm":0,"ix":23,"mn":"ADBE Vector Group","hd":false},{"ty":"gr","it":[{"ind":0,"ty":"sh","ix":1,"ks":{"a":0,"k":{"i":[[0,0],[0,0],[0,0],[0,0],[0,0],[0,0],[0,0],[0,0]],"o":[[0,0],[0,0],[0,0],[0,0],[0,0],[0,0],[0,0],[0,0]],"v":[[59.286,-18.387],[55.508,-18.387],[55.508,-26.754],[50.95,-26.754],[50.95,-4.9],[55.508,-4.9],[55.508,-14.36],[59.286,-14.36]],"c":true},"ix":2},"nm":"н","mn":"ADBE Vector Shape - Group","hd":false},{"ind":1,"ty":"sh","ix":2,"ks":{"a":0,"k":{"i":[[0,0],[0,0],[0,0],[0,0],[0,0],[0,0],[0,0],[0,0]],"o":[[0,0],[0,0],[0,0],[0,0],[0,0],[0,0],[0,0],[0,0]],"v":[[60.223,-14.36],[64.031,-14.36],[64.031,-4.9],[68.589,-4.9],[68.589,-26.754],[64.031,-26.754],[64.031,-18.387],[60.223,-18.387]],"c":true},"ix":2},"nm":"н","mn":"ADBE Vector Shape - Group","hd":false},{"ty":"mm","mm":1,"nm":"Merge Paths 1","mn":"ADBE Vector Filter - Merge","hd":false},{"ty":"fl","c":{"a":0,"k":[1,1,1,1],"ix":4},"o":{"a":0,"k":100,"ix":5},"r":1,"bm":0,"nm":"Fill 1","mn":"ADBE Vector Graphic - Fill","hd":false},{"ty":"tr","p":{"a":0,"k":[0,0],"ix":2},"a":{"a":0,"k":[0,0],"ix":1},"s":{"a":0,"k":[100,100],"ix":3},"r":{"a":0,"k":0,"ix":6},"o":{"a":0,"k":100,"ix":7},"sk":{"a":0,"k":0,"ix":4},"sa":{"a":0,"k":0,"ix":5},"nm":"Transform"}],"nm":"н","np":5,"cix":2,"bm":0,"ix":24,"mn":"ADBE Vector Group","hd":false},{"ty":"gr","it":[{"ind":0,"ty":"sh","ix":1,"ks":{"a":0,"k":{"i":[[0,0],[0,-5.307],[2.56,-0.219],[0,0],[0,7.93],[4.152,0.187]],"o":[[2.248,0.219],[0,4.901],[0,0],[4.808,-0.187],[0,-8.648],[0,0]],"v":[[82.113,-23.101],[87.296,-15.827],[82.113,-8.553],[82.113,-4.338],[92.041,-15.827],[82.113,-27.316]],"c":true},"ix":2},"nm":"о","mn":"ADBE Vector Shape - Group","hd":false},{"ind":1,"ty":"sh","ix":2,"ks":{"a":0,"k":{"i":[[0,0],[0,-8.429],[-4.933,-0.219],[0,0],[0,4.777],[-2.341,0.219]],"o":[[-4.34,0.187],[0,7.711],[0,0],[-2.622,-0.25],[0,-5.214],[0,0]],"v":[[81.177,-27.316],[71.249,-15.827],[81.177,-4.338],[81.177,-8.553],[75.994,-15.827],[81.177,-23.101]],"c":true},"ix":2},"nm":"о","mn":"ADBE Vector Shape - Group","hd":false},{"ty":"mm","mm":1,"nm":"Merge Paths 1","mn":"ADBE Vector Filter - Merge","hd":false},{"ty":"fl","c":{"a":0,"k":[1,1,1,1],"ix":4},"o":{"a":0,"k":100,"ix":5},"r":1,"bm":0,"nm":"Fill 1","mn":"ADBE Vector Graphic - Fill","hd":false},{"ty":"tr","p":{"a":0,"k":[0,0],"ix":2},"a":{"a":0,"k":[0,0],"ix":1},"s":{"a":0,"k":[100,100],"ix":3},"r":{"a":0,"k":0,"ix":6},"o":{"a":0,"k":100,"ix":7},"sk":{"a":0,"k":0,"ix":4},"sa":{"a":0,"k":0,"ix":5},"nm":"Transform"}],"nm":"о","np":5,"cix":2,"bm":0,"ix":25,"mn":"ADBE Vector Group","hd":false}],"ip":0,"op":139,"st":0,"bm":0},{"ddd":0,"ind":7,"ty":5,"nm":"<empty text layer>","sr":1,"ks":{"o":{"a":1,"k":[{"i":{"x":[0.833],"y":[0.833]},"o":{"x":[0.167],"y":[0.167]},"t":0,"s":[0]},{"i":{"x":[0.833],"y":[0.833]},"o":{"x":[0.167],"y":[0.167]},"t":6,"s":[0]},{"t":20,"s":[100]}],"ix":11},"r":{"a":0,"k":0,"ix":10},"p":{"a":1,"k":[{"i":{"x":0,"y":1},"o":{"x":0.333,"y":0},"t":0,"s":[152.5,691,0],"to":[0,-33.333,0],"ti":[0,33.333,0]},{"t":20,"s":[152.5,491,0]}],"ix":2},"a":{"a":0,"k":[0,0,0],"ix":1},"s":{"a":0,"k":[100,100,100],"ix":6}},"ao":0,"t":{"d":{"k":[{"s":{"sz":[231,202],"ps":[-115.5,-101],"s":32,"f":"StandardCTStencil-Bold","t":"","j":1,"tr":0,"lh":38.4,"ls":0,"fc":[1,1,1]},"t":0}]},"p":{},"m":{"g":1,"a":{"a":0,"k":[0,0],"ix":2}},"a":[]},"ip":0,"op":325,"st":0,"bm":0},{"ddd":0,"ind":8,"ty":4,"nm":"Shape Layer 1","sr":1,"ks":{"o":{"a":0,"k":100,"ix":11},"r":{"a":0,"k":0,"ix":10},"p":{"a":0,"k":[151,471.5,0],"ix":2},"a":{"a":0,"k":[1,230.406,0],"ix":1},"s":{"a":0,"k":[103.804,202.446,100],"ix":6}},"ao":0,"shapes":[{"ty":"gr","it":[{"ty":"rc","d":1,"s":{"a":0,"k":[276.555,111.277],"ix":2},"p":{"a":0,"k":[0,0],"ix":3},"r":{"a":0,"k":0,"ix":4},"nm":"Rectangle Path 1","mn":"ADBE Vector Shape - Rect","hd":false},{"ty":"st","c":{"a":0,"k":[1,1,1,1],"ix":3},"o":{"a":0,"k":100,"ix":4},"w":{"a":0,"k":0,"ix":5},"lc":1,"lj":1,"ml":4,"bm":0,"nm":"Stroke 1","mn":"ADBE Vector Graphic - Stroke","hd":false},{"ty":"fl","c":{"a":0,"k":[0,0,0,1],"ix":4},"o":{"a":0,"k":100,"ix":5},"r":1,"bm":0,"nm":"Fill 1","mn":"ADBE Vector Graphic - Fill","hd":false},{"ty":"tr","p":{"a":0,"k":[0.121,231.318],"ix":2},"a":{"a":0,"k":[0,0],"ix":1},"s":{"a":0,"k":[94.415,100],"ix":3},"r":{"a":0,"k":0,"ix":6},"o":{"a":0,"k":100,"ix":7},"sk":{"a":0,"k":0,"ix":4},"sa":{"a":0,"k":0,"ix":5},"nm":"Transform"}],"nm":"Rectangle 1","np":3,"cix":2,"bm":0,"ix":1,"mn":"ADBE Vector Group","hd":false}],"ip":0,"op":325,"st":0,"bm":0}]},{"id":"comp_2","layers":[{"ddd":0,"ind":1,"ty":2,"nm":"Untitled-3-2-2-2-2-3.png","cl":"png","refId":"image_4","sr":1,"ks":{"o":{"a":0,"k":100,"ix":11},"r":{"a":0,"k":0,"ix":10},"p":{"a":0,"k":[151.75,295,0],"ix":2},"a":{"a":0,"k":[150,300,0],"ix":1},"s":{"a":0,"k":[103.8,103.8,100],"ix":6}},"ao":0,"ip":0,"op":325,"st":0,"bm":0}]}],"fonts":{"list":[{"fName":"StandardCTStencil-Bold","fFamily":"Standard CT Stencil","fStyle":"Bold","ascent":69.9996948242188}]},"layers":[{"ddd":0,"ind":1,"ty":2,"nm":"Logo-Tele2-+-Text.png","cl":"png","refId":"image_0","sr":1,"ks":{"o":{"a":1,"k":[{"i":{"x":[0.833],"y":[0.833]},"o":{"x":[0.167],"y":[0.167]},"t":126,"s":[0]},{"i":{"x":[0.833],"y":[0.833]},"o":{"x":[0.167],"y":[0.167]},"t":153,"s":[100]},{"i":{"x":[0.833],"y":[0.833]},"o":{"x":[0.167],"y":[0.167]},"t":166,"s":[100]},{"t":180,"s":[0]}],"ix":11},"r":{"a":0,"k":0,"ix":10},"p":{"a":0,"k":[150,306,0],"ix":2},"a":{"a":0,"k":[127.5,85,0],"ix":1},"s":{"a":0,"k":[100,100,100],"ix":6}},"ao":0,"hasMask":true,"masksProperties":[{"inv":false,"mode":"a","pt":{"a":0,"k":{"i":[[0,0],[0,0],[0,0],[0,0]],"o":[[0,0],[0,0],[0,0],[0,0]],"v":[[218.431,36],[38,37],[38,105.431],[217.681,105.431]],"c":true},"ix":1},"o":{"a":0,"k":100,"ix":3},"x":{"a":0,"k":0,"ix":4},"nm":"Mask 1"}],"ip":125,"op":200,"st":125,"bm":0},{"ddd":0,"ind":2,"ty":4,"nm":"Shape Layer 3","sr":1,"ks":{"o":{"a":1,"k":[{"i":{"x":[0.667],"y":[1]},"o":{"x":[0.333],"y":[0]},"t":126,"s":[36]},{"t":149,"s":[100]}],"ix":11},"r":{"a":0,"k":0,"ix":10},"p":{"a":0,"k":[150,300,0],"ix":2},"a":{"a":0,"k":[-4.16,2.105,0],"ix":1},"s":{"a":1,"k":[{"i":{"x":[0.667,0.667,0.667],"y":[1,1,1]},"o":{"x":[0.333,0.333,0.333],"y":[0,0,0]},"t":126,"s":[11,11,100]},{"t":149,"s":[879,879,100]}],"ix":6}},"ao":0,"shapes":[{"ty":"gr","it":[{"d":1,"ty":"el","s":{"a":0,"k":[89.82,89.82],"ix":2},"p":{"a":0,"k":[0,0],"ix":3},"nm":"Ellipse Path 1","mn":"ADBE Vector Shape - Ellipse","hd":false},{"ty":"st","c":{"a":0,"k":[0,0,0,1],"ix":3},"o":{"a":0,"k":100,"ix":4},"w":{"a":0,"k":0,"ix":5},"lc":1,"lj":1,"ml":4,"bm":0,"nm":"Stroke 1","mn":"ADBE Vector Graphic - Stroke","hd":false},{"ty":"fl","c":{"a":0,"k":[0,0,0,1],"ix":4},"o":{"a":0,"k":100,"ix":5},"r":1,"bm":1,"nm":"Fill 1","mn":"ADBE Vector Graphic - Fill","hd":false},{"ty":"tr","p":{"a":0,"k":[-5.855,0.98],"ix":2},"a":{"a":0,"k":[-1.695,-1.125],"ix":1},"s":{"a":0,"k":[100,100],"ix":3},"r":{"a":0,"k":0,"ix":6},"o":{"a":0,"k":100,"ix":7},"sk":{"a":0,"k":0,"ix":4},"sa":{"a":0,"k":0,"ix":5},"nm":"Transform"}],"nm":"Ellipse 1","np":3,"cix":2,"bm":0,"ix":1,"mn":"ADBE Vector Group","hd":false}],"ip":126,"op":200,"st":126,"bm":0},{"ddd":0,"ind":3,"ty":0,"nm":"телефон","refId":"comp_0","sr":1,"ks":{"o":{"a":1,"k":[{"i":{"x":[0.833],"y":[0.833]},"o":{"x":[0.167],"y":[0.167]},"t":53,"s":[0]},{"i":{"x":[0.833],"y":[0.833]},"o":{"x":[0.167],"y":[0.167]},"t":59,"s":[25]},{"t":63,"s":[100]}],"ix":11},"r":{"a":0,"k":0,"ix":10},"p":{"a":0,"k":[150,300,0],"ix":2},"a":{"a":0,"k":[150,300,0],"ix":1},"s":{"a":0,"k":[100,100,100],"ix":6}},"ao":0,"w":300,"h":600,"ip":53,"op":378,"st":53,"bm":0},{"ddd":0,"ind":4,"ty":0,"nm":"Плашка","refId":"comp_1","sr":1,"ks":{"o":{"a":1,"k":[{"i":{"x":[0.833],"y":[0.833]},"o":{"x":[0.167],"y":[0.167]},"t":38,"s":[0]},{"t":53,"s":[100]}],"ix":11},"r":{"a":0,"k":0,"ix":10},"p":{"a":0,"k":[150,300,0],"ix":2},"a":{"a":0,"k":[150,300,0],"ix":1},"s":{"a":0,"k":[100,100,100],"ix":6}},"ao":0,"w":300,"h":600,"ip":37,"op":362,"st":37,"bm":0},{"ddd":0,"ind":6,"ty":4,"nm":"Shape Layer 1","sr":1,"ks":{"o":{"a":0,"k":100,"ix":11},"r":{"a":0,"k":-17.355,"ix":10},"p":{"a":1,"k":[{"i":{"x":0,"y":1},"o":{"x":0.333,"y":0},"t":38,"s":[-1392,-52,0],"to":[232,73.667,0],"ti":[-232,-73.667,0]},{"t":63,"s":[0,390,0]}],"ix":2},"a":{"a":0,"k":[0,0,0],"ix":1},"s":{"a":0,"k":[199.41,119.156,100],"ix":6}},"ao":0,"shapes":[{"ty":"gr","it":[{"ty":"sr","sy":2,"d":1,"pt":{"a":0,"k":3,"ix":3},"p":{"a":0,"k":[0,0],"ix":4},"r":{"a":0,"k":123.066,"ix":5},"or":{"a":0,"k":291.044,"ix":7},"os":{"a":0,"k":0,"ix":9},"ix":1,"nm":"Polystar Path 1","mn":"ADBE Vector Shape - Star","hd":false},{"ty":"st","c":{"a":0,"k":[1,1,1,1],"ix":3},"o":{"a":0,"k":100,"ix":4},"w":{"a":0,"k":0,"ix":5},"lc":1,"lj":1,"ml":4,"bm":0,"nm":"Stroke 1","mn":"ADBE Vector Graphic - Stroke","hd":false},{"ty":"fl","c":{"a":0,"k":[0.764705882353,0.894117647059,0,1],"ix":4},"o":{"a":0,"k":100,"ix":5},"r":1,"bm":0,"nm":"Fill 1","mn":"ADBE Vector Graphic - Fill","hd":false},{"ty":"tr","p":{"a":0,"k":[367.055,29.984],"ix":2},"a":{"a":0,"k":[0,0],"ix":1},"s":{"a":0,"k":[172.025,206.309],"ix":3},"r":{"a":0,"k":-2.548,"ix":6},"o":{"a":0,"k":100,"ix":7},"sk":{"a":0,"k":0,"ix":4},"sa":{"a":0,"k":0,"ix":5},"nm":"Transform"}],"nm":"Polystar 1","np":3,"cix":2,"bm":0,"ix":1,"mn":"ADBE Vector Group","hd":false}],"ip":38,"op":200,"st":38,"bm":1},{"ddd":0,"ind":7,"ty":0,"nm":"ЧЕлики","refId":"comp_2","sr":1,"ks":{"o":{"a":1,"k":[{"i":{"x":[0.833],"y":[0.833]},"o":{"x":[0.167],"y":[0.167]},"t":38,"s":[0]},{"t":63,"s":[100]}],"ix":11},"r":{"a":0,"k":0,"ix":10},"p":{"a":1,"k":[{"i":{"x":0,"y":1},"o":{"x":0.333,"y":0},"t":38,"s":[730,300,0],"to":[-96.667,0,0],"ti":[96.667,0,0]},{"t":63,"s":[150,300,0]}],"ix":2},"a":{"a":0,"k":[150,300,0],"ix":1},"s":{"a":0,"k":[100,100,100],"ix":6}},"ao":0,"w":300,"h":600,"ip":38,"op":363,"st":38,"bm":0},{"ddd":0,"ind":8,"ty":4,"nm":"Shape Layer 2","td":1,"sr":1,"ks":{"o":{"a":0,"k":100,"ix":11},"r":{"a":0,"k":0,"ix":10},"p":{"a":0,"k":[150,300,0],"ix":2},"a":{"a":0,"k":[0.906,-5.684,0],"ix":1},"s":{"a":1,"k":[{"i":{"x":[0.457,0.457,0.667],"y":[1.585,1.585,1]},"o":{"x":[0.333,0.333,0.333],"y":[-0.038,-0.038,0]},"t":0,"s":[0,0,100]},{"i":{"x":[0.616,0.616,0.667],"y":[-0.131,-0.131,1]},"o":{"x":[0.301,0.301,0.333],"y":[1.086,1.086,0]},"t":11,"s":[81,81,100]},{"i":{"x":[0,0,0.667],"y":[1,1,1]},"o":{"x":[0.208,0.208,0.333],"y":[-0.027,-0.027,0]},"t":24,"s":[46,46,100]},{"t":40,"s":[1052,1052,100]}],"ix":6}},"ao":0,"shapes":[{"ty":"gr","it":[{"d":1,"ty":"el","s":{"a":0,"k":[0.852,1.914],"ix":2},"p":{"a":0,"k":[0,0],"ix":3},"nm":"Ellipse Path 1","mn":"ADBE Vector Shape - Ellipse","hd":false},{"ty":"st","c":{"a":0,"k":[0,0,0,1],"ix":3},"o":{"a":0,"k":100,"ix":4},"w":{"a":0,"k":0,"ix":5},"lc":1,"lj":1,"ml":4,"bm":0,"nm":"Stroke 1","mn":"ADBE Vector Graphic - Stroke","hd":false},{"ty":"fl","c":{"a":0,"k":[1,1,1,1],"ix":4},"o":{"a":0,"k":100,"ix":5},"r":1,"bm":1,"nm":"Fill 1","mn":"ADBE Vector Graphic - Fill","hd":false},{"ty":"tr","p":{"a":0,"k":[0.906,-5.684],"ix":2},"a":{"a":0,"k":[0,0],"ix":1},"s":{"a":0,"k":[9224.654,4002.578],"ix":3},"r":{"a":0,"k":0,"ix":6},"o":{"a":0,"k":100,"ix":7},"sk":{"a":0,"k":0,"ix":4},"sa":{"a":0,"k":0,"ix":5},"nm":"Transform"}],"nm":"Ellipse 1","np":3,"cix":2,"bm":0,"ix":1,"mn":"ADBE Vector Group","hd":false}],"ip":0,"op":200,"st":0,"bm":0},{"ddd":0,"ind":9,"ty":1,"nm":"White Solid","tt":1,"sr":1,"ks":{"o":{"a":0,"k":100,"ix":11},"r":{"a":0,"k":0,"ix":10},"p":{"a":0,"k":[150,300,0],"ix":2},"a":{"a":0,"k":[150,300,0],"ix":1},"s":{"a":0,"k":[100,100,100],"ix":6}},"ao":0,"sw":300,"sh":600,"sc":"#ffffff","ip":0,"op":200,"st":0,"bm":0},{"ddd":0,"ind":10,"ty":1,"nm":"Black Solid 1","sr":1,"ks":{"o":{"a":0,"k":100,"ix":11},"r":{"a":0,"k":0,"ix":10},"p":{"a":0,"k":[150,300,0],"ix":2},"a":{"a":0,"k":[150,300,0],"ix":1},"s":{"a":0,"k":[100,100,100],"ix":6}},"ao":0,"sw":300,"sh":600,"sc":"#000000","ip":0,"op":200,"st":0,"bm":0}],"markers":[],"chars":[]}