{"v":"5.5.1","fr":24,"ip":0,"op":144,"w":300,"h":600,"nm":"Tele2 Banner 300x600","ddd":0,"assets":[{"id":"image_0","w":255,"h":171,"u":"images/","p":"img_0.png","e":0},{"id":"image_1","w":253,"h":141,"u":"images/","p":"img_1.png","e":0},{"id":"image_2","w":50,"h":46,"u":"images/","p":"img_2.png","e":0},{"id":"image_3","w":186,"h":206,"u":"images/","p":"img_3.png","e":0},{"id":"image_4","w":340,"h":600,"u":"images/","p":"img_4.png","e":0}],"fonts":{"list":[{"fName":"Tele2DisplaySerif-Regular","fFamily":"Tele2 DisplaySerif","fStyle":"Regular","ascent":75},{"fName":"StandardCTStencil-Bold","fFamily":"Standard CT Stencil","fStyle":"Bold","ascent":69.9996948242188},{"fName":"Tele2TextSans-Regular","fFamily":"Tele2 TextSans","fStyle":"Regular","ascent":75}]},"layers":[{"ddd":0,"ind":1,"ty":2,"nm":"Logo Tele2 + Text.ai","cl":"ai","refId":"image_0","sr":1,"ks":{"o":{"a":1,"k":[{"i":{"x":[0.833],"y":[0.833]},"o":{"x":[0.167],"y":[0.167]},"t":0,"s":[100]},{"t":4,"s":[0]}],"ix":11},"r":{"a":0,"k":0,"ix":10},"p":{"a":0,"k":[150,300,0],"ix":2},"a":{"a":0,"k":[127.5,85.5,0],"ix":1},"s":{"a":0,"k":[68.235,68.235,100],"ix":6}},"ao":0,"ip":0,"op":59,"st":-61,"bm":0},{"ddd":0,"ind":2,"ty":2,"nm":"Logo Tele2 + Text.ai","cl":"ai","refId":"image_0","sr":1,"ks":{"o":{"a":1,"k":[{"i":{"x":[0.833],"y":[0.833]},"o":{"x":[0.167],"y":[0.167]},"t":114,"s":[0]},{"t":122,"s":[100]}],"ix":11},"r":{"a":0,"k":0,"ix":10},"p":{"a":1,"k":[{"i":{"x":0,"y":1},"o":{"x":0.167,"y":0.167},"t":114,"s":[150,330,0],"to":[0,-5,0],"ti":[0,5,0]},{"t":122,"s":[150,300,0]}],"ix":2},"a":{"a":0,"k":[127.5,85.5,0],"ix":1},"s":{"a":0,"k":[68.235,68.235,100],"ix":6}},"ao":0,"ip":114,"op":167,"st":47,"bm":0},{"ddd":0,"ind":3,"ty":4,"nm":"Black Plane 2","sr":1,"ks":{"o":{"a":0,"k":100,"ix":11},"r":{"a":0,"k":49,"ix":10},"p":{"a":1,"k":[{"i":{"x":0.833,"y":0.833},"o":{"x":1,"y":0},"t":102,"s":[-754.661,177.056,0],"to":[168.667,0,0],"ti":[-168.667,0,0]},{"t":117,"s":[257.339,177.056,0]}],"ix":2},"a":{"a":0,"k":[-323.25,12.094,0],"ix":1},"s":{"a":0,"k":[100,100,100],"ix":6}},"ao":0,"shapes":[{"ty":"gr","it":[{"ty":"rc","d":1,"s":{"a":0,"k":[709.5,1392.188],"ix":2},"p":{"a":0,"k":[0,0],"ix":3},"r":{"a":0,"k":0,"ix":4},"nm":"Rectangle Path 1","mn":"ADBE Vector Shape - Rect","hd":false},{"ty":"fl","c":{"a":0,"k":[0,0,0,1],"ix":4},"o":{"a":0,"k":100,"ix":5},"r":1,"bm":0,"nm":"Fill 1","mn":"ADBE Vector Graphic - Fill","hd":false},{"ty":"tr","p":{"a":0,"k":[-323.25,12.094],"ix":2},"a":{"a":0,"k":[0,0],"ix":1},"s":{"a":0,"k":[100,100],"ix":3},"r":{"a":0,"k":0,"ix":6},"o":{"a":0,"k":100,"ix":7},"sk":{"a":0,"k":0,"ix":4},"sa":{"a":0,"k":0,"ix":5},"nm":"Transform"}],"nm":"Rectangle 1","np":3,"cix":2,"bm":0,"ix":1,"mn":"ADBE Vector Group","hd":false}],"ip":102,"op":160,"st":40,"bm":0},{"ddd":0,"ind":4,"ty":2,"nm":"Logo Tele2.ai","cl":"ai","refId":"image_1","sr":1,"ks":{"o":{"a":1,"k":[{"i":{"x":[0.833],"y":[0.833]},"o":{"x":[0.167],"y":[0.167]},"t":0,"s":[0]},{"t":8.6396484375,"s":[100]}],"ix":11},"r":{"a":0,"k":0,"ix":10},"p":{"a":0,"k":[244.625,563.5,0],"ix":2},"a":{"a":0,"k":[126.5,70.5,0],"ix":1},"s":{"a":0,"k":[33.244,33.244,100],"ix":6}},"ao":0,"ip":0,"op":120,"st":0,"bm":0},{"ddd":0,"ind":5,"ty":5,"nm":"Делитесь гб легко и бесплатно","sr":1,"ks":{"o":{"a":1,"k":[{"i":{"x":[0.833],"y":[0.833]},"o":{"x":[0.167],"y":[0.167]},"t":0,"s":[0]},{"t":8.6396484375,"s":[100]}],"ix":11},"r":{"a":0,"k":0,"ix":10},"p":{"a":1,"k":[{"i":{"x":0,"y":1},"o":{"x":0.042,"y":0.035},"t":0,"s":[142.5,615,0],"to":[0,-18.667,0],"ti":[0,18.667,0]},{"t":44,"s":[142.5,503,0]}],"ix":2},"a":{"a":0,"k":[0,0,0],"ix":1},"s":{"a":0,"k":[100,100,100],"ix":6}},"ao":0,"t":{"d":{"k":[{"s":{"sz":[231,188],"ps":[-115.5,-101],"s":25,"f":"StandardCTStencil-Bold","t":"ДЕЛИТЕСЬ\rГБ ЛЕГКО\rИ БЕСПЛАТНО","j":0,"tr":0,"lh":25,"ls":0,"fc":[1,1,1]},"t":0}]},"p":{},"m":{"g":1,"a":{"a":0,"k":[0,0],"ix":2}},"a":[{"nm":"Animator 1","s":{"t":0,"xe":{"a":0,"k":0,"ix":7},"ne":{"a":0,"k":0,"ix":8},"a":{"a":0,"k":100,"ix":4},"b":2,"rn":0,"sh":1,"s":{"a":1,"k":[{"i":{"x":[0.833],"y":[0.833]},"o":{"x":[0.167],"y":[0.167]},"t":0,"s":[0]},{"t":44,"s":[100]}],"ix":1},"r":1},"a":{"o":{"a":0,"k":0,"ix":9}}}]},"ip":0,"op":312,"st":0,"bm":0},{"ddd":0,"ind":6,"ty":5,"nm":"На открытых тарифах линейки «Мой Tele2»","sr":1,"ks":{"o":{"a":1,"k":[{"i":{"x":[0.833],"y":[0.833]},"o":{"x":[0.167],"y":[0.167]},"t":34.68,"s":[0]},{"t":52.0003125,"s":[100]}],"ix":11},"r":{"a":0,"k":0,"ix":10},"p":{"a":0,"k":[108,506.25,0],"ix":2},"a":{"a":0,"k":[0,0,0],"ix":1},"s":{"a":0,"k":[100,100,100],"ix":6}},"ao":0,"t":{"d":{"k":[{"s":{"sz":[181,43],"ps":[-81.5,-15],"s":17,"f":"Tele2TextSans-Regular","t":"На открытых тарифах линейки «Мой Tele2»","j":0,"tr":0,"lh":17,"ls":0,"fc":[1,1,1]},"t":0}]},"p":{},"m":{"g":1,"a":{"a":0,"k":[0,-24],"ix":2}},"a":[]},"ip":34.68,"op":346.68,"st":34.68,"bm":0},{"ddd":0,"ind":8,"ty":4,"nm":"Black Plane 1","sr":1,"ks":{"o":{"a":0,"k":100,"ix":11},"r":{"a":0,"k":49,"ix":10},"p":{"a":1,"k":[{"i":{"x":0.833,"y":0.833},"o":{"x":1,"y":0},"t":0,"s":[-86.661,537.056,0],"to":[167.667,0,0],"ti":[-167.667,0,0]},{"t":20,"s":[919.339,537.056,0]}],"ix":2},"a":{"a":0,"k":[-323.25,12.094,0],"ix":1},"s":{"a":0,"k":[100,100,100],"ix":6}},"ao":0,"shapes":[{"ty":"gr","it":[{"ty":"rc","d":1,"s":{"a":0,"k":[709.5,1392.188],"ix":2},"p":{"a":0,"k":[0,0],"ix":3},"r":{"a":0,"k":0,"ix":4},"nm":"Rectangle Path 1","mn":"ADBE Vector Shape - Rect","hd":false},{"ty":"fl","c":{"a":0,"k":[0,0,0,1],"ix":4},"o":{"a":0,"k":100,"ix":5},"r":1,"bm":0,"nm":"Fill 1","mn":"ADBE Vector Graphic - Fill","hd":false},{"ty":"tr","p":{"a":0,"k":[-323.25,12.094],"ix":2},"a":{"a":0,"k":[0,0],"ix":1},"s":{"a":0,"k":[100,100],"ix":3},"r":{"a":0,"k":0,"ix":6},"o":{"a":0,"k":100,"ix":7},"sk":{"a":0,"k":0,"ix":4},"sa":{"a":0,"k":0,"ix":5},"nm":"Transform"}],"nm":"Rectangle 1","np":3,"cix":2,"bm":0,"ix":1,"mn":"ADBE Vector Group","hd":false}],"ip":0,"op":144,"st":0,"bm":0},{"ddd":0,"ind":9,"ty":5,"nm":"Подробнее","sr":1,"ks":{"o":{"a":0,"k":100,"ix":11},"r":{"a":0,"k":0,"ix":10},"p":{"a":0,"k":[55.741,561.601,0],"ix":2},"a":{"a":0,"k":[-41.009,-90.399,0],"ix":1},"s":{"a":0,"k":[68.485,68.485,100],"ix":6}},"ao":0,"t":{"d":{"k":[{"s":{"sz":[231,188],"ps":[-115.5,-101],"s":24,"f":"StandardCTStencil-Bold","t":"ПОДРОБНЕЕ","j":2,"tr":0,"lh":28.8,"ls":0,"fc":[0,0,0]},"t":0}]},"p":{},"m":{"g":1,"a":{"a":0,"k":[0,0],"ix":2}},"a":[{"nm":"Animator 1","s":{"t":0,"xe":{"a":0,"k":0,"ix":7},"ne":{"a":0,"k":0,"ix":8},"a":{"a":0,"k":100,"ix":4},"b":2,"rn":0,"sh":1,"s":{"a":0,"k":100,"ix":1},"r":1},"a":{"o":{"a":0,"k":0,"ix":9}}}]},"ip":0,"op":312,"st":0,"bm":0},{"ddd":0,"ind":10,"ty":4,"nm":"Button","sr":1,"ks":{"o":{"a":0,"k":100,"ix":11},"r":{"a":0,"k":0,"ix":10},"p":{"a":0,"k":[123.75,270.5,0],"ix":2},"a":{"a":0,"k":[0,0,0],"ix":1},"s":{"a":0,"k":[85.767,100,100],"ix":6}},"ao":0,"shapes":[{"ty":"gr","it":[{"ty":"rc","d":1,"s":{"a":0,"k":[173.652,42.125],"ix":2},"p":{"a":0,"k":[0,0],"ix":3},"r":{"a":0,"k":0,"ix":4},"nm":"Rectangle Path 1","mn":"ADBE Vector Shape - Rect","hd":false},{"ty":"fl","c":{"a":0,"k":[0.764705942191,0.894117706897,0,1],"ix":4},"o":{"a":0,"k":100,"ix":5},"r":1,"bm":0,"nm":"Fill 1","mn":"ADBE Vector Graphic - Fill","hd":false},{"ty":"tr","p":{"a":0,"k":[-46.174,289.562],"ix":2},"a":{"a":0,"k":[0,0],"ix":1},"s":{"a":0,"k":[77.456,68.815],"ix":3},"r":{"a":0,"k":0,"ix":6},"o":{"a":0,"k":100,"ix":7},"sk":{"a":0,"k":0,"ix":4},"sa":{"a":0,"k":0,"ix":5},"nm":"Transform"}],"nm":"Rectangle 1","np":3,"cix":2,"bm":0,"ix":1,"mn":"ADBE Vector Group","hd":false}],"ip":0,"op":144,"st":0,"bm":0},{"ddd":0,"ind":11,"ty":2,"nm":"triangle.png","cl":"png","refId":"image_2","sr":1,"ks":{"o":{"a":1,"k":[{"i":{"x":[0.667],"y":[1]},"o":{"x":[0.167],"y":[0.167]},"t":12,"s":[0]},{"t":21.240234375,"s":[100]}],"ix":11,"x":"var $bm_rt;\n$bm_rt = loopOut('pingpong');"},"r":{"a":0,"k":0,"ix":10},"p":{"a":0,"k":[134,355.75,0],"ix":2},"a":{"a":0,"k":[25,23,0],"ix":1},"s":{"a":1,"k":[{"i":{"x":[0,0,0.667],"y":[1,1,1]},"o":{"x":[0.167,0.167,0.167],"y":[0.167,0.167,-5.393]},"t":12,"s":[524.667,524.667,100]},{"t":26,"s":[60,60,100]}],"ix":6}},"ao":0,"ip":12,"op":144,"st":12,"bm":0},{"ddd":0,"ind":12,"ty":2,"nm":"mob2.png","cl":"png","refId":"image_3","sr":1,"ks":{"o":{"a":0,"k":100,"ix":11},"r":{"a":0,"k":0,"ix":10},"p":{"a":0,"k":[135.5,351.75,0],"ix":2},"a":{"a":0,"k":[93,103,0],"ix":1},"s":{"a":0,"k":[43.008,43.008,100],"ix":6}},"ao":0,"ip":0,"op":144,"st":0,"bm":0},{"ddd":0,"ind":13,"ty":4,"nm":"Plane","sr":1,"ks":{"o":{"a":0,"k":100,"ix":11},"r":{"a":0,"k":0,"ix":10},"p":{"a":0,"k":[149.841,488.11,0],"ix":2},"a":{"a":0,"k":[0.121,231.318,0],"ix":1},"s":{"a":1,"k":[{"i":{"x":[0,0,0.667],"y":[1,1,1]},"o":{"x":[0.043,0.047,0.167],"y":[0.046,0.047,0]},"t":16,"s":[115.17,168.372,100]},{"t":59,"s":[105.052,147.631,100]}],"ix":6}},"ao":0,"shapes":[{"ty":"gr","it":[{"ind":0,"ty":"sh","ix":1,"ks":{"a":0,"k":{"i":[[0,0],[0,0],[0,0],[0,0]],"o":[[0,0],[0,0],[0,0],[0,0]],"v":[[138.277,-55.639],[138.277,55.639],[-138.277,55.639],[-138.277,-55.639]],"c":true},"ix":2},"nm":"Path 1","mn":"ADBE Vector Shape - Group","hd":false},{"ty":"st","c":{"a":0,"k":[1,1,1,1],"ix":3},"o":{"a":0,"k":100,"ix":4},"w":{"a":0,"k":0,"ix":5},"lc":1,"lj":1,"ml":4,"bm":0,"nm":"Stroke 1","mn":"ADBE Vector Graphic - Stroke","hd":false},{"ty":"fl","c":{"a":0,"k":[0,0,0,1],"ix":4},"o":{"a":0,"k":100,"ix":5},"r":1,"bm":0,"nm":"Fill 1","mn":"ADBE Vector Graphic - Fill","hd":false},{"ty":"tr","p":{"a":0,"k":[0.121,231.318],"ix":2},"a":{"a":0,"k":[0,0],"ix":1},"s":{"a":0,"k":[94.415,120.627],"ix":3},"r":{"a":0,"k":0,"ix":6},"o":{"a":0,"k":100,"ix":7},"sk":{"a":0,"k":0,"ix":4},"sa":{"a":0,"k":0,"ix":5},"nm":"Transform"}],"nm":"Rectangle 1","np":3,"cix":2,"bm":0,"ix":1,"mn":"ADBE Vector Group","hd":false}],"ip":16,"op":328,"st":16,"bm":0},{"ddd":0,"ind":14,"ty":4,"nm":"Green Plane","sr":1,"ks":{"o":{"a":0,"k":100,"ix":11},"r":{"a":0,"k":49,"ix":10},"p":{"a":1,"k":[{"i":{"x":0,"y":1},"o":{"x":0.167,"y":0.167},"t":12,"s":[-84.661,500.056,0],"to":[102,0,0],"ti":[-102,0,0]},{"t":46,"s":[527.339,500.056,0]}],"ix":2},"a":{"a":0,"k":[-323.25,12.094,0],"ix":1},"s":{"a":0,"k":[100,100,100],"ix":6}},"ao":0,"shapes":[{"ty":"gr","it":[{"ty":"rc","d":1,"s":{"a":0,"k":[709.5,1392.188],"ix":2},"p":{"a":0,"k":[0,0],"ix":3},"r":{"a":0,"k":0,"ix":4},"nm":"Rectangle Path 1","mn":"ADBE Vector Shape - Rect","hd":false},{"ty":"fl","c":{"a":0,"k":[0.764705942191,0.894117706897,0,1],"ix":4},"o":{"a":0,"k":100,"ix":5},"r":1,"bm":0,"nm":"Fill 1","mn":"ADBE Vector Graphic - Fill","hd":false},{"ty":"tr","p":{"a":0,"k":[-323.25,12.094],"ix":2},"a":{"a":0,"k":[0,0],"ix":1},"s":{"a":0,"k":[100,100],"ix":3},"r":{"a":0,"k":0,"ix":6},"o":{"a":0,"k":100,"ix":7},"sk":{"a":0,"k":0,"ix":4},"sa":{"a":0,"k":0,"ix":5},"nm":"Transform"}],"nm":"Rectangle 1","np":3,"cix":2,"bm":0,"ix":1,"mn":"ADBE Vector Group","hd":false}],"ip":0,"op":144,"st":2,"bm":1},{"ddd":0,"ind":15,"ty":5,"nm":"tele2.ru","cl":"ru","sr":1,"ks":{"o":{"a":0,"k":100,"ix":11},"r":{"a":0,"k":0,"ix":10},"p":{"a":0,"k":[326.5,29.5,0],"ix":2},"a":{"a":0,"k":[0,0,0],"ix":1},"s":{"a":0,"k":[100,100,100],"ix":6}},"ao":0,"t":{"d":{"k":[{"s":{"sz":[63.5,17.5],"ps":[-108.5,-7],"s":18,"f":"Tele2DisplaySerif-Regular","t":"tele2.ru","j":1,"tr":0,"lh":21.6,"ls":0,"fc":[0,0,0]},"t":0}]},"p":{},"m":{"g":1,"a":{"a":0,"k":[0,0],"ix":2}},"a":[]},"ip":0,"op":144,"st":0,"bm":0},{"ddd":0,"ind":16,"ty":2,"nm":"Tele2_8_flight_1071_v11_CMYK_add_mob_v2.png","cl":"png","refId":"image_4","sr":1,"ks":{"o":{"a":0,"k":100,"ix":11},"r":{"a":0,"k":0,"ix":10},"p":{"a":0,"k":[182.75,452.5,0],"ix":2},"a":{"a":0,"k":[195.185,348.6,0],"ix":1},"s":{"a":0,"k":[100,100,100],"ix":6}},"ao":0,"hasMask":true,"masksProperties":[{"inv":false,"mode":"a","pt":{"a":0,"k":{"i":[[0,0],[0,0],[0,0],[0,0]],"o":[[0,0],[0,0],[0,0],[0,0]],"v":[[328.467,339.412],[48.39,398.085],[48.992,513.049],[328.55,514.46]],"c":true},"ix":1},"o":{"a":0,"k":100,"ix":3},"x":{"a":0,"k":0,"ix":4},"nm":"Mask 1"}],"ip":0,"op":144,"st":0,"bm":0},{"ddd":0,"ind":17,"ty":2,"nm":"Tele2_8_flight_1071_v11_CMYK_add_mob_v2.png","cl":"png","refId":"image_4","sr":1,"ks":{"o":{"a":0,"k":100,"ix":11},"r":{"a":0,"k":0,"ix":10},"p":{"a":0,"k":[183.75,349.5,0],"ix":2},"a":{"a":0,"k":[170,300,0],"ix":1},"s":{"a":1,"k":[{"i":{"x":[0,0,0.833],"y":[0.987,0.987,6.53]},"o":{"x":[0.167,0.167,0.167],"y":[0.167,0.167,10.351]},"t":0,"s":[75,75,100]},{"t":43,"s":[141.333,141.333,100]}],"ix":6}},"ao":0,"ip":0,"op":144,"st":0,"bm":0}],"markers":[],"chars":[{"ch":"t","size":18,"style":"Regular","w":37.8,"data":{"shapes":[{"ty":"gr","it":[{"ind":0,"ty":"sh","ix":1,"ks":{"a":0,"k":{"i":[[-11.682,0],[-2.82,1.108],[0,0],[3.928,0],[0,7.15],[0,0],[0,0],[0,0],[0,0],[0,0],[0,0],[0,0],[0,0],[0,0],[0,0],[0,0]],"o":[[4.028,0],[0,0],[-1.813,0.705],[-5.74,0],[0,0],[0,0],[0,0],[0,0],[0,0],[0,0],[0,0],[0,0],[0,0],[0,0],[0,0],[0,11.884]],"v":[[24.673,1.007],[34.644,-0.604],[34.644,-8.762],[26.385,-7.352],[18.933,-18.631],[18.933,-42.801],[33.939,-42.801],[33.939,-50.656],[18.933,-50.656],[18.933,-64.453],[9.265,-64.453],[9.265,-50.656],[2.216,-50.656],[2.216,-42.801],[9.265,-42.801],[9.265,-18.228]],"c":true},"ix":2},"nm":"t","mn":"ADBE Vector Shape - Group","hd":false}],"nm":"t","np":3,"cix":2,"bm":0,"ix":1,"mn":"ADBE Vector Group","hd":false}]},"fFamily":"Tele2 DisplaySerif"},{"ch":"e","size":18,"style":"Regular","w":49.6,"data":{"shapes":[{"ty":"gr","it":[{"ind":0,"ty":"sh","ix":1,"ks":{"a":0,"k":{"i":[[-15.207,0],[-3.223,2.618],[0,0],[5.438,0],[0.101,11.481],[0,0],[0,2.719],[11.783,0],[0,-16.617]],"o":[[7.05,0],[0,0],[-4.23,3.424],[-9.668,0],[0,0],[0.403,-1.007],[0,-13.797],[-13.193,0],[0,17.725]],"v":[[28.198,1.007],[44.614,-3.323],[44.614,-12.186],[29.507,-7.352],[14.301,-24.371],[45.621,-24.371],[46.225,-30.917],[26.083,-51.663],[3.726,-25.177]],"c":true},"ix":2},"nm":"e","mn":"ADBE Vector Shape - Group","hd":false},{"ind":1,"ty":"sh","ix":2,"ks":{"a":0,"k":{"i":[[0,0],[-5.942,0],[-0.201,-8.762]],"o":[[1.208,-8.56],[6.143,0],[0,0]],"v":[[14.2,-31.522],[25.58,-43.808],[36.456,-31.522]],"c":true},"ix":2},"nm":"e","mn":"ADBE Vector Shape - Group","hd":false}],"nm":"e","np":5,"cix":2,"bm":0,"ix":1,"mn":"ADBE Vector Group","hd":false}]},"fFamily":"Tele2 DisplaySerif"},{"ch":"l","size":18,"style":"Regular","w":28.8,"data":{"shapes":[{"ty":"gr","it":[{"ind":0,"ty":"sh","ix":1,"ks":{"a":0,"k":{"i":[[0,0],[0,0],[0,0],[0,0],[0,0],[0,0],[0,0],[0,0]],"o":[[0,0],[0,0],[0,0],[0,0],[0,0],[0,0],[0,0],[0,0]],"v":[[8.157,0],[25.58,0],[25.58,-7.855],[17.825,-7.855],[17.825,-75.531],[0.403,-75.531],[0.403,-67.676],[8.157,-67.676]],"c":true},"ix":2},"nm":"l","mn":"ADBE Vector Shape - Group","hd":false}],"nm":"l","np":3,"cix":2,"bm":0,"ix":1,"mn":"ADBE Vector Group","hd":false}]},"fFamily":"Tele2 DisplaySerif"},{"ch":"2","size":18,"style":"Regular","w":52.1,"data":{"shapes":[{"ty":"gr","it":[{"ind":0,"ty":"sh","ix":1,"ks":{"a":0,"k":{"i":[[0,0],[0,0],[0,0],[-2.014,2.316],[0,10.474],[13.696,0],[4.532,-3.525],[0,0],[0,0],[0,0],[-3.122,0],[0,-7.553],[5.64,-7.251],[0,0],[0,0]],"o":[[0,0],[0,0],[5.338,-6.647],[7.352,-8.862],[0,-12.186],[-7.15,0],[0,0],[0,0],[0,0],[2.719,-1.208],[7.755,0],[0,7.553],[-2.216,2.316],[0,0],[0,0]],"v":[[48.541,0],[48.541,-8.862],[15.408,-8.862],[32.932,-30.212],[45.52,-57.001],[24.976,-76.84],[5.841,-71.603],[5.841,-55.692],[14.804,-55.692],[14.804,-66.367],[23.465,-67.978],[34.845,-56.296],[25.378,-35.046],[3.525,-8.157],[3.525,0]],"c":true},"ix":2},"nm":"2","mn":"ADBE Vector Shape - Group","hd":false}],"nm":"2","np":3,"cix":2,"bm":0,"ix":1,"mn":"ADBE Vector Group","hd":false}]},"fFamily":"Tele2 DisplaySerif"},{"ch":".","size":18,"style":"Regular","w":23.5,"data":{"shapes":[{"ty":"gr","it":[{"ind":0,"ty":"sh","ix":1,"ks":{"a":0,"k":{"i":[[-3.827,0],[0,3.827],[3.625,0],[0,-3.726]],"o":[[3.625,0],[0,-3.726],[-3.827,0],[0,3.827]],"v":[[12.891,1.208],[19.638,-5.64],[12.891,-12.387],[6.042,-5.64]],"c":true},"ix":2},"nm":".","mn":"ADBE Vector Shape - Group","hd":false}],"nm":".","np":3,"cix":2,"bm":0,"ix":1,"mn":"ADBE Vector Group","hd":false}]},"fFamily":"Tele2 DisplaySerif"},{"ch":"r","size":18,"style":"Regular","w":44.9,"data":{"shapes":[{"ty":"gr","it":[{"ind":0,"ty":"sh","ix":1,"ks":{"a":0,"k":{"i":[[0,0],[0,0],[0,0],[0,0],[-7.05,0],[0,0],[0,0],[0,0],[0,0],[3.424,0],[1.813,-4.834],[0,0],[0,0],[0,0],[0,0],[0,0],[0,0],[0,0],[0,0]],"o":[[0,0],[0,0],[0,0],[0,-8.963],[0,0],[0,0],[0,0],[0,0],[-1.712,-0.705],[-6.949,0],[0,0],[0,0],[0,0],[0,0],[0,0],[0,0],[0,0],[0,0],[0,0]],"v":[[31.219,0],[31.219,-7.855],[21.451,-7.855],[21.451,-28.903],[33.435,-43.002],[35.046,-43.002],[35.046,-32.529],[43.204,-32.529],[43.204,-50.354],[34.644,-51.663],[21.652,-42.7],[20.947,-42.7],[20.947,-50.656],[4.028,-50.656],[4.028,-42.801],[11.783,-42.801],[11.783,-7.855],[4.028,-7.855],[4.028,0]],"c":true},"ix":2},"nm":"r","mn":"ADBE Vector Shape - Group","hd":false}],"nm":"r","np":3,"cix":2,"bm":0,"ix":1,"mn":"ADBE Vector Group","hd":false}]},"fFamily":"Tele2 DisplaySerif"},{"ch":"u","size":18,"style":"Regular","w":58.4,"data":{"shapes":[{"ty":"gr","it":[{"ind":0,"ty":"sh","ix":1,"ks":{"a":0,"k":{"i":[[-3.323,5.539],[0,0],[0,0],[0,0],[0,0],[0,0],[0,0],[0,0],[0,0],[0,0],[0,0],[6.143,0],[0,9.064],[0,0],[0,0],[0,0],[0,0],[0,0],[-10.071,0]],"o":[[0,0],[0,0],[0,0],[0,0],[0,0],[0,0],[0,0],[0,0],[0,0],[0,0],[0,7.855],[-6.445,0],[0,0],[0,0],[0,0],[0,0],[0,0],[0,11.581],[6.143,0]],"v":[[39.578,-7.15],[40.283,-7.15],[40.283,0],[57.202,0],[57.202,-7.855],[49.448,-7.855],[49.448,-50.656],[32.025,-50.656],[32.025,-42.801],[39.78,-42.801],[39.78,-20.242],[29.507,-7.654],[20.142,-20.947],[20.142,-50.656],[2.719,-50.656],[2.719,-42.801],[10.474,-42.801],[10.474,-17.12],[25.278,1.007]],"c":true},"ix":2},"nm":"u","mn":"ADBE Vector Shape - Group","hd":false}],"nm":"u","np":3,"cix":2,"bm":0,"ix":1,"mn":"ADBE Vector Group","hd":false}]},"fFamily":"Tele2 DisplaySerif"},{"ch":"П","size":24,"style":"Bold","w":67.5,"data":{"shapes":[{"ty":"gr","it":[{"ind":0,"ty":"sh","ix":1,"ks":{"a":0,"k":{"i":[[0,0],[0,0],[0,0],[0,0],[0,0],[0,0]],"o":[[0,0],[0,0],[0,0],[0,0],[0,0],[0,0]],"v":[[32.428,-70.496],[6.042,-70.496],[6.042,0],[20.746,0],[20.746,-57.404],[32.428,-57.404]],"c":true},"ix":2},"nm":"П","mn":"ADBE Vector Shape - Group","hd":false},{"ind":1,"ty":"sh","ix":2,"ks":{"a":0,"k":{"i":[[0,0],[0,0],[0,0],[0,0],[0,0],[0,0]],"o":[[0,0],[0,0],[0,0],[0,0],[0,0],[0,0]],"v":[[35.55,-57.404],[47.232,-57.404],[47.232,0],[61.935,0],[61.935,-70.496],[35.55,-70.496]],"c":true},"ix":2},"nm":"П","mn":"ADBE Vector Shape - Group","hd":false}],"nm":"П","np":5,"cix":2,"bm":0,"ix":1,"mn":"ADBE Vector Group","hd":false}]},"fFamily":"Standard CT Stencil"},{"ch":"О","size":24,"style":"Bold","w":72.6,"data":{"shapes":[{"ty":"gr","it":[{"ind":0,"ty":"sh","ix":1,"ks":{"a":0,"k":{"i":[[0,0],[0,-17.12],[8.258,-0.705],[0,0],[0,25.58],[13.394,0.604]],"o":[[7.251,0.705],[0,15.811],[0,0],[15.509,-0.604],[0,-27.896],[0,0]],"v":[[38.068,-58.713],[54.785,-35.248],[38.068,-11.783],[38.068,1.813],[70.093,-35.248],[38.068,-72.308]],"c":true},"ix":2},"nm":"О","mn":"ADBE Vector Shape - Group","hd":false},{"ind":1,"ty":"sh","ix":2,"ks":{"a":0,"k":{"i":[[0,0],[0,-27.191],[-15.912,-0.705],[0,0],[0,15.408],[-7.553,0.705]],"o":[[-13.998,0.604],[0,24.875],[0,0],[-8.459,-0.806],[0,-16.818],[0,0]],"v":[[35.046,-72.308],[3.021,-35.248],[35.046,1.813],[35.046,-11.783],[18.329,-35.248],[35.046,-58.713]],"c":true},"ix":2},"nm":"О","mn":"ADBE Vector Shape - Group","hd":false}],"nm":"О","np":5,"cix":2,"bm":0,"ix":1,"mn":"ADBE Vector Group","hd":false}]},"fFamily":"Standard CT Stencil"},{"ch":"Д","size":24,"style":"Bold","w":76.1,"data":{"shapes":[{"ty":"gr","it":[{"ind":0,"ty":"sh","ix":1,"ks":{"a":0,"k":{"i":[[0,0],[0,0],[0,13.092],[0,0],[0,0],[0,0],[0,0],[0,0],[10.776,-1.41],[0,0],[0,0],[0,0],[0,0]],"o":[[0,0],[2.518,-6.747],[0,0],[0,0],[0,0],[0,0],[0,0],[0,21.552],[0,0],[0,0],[0,0],[0,0],[0,0]],"v":[[36.356,-13.092],[24.472,-13.092],[27.896,-42.599],[27.896,-57.404],[36.356,-57.404],[36.356,-70.496],[13.193,-70.496],[13.193,-44.211],[2.014,-13.092],[2.014,17.12],[16.718,17.12],[16.718,0],[36.356,0]],"c":true},"ix":2},"nm":"Д","mn":"ADBE Vector Shape - Group","hd":false},{"ind":1,"ty":"sh","ix":2,"ks":{"a":0,"k":{"i":[[0,0],[0,0],[0,0],[0,0],[0,0],[0,0],[0,0],[0,0],[0,0],[0,0],[0,0],[0,0]],"o":[[0,0],[0,0],[0,0],[0,0],[0,0],[0,0],[0,0],[0,0],[0,0],[0,0],[0,0],[0,0]],"v":[[39.377,0],[57.907,0],[57.907,17.12],[72.61,17.12],[72.61,-13.092],[62.943,-13.092],[62.943,-70.496],[39.377,-70.496],[39.377,-57.404],[48.34,-57.404],[48.34,-13.092],[39.377,-13.092]],"c":true},"ix":2},"nm":"Д","mn":"ADBE Vector Shape - Group","hd":false}],"nm":"Д","np":5,"cix":2,"bm":0,"ix":1,"mn":"ADBE Vector Group","hd":false}]},"fFamily":"Standard CT Stencil"},{"ch":"Р","size":24,"style":"Bold","w":61.3,"data":{"shapes":[{"ty":"gr","it":[{"ind":0,"ty":"sh","ix":1,"ks":{"a":0,"k":{"i":[[0,0],[0,0],[0,0],[0,0]],"o":[[0,0],[0,0],[0,0],[0,0]],"v":[[20.746,-70.496],[6.042,-70.496],[6.042,0],[20.746,0]],"c":true},"ix":2},"nm":"Р","mn":"ADBE Vector Shape - Group","hd":false},{"ind":1,"ty":"sh","ix":2,"ks":{"a":0,"k":{"i":[[0,0],[0,0],[0,13.696],[18.53,0],[0,0],[0,0],[0,0],[0,-6.949],[6.042,0],[0,0]],"o":[[0,0],[17.221,0],[0,-11.682],[0,0],[0,0],[0,0],[7.352,0],[0,9.164],[0,0],[0,0]],"v":[[23.767,-23.364],[33.737,-23.364],[58.713,-47.534],[33.234,-70.496],[23.767,-70.496],[23.767,-58.31],[32.126,-58.31],[44.009,-47.534],[32.126,-35.55],[23.767,-35.55]],"c":true},"ix":2},"nm":"Р","mn":"ADBE Vector Shape - Group","hd":false}],"nm":"Р","np":5,"cix":2,"bm":0,"ix":1,"mn":"ADBE Vector Group","hd":false}]},"fFamily":"Standard CT Stencil"},{"ch":"Б","size":24,"style":"Bold","w":61.3,"data":{"shapes":[{"ty":"gr","it":[{"ind":0,"ty":"sh","ix":1,"ks":{"a":0,"k":{"i":[[0,0],[0,0],[0,0],[0,0]],"o":[[0,0],[0,0],[0,0],[0,0]],"v":[[20.746,0],[20.746,-70.496],[6.042,-70.496],[6.042,0]],"c":true},"ix":2},"nm":"Б","mn":"ADBE Vector Shape - Group","hd":false},{"ind":1,"ty":"sh","ix":2,"ks":{"a":0,"k":{"i":[[0,0],[0,0],[0,11.38],[17.221,0],[0,0],[0,0],[0,0],[0,-9.164],[7.352,0],[0,0]],"o":[[0,0],[18.53,0],[0,-13.495],[0,0],[0,0],[0,0],[6.042,0],[0,6.949],[0,0],[0,0]],"v":[[23.767,0],[34.241,0],[58.713,-23.868],[34.744,-46.426],[23.767,-46.426],[23.767,-34.543],[33.234,-34.543],[45.117,-23.868],[33.234,-13.092],[23.767,-13.092]],"c":true},"ix":2},"nm":"Б","mn":"ADBE Vector Shape - Group","hd":false},{"ind":2,"ty":"sh","ix":3,"ks":{"a":0,"k":{"i":[[0,0],[0,0],[0,0],[0,0]],"o":[[0,0],[0,0],[0,0],[0,0]],"v":[[23.767,-70.496],[23.767,-57.404],[52.469,-57.404],[52.469,-70.496]],"c":true},"ix":2},"nm":"Б","mn":"ADBE Vector Shape - Group","hd":false}],"nm":"Б","np":6,"cix":2,"bm":0,"ix":1,"mn":"ADBE Vector Group","hd":false}]},"fFamily":"Standard CT Stencil"},{"ch":"Н","size":24,"style":"Bold","w":68.5,"data":{"shapes":[{"ty":"gr","it":[{"ind":0,"ty":"sh","ix":1,"ks":{"a":0,"k":{"i":[[0,0],[0,0],[0,0],[0,0],[0,0],[0,0],[0,0],[0,0]],"o":[[0,0],[0,0],[0,0],[0,0],[0,0],[0,0],[0,0],[0,0]],"v":[[32.932,-43.506],[20.746,-43.506],[20.746,-70.496],[6.042,-70.496],[6.042,0],[20.746,0],[20.746,-30.515],[32.932,-30.515]],"c":true},"ix":2},"nm":"Н","mn":"ADBE Vector Shape - Group","hd":false},{"ind":1,"ty":"sh","ix":2,"ks":{"a":0,"k":{"i":[[0,0],[0,0],[0,0],[0,0],[0,0],[0,0],[0,0],[0,0]],"o":[[0,0],[0,0],[0,0],[0,0],[0,0],[0,0],[0,0],[0,0]],"v":[[35.953,-30.515],[48.239,-30.515],[48.239,0],[62.943,0],[62.943,-70.496],[48.239,-70.496],[48.239,-43.506],[35.953,-43.506]],"c":true},"ix":2},"nm":"Н","mn":"ADBE Vector Shape - Group","hd":false}],"nm":"Н","np":5,"cix":2,"bm":0,"ix":1,"mn":"ADBE Vector Group","hd":false}]},"fFamily":"Standard CT Stencil"},{"ch":"Е","size":24,"style":"Bold","w":58.8,"data":{"shapes":[{"ty":"gr","it":[{"ind":0,"ty":"sh","ix":1,"ks":{"a":0,"k":{"i":[[0,0],[0,0],[0,0],[0,0]],"o":[[0,0],[0,0],[0,0],[0,0]],"v":[[23.767,-57.404],[53.879,-57.404],[53.879,-70.496],[23.767,-70.496]],"c":true},"ix":2},"nm":"Е","mn":"ADBE Vector Shape - Group","hd":false},{"ind":1,"ty":"sh","ix":2,"ks":{"a":0,"k":{"i":[[0,0],[0,0],[0,0],[0,0]],"o":[[0,0],[0,0],[0,0],[0,0]],"v":[[23.767,-29.507],[52.267,-29.507],[52.267,-42.297],[23.767,-42.297]],"c":true},"ix":2},"nm":"Е","mn":"ADBE Vector Shape - Group","hd":false},{"ind":2,"ty":"sh","ix":3,"ks":{"a":0,"k":{"i":[[0,0],[0,0],[0,0],[0,0]],"o":[[0,0],[0,0],[0,0],[0,0]],"v":[[23.767,0],[55.188,0],[55.188,-13.092],[23.767,-13.092]],"c":true},"ix":2},"nm":"Е","mn":"ADBE Vector Shape - Group","hd":false},{"ind":3,"ty":"sh","ix":4,"ks":{"a":0,"k":{"i":[[0,0],[0,0],[0,0],[0,0]],"o":[[0,0],[0,0],[0,0],[0,0]],"v":[[20.746,-70.496],[6.042,-70.496],[6.042,0],[20.746,0]],"c":true},"ix":2},"nm":"Е","mn":"ADBE Vector Shape - Group","hd":false}],"nm":"Е","np":7,"cix":2,"bm":0,"ix":1,"mn":"ADBE Vector Group","hd":false}]},"fFamily":"Standard CT Stencil"},{"ch":"Н","size":17,"style":"Regular","w":67.6,"data":{"shapes":[{"ty":"gr","it":[{"ind":0,"ty":"sh","ix":1,"ks":{"a":0,"k":{"i":[[0,0],[0,0],[0,0],[0,0],[0,0],[0,0],[0,0],[0,0],[0,0],[0,0],[0,0],[0,0]],"o":[[0,0],[0,0],[0,0],[0,0],[0,0],[0,0],[0,0],[0,0],[0,0],[0,0],[0,0],[0,0]],"v":[[7.956,0],[18.127,0],[18.127,-34.14],[49.951,-34.14],[49.951,0],[60.123,0],[60.123,-75.531],[49.951,-75.531],[49.951,-43.103],[18.127,-43.103],[18.127,-75.531],[7.956,-75.531]],"c":true},"ix":2},"nm":"Н","mn":"ADBE Vector Shape - Group","hd":false}],"nm":"Н","np":3,"cix":2,"bm":0,"ix":1,"mn":"ADBE Vector Group","hd":false}]},"fFamily":"Tele2 TextSans"},{"ch":"а","size":17,"style":"Regular","w":51.9,"data":{"shapes":[{"ty":"gr","it":[{"ind":0,"ty":"sh","ix":1,"ks":{"a":0,"k":{"i":[[6.244,0],[0,4.23],[-15.509,0],[0,0]],"o":[[-6.345,0],[0,-7.05],[0,0],[0,9.567]],"v":[[23.666,-6.949],[14.905,-14.401],[36.053,-23.868],[36.053,-21.149]],"c":true},"ix":2},"nm":"а","mn":"ADBE Vector Shape - Group","hd":false},{"ind":1,"ty":"sh","ix":2,"ks":{"a":0,"k":{"i":[[-10.172,0],[-3.223,5.539],[0,0],[0,0],[0,0],[0,0],[14.2,0],[4.733,-2.82],[0,0],[-5.64,0],[0,-7.251],[0,0],[0,-11.682]],"o":[[8.459,0],[0,0],[0,0],[0,0],[0,0],[0,-12.085],[-5.64,0],[0,0],[5.035,-3.323],[7.956,0],[0,0],[-22.458,0],[0,8.258]],"v":[[20.041,1.007],[35.852,-7.956],[36.557,-7.956],[36.557,0],[45.721,0],[45.721,-32.327],[25.076,-51.663],[7.855,-47.937],[7.855,-38.873],[23.767,-43.405],[36.053,-32.428],[36.053,-30.112],[4.733,-13.293]],"c":true},"ix":2},"nm":"а","mn":"ADBE Vector Shape - Group","hd":false}],"nm":"а","np":5,"cix":2,"bm":0,"ix":1,"mn":"ADBE Vector Group","hd":false}]},"fFamily":"Tele2 TextSans"},{"ch":" ","size":17,"style":"Regular","w":23.4,"data":{},"fFamily":"Tele2 TextSans"},{"ch":"о","size":17,"style":"Regular","w":54.4,"data":{"shapes":[{"ty":"gr","it":[{"ind":0,"ty":"sh","ix":1,"ks":{"a":0,"k":{"i":[[-13.596,0],[0,16.718],[13.293,0],[0,-16.617]],"o":[[13.495,0],[0,-16.617],[-13.596,0],[0,16.718]],"v":[[27.393,1.007],[51.059,-25.278],[27.393,-51.663],[3.726,-25.177]],"c":true},"ix":2},"nm":"о","mn":"ADBE Vector Shape - Group","hd":false},{"ind":1,"ty":"sh","ix":2,"ks":{"a":0,"k":{"i":[[7.352,0],[0,12.488],[-7.553,0],[0,-12.488]],"o":[[-7.553,0],[0,-12.589],[7.15,0],[0,12.488]],"v":[[27.393,-7.452],[13.898,-25.177],[27.393,-43.204],[40.887,-25.278]],"c":true},"ix":2},"nm":"о","mn":"ADBE Vector Shape - Group","hd":false}],"nm":"о","np":5,"cix":2,"bm":0,"ix":1,"mn":"ADBE Vector Group","hd":false}]},"fFamily":"Tele2 TextSans"},{"ch":"т","size":17,"style":"Regular","w":41.3,"data":{"shapes":[{"ty":"gr","it":[{"ind":0,"ty":"sh","ix":1,"ks":{"a":0,"k":{"i":[[0,0],[0,0],[0,0],[0,0],[0,0],[0,0],[0,0],[0,0]],"o":[[0,0],[0,0],[0,0],[0,0],[0,0],[0,0],[0,0],[0,0]],"v":[[15.912,0],[25.58,0],[25.58,-42.297],[40.585,-42.297],[40.585,-50.656],[1.007,-50.656],[1.007,-42.297],[15.912,-42.297]],"c":true},"ix":2},"nm":"т","mn":"ADBE Vector Shape - Group","hd":false}],"nm":"т","np":3,"cix":2,"bm":0,"ix":1,"mn":"ADBE Vector Group","hd":false}]},"fFamily":"Tele2 TextSans"},{"ch":"к","size":17,"style":"Regular","w":48.7,"data":{"shapes":[{"ty":"gr","it":[{"ind":0,"ty":"sh","ix":1,"ks":{"a":0,"k":{"i":[[0,0],[0,0],[0,0],[0,0],[0,0],[0,0],[0,0],[0,0],[0,0],[0,0],[0,0],[0,0],[0,0]],"o":[[0,0],[0,0],[0,0],[0,0],[0,0],[0,0],[0,0],[0,0],[0,0],[0,0],[0,0],[0,0],[0,0]],"v":[[16.818,-20.947],[20.947,-22.055],[36.456,0],[48.239,0],[29.004,-27.594],[46.527,-50.656],[36.96,-50.656],[20.947,-29.709],[16.818,-28.802],[16.818,-50.656],[7.15,-50.656],[7.15,0],[16.818,0]],"c":true},"ix":2},"nm":"к","mn":"ADBE Vector Shape - Group","hd":false}],"nm":"к","np":3,"cix":2,"bm":0,"ix":1,"mn":"ADBE Vector Group","hd":false}]},"fFamily":"Tele2 TextSans"},{"ch":"р","size":17,"style":"Regular","w":57.5,"data":{"shapes":[{"ty":"gr","it":[{"ind":0,"ty":"sh","ix":1,"ks":{"a":0,"k":{"i":[[7.352,0],[0,9.869],[0,0],[-7.755,0],[0,-12.387]],"o":[[-7.352,0],[0,0],[0,-9.265],[7.452,0],[0,12.79]],"v":[[30.212,-7.452],[16.818,-22.357],[16.818,-29.407],[30.112,-43.204],[44.009,-25.479]],"c":true},"ix":2},"nm":"р","mn":"ADBE Vector Shape - Group","hd":false},{"ind":1,"ty":"sh","ix":2,"ks":{"a":0,"k":{"i":[[0,0],[0,0],[0,0],[0,0],[0,0],[-7.352,0],[0,16.718],[12.387,0],[2.82,-4.633],[0,0],[0,0],[0,0]],"o":[[0,0],[0,0],[0,0],[0,0],[3.223,4.935],[12.488,0],[0,-16.013],[-8.157,0],[0,0],[0,0],[0,0],[0,0]],"v":[[7.15,25.177],[16.818,25.177],[16.818,1.007],[16.315,-7.05],[17.02,-7.05],[32.932,1.007],[54.181,-25.479],[33.032,-51.663],[17.02,-43.506],[16.315,-43.506],[16.315,-50.656],[7.15,-50.656]],"c":true},"ix":2},"nm":"р","mn":"ADBE Vector Shape - Group","hd":false}],"nm":"р","np":5,"cix":2,"bm":0,"ix":1,"mn":"ADBE Vector Group","hd":false}]},"fFamily":"Tele2 TextSans"},{"ch":"ы","size":17,"style":"Regular","w":68,"data":{"shapes":[{"ty":"gr","it":[{"ind":0,"ty":"sh","ix":1,"ks":{"a":0,"k":{"i":[[0,0],[0,0],[0,8.661],[16.919,0],[0,0],[0,0],[0,0]],"o":[[0,0],[16.919,0],[0,-8.459],[0,0],[0,0],[0,0],[0,0]],"v":[[7.15,0],[23.566,0],[45.621,-17.12],[23.566,-33.737],[16.818,-33.737],[16.818,-50.656],[7.15,-50.656]],"c":true},"ix":2},"nm":"ы","mn":"ADBE Vector Shape - Group","hd":false},{"ind":1,"ty":"sh","ix":2,"ks":{"a":0,"k":{"i":[[0,0],[0,0],[0,0],[0,-5.338],[7.352,0]],"o":[[0,0],[0,0],[7.352,0],[0,5.539],[0,0]],"v":[[16.818,-7.855],[16.818,-25.781],[24.472,-25.781],[35.449,-17.02],[24.472,-7.855]],"c":true},"ix":2},"nm":"ы","mn":"ADBE Vector Shape - Group","hd":false},{"ind":2,"ty":"sh","ix":3,"ks":{"a":0,"k":{"i":[[0,0],[0,0],[0,0],[0,0]],"o":[[0,0],[0,0],[0,0],[0,0]],"v":[[51.764,0],[61.432,0],[61.432,-50.656],[51.764,-50.656]],"c":true},"ix":2},"nm":"ы","mn":"ADBE Vector Shape - Group","hd":false}],"nm":"ы","np":6,"cix":2,"bm":0,"ix":1,"mn":"ADBE Vector Group","hd":false}]},"fFamily":"Tele2 TextSans"},{"ch":"х","size":17,"style":"Regular","w":48.2,"data":{"shapes":[{"ty":"gr","it":[{"ind":0,"ty":"sh","ix":1,"ks":{"a":0,"k":{"i":[[0,0],[0,0],[0,0],[0,0],[0,0],[0,0],[0,0],[0,0],[0,0],[0,0],[0,0],[0,0]],"o":[[0,0],[0,0],[0,0],[0,0],[0,0],[0,0],[0,0],[0,0],[0,0],[0,0],[0,0],[0,0]],"v":[[37.161,0],[48.642,0],[30.917,-25.983],[47.333,-50.656],[37.766,-50.656],[25.983,-32.428],[14.099,-50.656],[2.719,-50.656],[19.94,-25.278],[3.122,0],[12.689,0],[24.875,-18.832]],"c":true},"ix":2},"nm":"х","mn":"ADBE Vector Shape - Group","hd":false}],"nm":"х","np":3,"cix":2,"bm":0,"ix":1,"mn":"ADBE Vector Group","hd":false}]},"fFamily":"Tele2 TextSans"},{"ch":"и","size":17,"style":"Regular","w":54.8,"data":{"shapes":[{"ty":"gr","it":[{"ind":0,"ty":"sh","ix":1,"ks":{"a":0,"k":{"i":[[0,0],[0,0],[0,0],[0,0],[0,0],[0,0],[0,0],[0,0],[0,0],[0,0],[0,0],[0,0]],"o":[[0,0],[0,0],[0,0],[0,0],[0,0],[0,0],[0,0],[0,0],[0,0],[0,0],[0,0],[0,0]],"v":[[7.15,0],[15.61,0],[37.665,-34.845],[38.47,-34.845],[38.47,0],[48.138,0],[48.138,-50.656],[39.578,-50.656],[17.523,-15.912],[16.818,-15.912],[16.818,-50.656],[7.15,-50.656]],"c":true},"ix":2},"nm":"и","mn":"ADBE Vector Shape - Group","hd":false}],"nm":"и","np":3,"cix":2,"bm":0,"ix":1,"mn":"ADBE Vector Group","hd":false}]},"fFamily":"Tele2 TextSans"},{"ch":"ф","size":17,"style":"Regular","w":68.4,"data":{"shapes":[{"ty":"gr","it":[{"ind":0,"ty":"sh","ix":1,"ks":{"a":0,"k":{"i":[[0,0],[0,0],[0,15.509],[16.919,0.403],[0,0],[0,0],[0,0],[0,-15.408],[-16.919,-0.403],[0,0]],"o":[[0,0],[16.818,0],[0,-15.106],[0,0],[0,0],[0,0],[-16.818,0],[0,15.207],[0,0],[0,0]],"v":[[39.276,25.177],[39.276,0.906],[65.662,-25.58],[39.276,-51.562],[39.276,-75.531],[29.608,-75.531],[29.608,-51.562],[3.223,-25.177],[29.608,0.906],[29.608,25.177]],"c":true},"ix":2},"nm":"ф","mn":"ADBE Vector Shape - Group","hd":false},{"ind":1,"ty":"sh","ix":2,"ks":{"a":0,"k":{"i":[[0,0],[0,11.38],[-10.574,0.101]],"o":[[-10.474,-0.201],[0,-11.38],[0,0]],"v":[[29.608,-6.848],[13.394,-25.177],[29.608,-43.808]],"c":true},"ix":2},"nm":"ф","mn":"ADBE Vector Shape - Group","hd":false},{"ind":2,"ty":"sh","ix":3,"ks":{"a":0,"k":{"i":[[10.574,-0.101],[0,0],[0,-11.279]],"o":[[0,0],[10.474,0.201],[0,11.38]],"v":[[39.276,-6.848],[39.276,-43.808],[55.49,-25.58]],"c":true},"ix":2},"nm":"ф","mn":"ADBE Vector Shape - Group","hd":false}],"nm":"ф","np":6,"cix":2,"bm":0,"ix":1,"mn":"ADBE Vector Group","hd":false}]},"fFamily":"Tele2 TextSans"},{"ch":"л","size":17,"style":"Regular","w":53.2,"data":{"shapes":[{"ty":"gr","it":[{"ind":0,"ty":"sh","ix":1,"ks":{"a":0,"k":{"i":[[-2.115,0],[-0.101,22.256],[0,0],[0,0],[0,0],[0,0],[0,0],[8.459,0],[0,0],[0,0]],"o":[[14.2,0],[0,0],[0,0],[0,0],[0,0],[0,0],[0,23.465],[-1.007,0],[0,0],[0,0]],"v":[[5.438,0.705],[21.753,-42.297],[36.859,-42.297],[36.859,0],[46.527,0],[46.527,-50.656],[13.495,-50.656],[4.129,-8.459],[1.913,-8.762],[1.913,0.302]],"c":true},"ix":2},"nm":"л","mn":"ADBE Vector Shape - Group","hd":false}],"nm":"л","np":3,"cix":2,"bm":0,"ix":1,"mn":"ADBE Vector Group","hd":false}]},"fFamily":"Tele2 TextSans"},{"ch":"н","size":17,"style":"Regular","w":54.8,"data":{"shapes":[{"ty":"gr","it":[{"ind":0,"ty":"sh","ix":1,"ks":{"a":0,"k":{"i":[[0,0],[0,0],[0,0],[0,0],[0,0],[0,0],[0,0],[0,0],[0,0],[0,0],[0,0],[0,0]],"o":[[0,0],[0,0],[0,0],[0,0],[0,0],[0,0],[0,0],[0,0],[0,0],[0,0],[0,0],[0,0]],"v":[[38.47,0],[48.138,0],[48.138,-50.656],[38.47,-50.656],[38.47,-30.313],[16.818,-30.313],[16.818,-50.656],[7.15,-50.656],[7.15,0],[16.818,0],[16.818,-21.954],[38.47,-21.954]],"c":true},"ix":2},"nm":"н","mn":"ADBE Vector Shape - Group","hd":false}],"nm":"н","np":3,"cix":2,"bm":0,"ix":1,"mn":"ADBE Vector Group","hd":false}]},"fFamily":"Tele2 TextSans"},{"ch":"е","size":17,"style":"Regular","w":51,"data":{"shapes":[{"ty":"gr","it":[{"ind":0,"ty":"sh","ix":1,"ks":{"a":0,"k":{"i":[[-15.71,0],[-3.323,2.618],[0,0],[6.042,0],[-0.101,11.481],[0,0],[0,2.618],[11.884,0],[0,-16.617]],"o":[[7.352,0],[0,0],[-4.23,3.525],[-9.97,0],[0,0],[0.302,-1.007],[0,-14.099],[-13.596,0],[0,17.725]],"v":[[28.903,1.007],[45.923,-3.323],[45.923,-12.286],[30.112,-7.452],[14.2,-24.673],[47.031,-24.673],[47.635,-30.917],[26.788,-51.663],[3.726,-25.177]],"c":true},"ix":2},"nm":"е","mn":"ADBE Vector Shape - Group","hd":false},{"ind":1,"ty":"sh","ix":2,"ks":{"a":0,"k":{"i":[[0,0],[-6.345,0],[-0.504,-9.467]],"o":[[1.208,-8.661],[5.942,0],[0,0]],"v":[[14.099,-31.32],[26.285,-43.909],[37.967,-31.32]],"c":true},"ix":2},"nm":"е","mn":"ADBE Vector Shape - Group","hd":false}],"nm":"е","np":5,"cix":2,"bm":0,"ix":1,"mn":"ADBE Vector Group","hd":false}]},"fFamily":"Tele2 TextSans"},{"ch":"й","size":17,"style":"Regular","w":54.8,"data":{"shapes":[{"ty":"gr","it":[{"ind":0,"ty":"sh","ix":1,"ks":{"a":0,"k":{"i":[[0,0],[0,0],[0,0],[0,0],[0,0],[0,0],[0,0],[0,0],[0,0],[0,0],[0,0],[0,0]],"o":[[0,0],[0,0],[0,0],[0,0],[0,0],[0,0],[0,0],[0,0],[0,0],[0,0],[0,0],[0,0]],"v":[[7.15,0],[15.61,0],[37.665,-34.845],[38.47,-34.845],[38.47,0],[48.138,0],[48.138,-50.656],[39.578,-50.656],[17.523,-15.912],[16.818,-15.912],[16.818,-50.656],[7.15,-50.656]],"c":true},"ix":2},"nm":"й","mn":"ADBE Vector Shape - Group","hd":false},{"ind":1,"ty":"sh","ix":2,"ks":{"a":0,"k":{"i":[[-8.963,0],[0,10.776],[0,0],[5.438,0],[0,4.33],[0,0]],"o":[[8.963,0],[0,0],[0,4.33],[-5.64,0],[0,0],[0,10.675]],"v":[[27.695,-57.504],[43.607,-72.812],[35.046,-72.812],[27.695,-64.957],[20.343,-72.812],[11.783,-72.812]],"c":true},"ix":2},"nm":"й","mn":"ADBE Vector Shape - Group","hd":false}],"nm":"й","np":5,"cix":2,"bm":0,"ix":1,"mn":"ADBE Vector Group","hd":false}]},"fFamily":"Tele2 TextSans"},{"ch":"«","size":17,"style":"Regular","w":44.2,"data":{"shapes":[{"ty":"gr","it":[{"ind":0,"ty":"sh","ix":1,"ks":{"a":0,"k":{"i":[[0,0],[0,0],[0,0],[0,0],[0,0],[0,0],[0,0]],"o":[[0,0],[0,0],[0,0],[0,0],[0,0],[0,0],[0,0]],"v":[[21.652,-4.028],[21.652,-15.509],[10.373,-27.292],[21.552,-39.377],[21.552,-49.951],[2.316,-29.507],[2.316,-24.472]],"c":true},"ix":2},"nm":"«","mn":"ADBE Vector Shape - Group","hd":false},{"ind":1,"ty":"sh","ix":2,"ks":{"a":0,"k":{"i":[[0,0],[0,0],[0,0],[0,0],[0,0],[0,0],[0,0]],"o":[[0,0],[0,0],[0,0],[0,0],[0,0],[0,0],[0,0]],"v":[[40.182,-4.23],[40.182,-15.106],[28.903,-27.09],[40.082,-39.175],[40.082,-49.75],[21.048,-29.507],[21.048,-24.472]],"c":true},"ix":2},"nm":"«","mn":"ADBE Vector Shape - Group","hd":false}],"nm":"«","np":5,"cix":2,"bm":0,"ix":1,"mn":"ADBE Vector Group","hd":false}]},"fFamily":"Tele2 TextSans"},{"ch":"М","size":17,"style":"Regular","w":81.6,"data":{"shapes":[{"ty":"gr","it":[{"ind":0,"ty":"sh","ix":1,"ks":{"a":0,"k":{"i":[[0,0],[0,0],[0,0],[0,0],[0,0],[0,0],[0,0],[0,0],[0,0],[0,0],[0,0],[0,0],[0,0],[0,0],[0,0],[0,0]],"o":[[0,0],[0,0],[0,0],[0,0],[0,0],[0,0],[0,0],[0,0],[0,0],[0,0],[0,0],[0,0],[0,0],[0,0],[0,0],[0,0]],"v":[[7.956,0],[16.617,0],[16.617,-60.324],[17.221,-60.324],[36.557,0],[44.11,0],[63.446,-60.324],[64.05,-60.324],[64.05,0],[74.222,0],[74.222,-75.531],[61.23,-75.531],[41.592,-15.408],[41.089,-15.408],[21.35,-75.531],[7.956,-75.531]],"c":true},"ix":2},"nm":"М","mn":"ADBE Vector Shape - Group","hd":false}],"nm":"М","np":3,"cix":2,"bm":0,"ix":1,"mn":"ADBE Vector Group","hd":false}]},"fFamily":"Tele2 TextSans"},{"ch":"T","size":17,"style":"Regular","w":55.6,"data":{"shapes":[{"ty":"gr","it":[{"ind":0,"ty":"sh","ix":1,"ks":{"a":0,"k":{"i":[[0,0],[0,0],[0,0],[0,0],[0,0],[0,0],[0,0],[0,0]],"o":[[0,0],[0,0],[0,0],[0,0],[0,0],[0,0],[0,0],[0,0]],"v":[[22.961,0],[33.133,0],[33.133,-66.568],[53.979,-66.568],[53.979,-75.531],[2.014,-75.531],[2.014,-66.568],[22.961,-66.568]],"c":true},"ix":2},"nm":"T","mn":"ADBE Vector Shape - Group","hd":false}],"nm":"T","np":3,"cix":2,"bm":0,"ix":1,"mn":"ADBE Vector Group","hd":false}]},"fFamily":"Tele2 TextSans"},{"ch":"e","size":17,"style":"Regular","w":51,"data":{"shapes":[{"ty":"gr","it":[{"ind":0,"ty":"sh","ix":1,"ks":{"a":0,"k":{"i":[[-15.71,0],[-3.323,2.618],[0,0],[6.042,0],[-0.101,11.481],[0,0],[0,2.618],[11.884,0],[0,-16.617]],"o":[[7.352,0],[0,0],[-4.23,3.525],[-9.97,0],[0,0],[0.302,-1.007],[0,-14.099],[-13.596,0],[0,17.725]],"v":[[28.903,1.007],[45.923,-3.323],[45.923,-12.286],[30.112,-7.452],[14.2,-24.673],[47.031,-24.673],[47.635,-30.917],[26.788,-51.663],[3.726,-25.177]],"c":true},"ix":2},"nm":"e","mn":"ADBE Vector Shape - Group","hd":false},{"ind":1,"ty":"sh","ix":2,"ks":{"a":0,"k":{"i":[[0,0],[-6.345,0],[-0.504,-9.467]],"o":[[1.208,-8.661],[5.942,0],[0,0]],"v":[[14.099,-31.32],[26.285,-43.909],[37.967,-31.32]],"c":true},"ix":2},"nm":"e","mn":"ADBE Vector Shape - Group","hd":false}],"nm":"e","np":5,"cix":2,"bm":0,"ix":1,"mn":"ADBE Vector Group","hd":false}]},"fFamily":"Tele2 TextSans"},{"ch":"l","size":17,"style":"Regular","w":27.1,"data":{"shapes":[{"ty":"gr","it":[{"ind":0,"ty":"sh","ix":1,"ks":{"a":0,"k":{"i":[[0,0],[-7.755,0],[-1.511,0.906],[0,0],[2.417,0.101],[0,4.431],[0,0],[0,0]],"o":[[0,9.366],[3.323,0],[0,0],[-1.511,0.806],[-2.618,0],[0,0],[0,0],[0,0]],"v":[[6.546,-11.581],[19.034,1.007],[26.285,-0.604],[26.285,-8.963],[21.048,-7.654],[16.214,-12.991],[16.214,-75.531],[6.546,-75.531]],"c":true},"ix":2},"nm":"l","mn":"ADBE Vector Shape - Group","hd":false}],"nm":"l","np":3,"cix":2,"bm":0,"ix":1,"mn":"ADBE Vector Group","hd":false}]},"fFamily":"Tele2 TextSans"},{"ch":"2","size":17,"style":"Regular","w":48.1,"data":{"shapes":[{"ty":"gr","it":[{"ind":0,"ty":"sh","ix":1,"ks":{"a":0,"k":{"i":[[0,0],[0,0],[0,0],[0,0],[0,9.567],[13.596,0],[4.33,-3.625],[0,0],[-5.539,0],[0,-7.654],[5.942,-7.654],[0,0],[0,0]],"o":[[0,0],[0,0],[0,0],[7.755,-9.668],[0,-12.286],[-6.445,0],[0,0],[5.539,-4.733],[7.654,0],[0,6.848],[0,0],[0,0],[0,0]],"v":[[47.937,0],[47.937,-9.164],[15.308,-9.164],[32.428,-30.414],[45.117,-57.001],[24.875,-76.538],[6.143,-71.301],[6.143,-61.633],[23.062,-67.676],[34.442,-56.296],[24.875,-35.349],[3.223,-8.157],[3.223,0]],"c":true},"ix":2},"nm":"2","mn":"ADBE Vector Shape - Group","hd":false}],"nm":"2","np":3,"cix":2,"bm":0,"ix":1,"mn":"ADBE Vector Group","hd":false}]},"fFamily":"Tele2 TextSans"},{"ch":"»","size":17,"style":"Regular","w":44.2,"data":{"shapes":[{"ty":"gr","it":[{"ind":0,"ty":"sh","ix":1,"ks":{"a":0,"k":{"i":[[0,0],[0,0],[0,0],[0,0],[0,0],[0,0],[0,0]],"o":[[0,0],[0,0],[0,0],[0,0],[0,0],[0,0],[0,0]],"v":[[22.961,-4.028],[42.197,-24.472],[42.197,-29.507],[22.861,-49.951],[22.861,-38.47],[34.241,-26.688],[22.961,-14.502]],"c":true},"ix":2},"nm":"»","mn":"ADBE Vector Shape - Group","hd":false},{"ind":1,"ty":"sh","ix":2,"ks":{"a":0,"k":{"i":[[0,0],[0,0],[0,0],[0,0],[0,0],[0,0],[0,0]],"o":[[0,0],[0,0],[0,0],[0,0],[0,0],[0,0],[0,0]],"v":[[4.431,-4.129],[23.465,-24.472],[23.465,-29.507],[4.33,-49.75],[4.33,-38.873],[15.61,-26.889],[4.431,-14.804]],"c":true},"ix":2},"nm":"»","mn":"ADBE Vector Shape - Group","hd":false}],"nm":"»","np":5,"cix":2,"bm":0,"ix":1,"mn":"ADBE Vector Group","hd":false}]},"fFamily":"Tele2 TextSans"},{"ch":"Л","size":25,"style":"Bold","w":68.5,"data":{"shapes":[{"ty":"gr","it":[{"ind":0,"ty":"sh","ix":1,"ks":{"a":0,"k":{"i":[[0,0],[0,0],[0,0],[11.179,0],[0,0],[-3.928,5.539],[0,18.329],[0,0],[0,0]],"o":[[0,0],[0,0],[0,21.552],[0,0],[10.272,0],[4.633,-6.546],[0,0],[0,0],[0,0]],"v":[[36.456,-70.496],[13.193,-70.496],[13.193,-44.211],[2.014,-13.092],[2.014,0],[22.055,-9.164],[27.896,-42.599],[27.896,-57.404],[36.456,-57.404]],"c":true},"ix":2},"nm":"Л","mn":"ADBE Vector Shape - Group","hd":false},{"ind":1,"ty":"sh","ix":2,"ks":{"a":0,"k":{"i":[[0,0],[0,0],[0,0],[0,0],[0,0],[0,0]],"o":[[0,0],[0,0],[0,0],[0,0],[0,0],[0,0]],"v":[[39.578,-57.404],[48.239,-57.404],[48.239,0],[62.943,0],[62.943,-70.496],[39.578,-70.496]],"c":true},"ix":2},"nm":"Л","mn":"ADBE Vector Shape - Group","hd":false}],"nm":"Л","np":5,"cix":2,"bm":0,"ix":1,"mn":"ADBE Vector Group","hd":false}]},"fFamily":"Standard CT Stencil"},{"ch":"И","size":25,"style":"Bold","w":68.5,"data":{"shapes":[{"ty":"gr","it":[{"ind":0,"ty":"sh","ix":1,"ks":{"a":0,"k":{"i":[[0,0],[0,0],[0,0],[0,0]],"o":[[0,0],[0,0],[0,0],[0,0]],"v":[[20.746,-70.496],[6.042,-70.496],[6.042,0],[20.746,0]],"c":true},"ix":2},"nm":"И","mn":"ADBE Vector Shape - Group","hd":false},{"ind":1,"ty":"sh","ix":2,"ks":{"a":0,"k":{"i":[[0,0],[0,0],[0,0],[0,0]],"o":[[0,0],[0,0],[0,0],[0,0]],"v":[[48.239,-70.496],[48.239,0],[62.943,0],[62.943,-70.496]],"c":true},"ix":2},"nm":"И","mn":"ADBE Vector Shape - Group","hd":false},{"ind":2,"ty":"sh","ix":3,"ks":{"a":0,"k":{"i":[[0,0],[0,0],[0,0],[0,0]],"o":[[0,0],[0,0],[0,0],[0,0]],"v":[[45.218,-41.19],[45.218,-65.359],[23.767,-29.105],[23.767,-5.035]],"c":true},"ix":2},"nm":"И","mn":"ADBE Vector Shape - Group","hd":false}],"nm":"И","np":6,"cix":2,"bm":0,"ix":1,"mn":"ADBE Vector Group","hd":false}]},"fFamily":"Standard CT Stencil"},{"ch":"Т","size":25,"style":"Bold","w":59.8,"data":{"shapes":[{"ty":"gr","it":[{"ind":0,"ty":"sh","ix":1,"ks":{"a":0,"k":{"i":[[0,0],[0,0],[0,0],[0,0]],"o":[[0,0],[0,0],[0,0],[0,0]],"v":[[39.478,-57.404],[56.195,-57.404],[56.195,-70.496],[39.478,-70.496]],"c":true},"ix":2},"nm":"Т","mn":"ADBE Vector Shape - Group","hd":false},{"ind":1,"ty":"sh","ix":2,"ks":{"a":0,"k":{"i":[[0,0],[0,0],[0,0],[0,0]],"o":[[0,0],[0,0],[0,0],[0,0]],"v":[[18.732,-57.404],[18.732,-70.496],[2.014,-70.496],[2.014,-57.404]],"c":true},"ix":2},"nm":"Т","mn":"ADBE Vector Shape - Group","hd":false},{"ind":2,"ty":"sh","ix":3,"ks":{"a":0,"k":{"i":[[0,0],[0,0],[0,0],[0,0]],"o":[[0,0],[0,0],[0,0],[0,0]],"v":[[21.753,-70.496],[21.753,0],[36.456,0],[36.456,-70.496]],"c":true},"ix":2},"nm":"Т","mn":"ADBE Vector Shape - Group","hd":false}],"nm":"Т","np":6,"cix":2,"bm":0,"ix":1,"mn":"ADBE Vector Group","hd":false}]},"fFamily":"Standard CT Stencil"},{"ch":"С","size":25,"style":"Bold","w":69,"data":{"shapes":[{"ty":"gr","it":[{"ind":0,"ty":"sh","ix":1,"ks":{"a":0,"k":{"i":[[0,0],[-1.712,-5.539],[0,0],[15.509,0.604]],"o":[[8.057,0.705],[0,0],[-4.633,-10.272],[0,0]],"v":[[38.068,-58.713],[52.972,-46.326],[66.266,-52.469],[38.068,-72.308]],"c":true},"ix":2},"nm":"С","mn":"ADBE Vector Shape - Group","hd":false},{"ind":1,"ty":"sh","ix":2,"ks":{"a":0,"k":{"i":[[0,0],[-4.129,9.467],[0,0],[7.452,-0.604]],"o":[[16.516,-0.604],[0,0],[-2.518,7.855],[0,0]],"v":[[38.068,1.813],[67.474,-18.832],[53.577,-25.378],[38.068,-11.783]],"c":true},"ix":2},"nm":"С","mn":"ADBE Vector Shape - Group","hd":false},{"ind":2,"ty":"sh","ix":3,"ks":{"a":0,"k":{"i":[[0,0],[0,12.387],[-9.567,0.806],[0,0],[0,-27.191],[-20.242,-0.705]],"o":[[-10.977,-0.906],[0,-14.401],[0,0],[-13.998,0.604],[0,20.444],[0,0]],"v":[[35.046,-11.783],[18.329,-35.349],[35.046,-58.713],[35.046,-72.308],[3.021,-35.248],[35.046,1.813]],"c":true},"ix":2},"nm":"С","mn":"ADBE Vector Shape - Group","hd":false}],"nm":"С","np":6,"cix":2,"bm":0,"ix":1,"mn":"ADBE Vector Group","hd":false}]},"fFamily":"Standard CT Stencil"},{"ch":"Ь","size":25,"style":"Bold","w":61.3,"data":{"shapes":[{"ty":"gr","it":[{"ind":0,"ty":"sh","ix":1,"ks":{"a":0,"k":{"i":[[0,0],[0,0],[0,0],[0,0]],"o":[[0,0],[0,0],[0,0],[0,0]],"v":[[20.746,0],[20.746,-70.496],[6.042,-70.496],[6.042,0]],"c":true},"ix":2},"nm":"Ь","mn":"ADBE Vector Shape - Group","hd":false},{"ind":1,"ty":"sh","ix":2,"ks":{"a":0,"k":{"i":[[0,0],[0,0],[0,-9.164],[7.352,0],[0,0],[0,0],[0,0],[0,11.38],[17.221,0],[0,0]],"o":[[0,0],[6.042,0],[0,6.949],[0,0],[0,0],[0,0],[18.53,0],[0,-13.495],[0,0],[0,0]],"v":[[23.767,-35.953],[33.234,-35.953],[45.117,-23.868],[33.234,-13.092],[23.767,-13.092],[23.767,0],[34.241,0],[58.713,-23.868],[34.744,-48.038],[23.767,-48.038]],"c":true},"ix":2},"nm":"Ь","mn":"ADBE Vector Shape - Group","hd":false}],"nm":"Ь","np":5,"cix":2,"bm":0,"ix":1,"mn":"ADBE Vector Group","hd":false}]},"fFamily":"Standard CT Stencil"},{"ch":"\r","size":25,"style":"Bold","w":0,"fFamily":"Standard CT Stencil"},{"ch":"Г","size":25,"style":"Bold","w":54.9,"data":{"shapes":[{"ty":"gr","it":[{"ind":0,"ty":"sh","ix":1,"ks":{"a":0,"k":{"i":[[0,0],[0,0],[0,0],[0,0]],"o":[[0,0],[0,0],[0,0],[0,0]],"v":[[20.746,-70.496],[6.042,-70.496],[6.042,0],[20.746,0]],"c":true},"ix":2},"nm":"Г","mn":"ADBE Vector Shape - Group","hd":false},{"ind":1,"ty":"sh","ix":2,"ks":{"a":0,"k":{"i":[[0,0],[0,0],[0,0],[0,0]],"o":[[0,0],[0,0],[0,0],[0,0]],"v":[[23.767,-57.404],[52.267,-57.404],[52.267,-70.496],[23.767,-70.496]],"c":true},"ix":2},"nm":"Г","mn":"ADBE Vector Shape - Group","hd":false}],"nm":"Г","np":5,"cix":2,"bm":0,"ix":1,"mn":"ADBE Vector Group","hd":false}]},"fFamily":"Standard CT Stencil"},{"ch":" ","size":25,"style":"Bold","w":22.8,"data":{},"fFamily":"Standard CT Stencil"},{"ch":"К","size":25,"style":"Bold","w":63.5,"data":{"shapes":[{"ty":"gr","it":[{"ind":0,"ty":"sh","ix":1,"ks":{"a":0,"k":{"i":[[0,0],[0,0],[0,0],[0,0],[0,0],[0,0],[0,0]],"o":[[0,0],[0,0],[0,0],[0,0],[0,0],[0,0],[0,0]],"v":[[60.626,-70.496],[44.513,-70.496],[23.767,-44.312],[23.767,-30.917],[45.721,0],[62.439,0],[35.349,-38.672]],"c":true},"ix":2},"nm":"К","mn":"ADBE Vector Shape - Group","hd":false},{"ind":1,"ty":"sh","ix":2,"ks":{"a":0,"k":{"i":[[0,0],[0,0],[0,0],[0,0]],"o":[[0,0],[0,0],[0,0],[0,0]],"v":[[20.746,-70.496],[6.042,-70.496],[6.042,0],[20.746,0]],"c":true},"ix":2},"nm":"К","mn":"ADBE Vector Shape - Group","hd":false}],"nm":"К","np":5,"cix":2,"bm":0,"ix":1,"mn":"ADBE Vector Group","hd":false}]},"fFamily":"Standard CT Stencil"},{"ch":"А","size":25,"style":"Bold","w":66.2,"data":{"shapes":[{"ty":"gr","it":[{"ind":0,"ty":"sh","ix":1,"ks":{"a":0,"k":{"i":[[0,0],[0,0],[0,0],[0,0],[0,0],[0,0],[0,0],[0,0]],"o":[[0,0],[0,0],[0,0],[0,0],[0,0],[0,0],[0,0],[0,0]],"v":[[22.961,-65.863],[1.007,0],[15.509,0],[18.933,-10.675],[42.398,-10.675],[38.269,-22.357],[22.76,-22.357],[30.011,-45.721]],"c":true},"ix":2},"nm":"А","mn":"ADBE Vector Shape - Group","hd":false},{"ind":1,"ty":"sh","ix":2,"ks":{"a":0,"k":{"i":[[0,0],[0,0],[0,0],[0,0]],"o":[[0,0],[0,0],[0,0],[0,0]],"v":[[24.472,-70.496],[49.347,0],[64.655,0],[39.78,-70.496]],"c":true},"ix":2},"nm":"А","mn":"ADBE Vector Shape - Group","hd":false}],"nm":"А","np":5,"cix":2,"bm":0,"ix":1,"mn":"ADBE Vector Group","hd":false}]},"fFamily":"Standard CT Stencil"}]}