{"v":"5.5.1","fr":25,"ip":0,"op":296,"w":240,"h":400,"nm":"240x400","ddd":0,"assets":[{"id":"image_0","w":255,"h":171,"u":"images/","p":"img_0.png","e":0},{"id":"image_1","w":284,"h":109,"u":"images/","p":"img_1.png","e":0},{"id":"image_2","w":99,"h":99,"u":"images/","p":"img_2.png","e":0},{"id":"image_3","w":200,"h":200,"u":"images/","p":"img_3.png","e":0},{"id":"image_4","w":200,"h":200,"u":"images/","p":"img_4.png","e":0},{"id":"image_5","w":200,"h":200,"u":"images/","p":"img_5.png","e":0},{"id":"image_6","w":200,"h":200,"u":"images/","p":"img_6.png","e":0},{"id":"image_7","w":200,"h":200,"u":"images/","p":"img_7.png","e":0},{"id":"image_8","w":200,"h":200,"u":"images/","p":"img_8.png","e":0},{"id":"image_9","w":200,"h":200,"u":"images/","p":"img_9.png","e":0},{"id":"image_10","w":200,"h":200,"u":"images/","p":"img_10.png","e":0},{"id":"image_11","w":200,"h":200,"u":"images/","p":"img_11.png","e":0},{"id":"image_12","w":200,"h":200,"u":"images/","p":"img_12.png","e":0},{"id":"image_13","w":200,"h":200,"u":"images/","p":"img_13.png","e":0},{"id":"image_14","w":200,"h":200,"u":"images/","p":"img_14.png","e":0},{"id":"image_15","w":200,"h":200,"u":"images/","p":"img_15.png","e":0},{"id":"image_16","w":200,"h":200,"u":"images/","p":"img_16.png","e":0},{"id":"image_17","w":200,"h":200,"u":"images/","p":"img_17.png","e":0},{"id":"image_18","w":1200,"h":1000,"u":"images/","p":"img_18.png","e":0},{"id":"image_19","w":815,"h":800,"u":"images/","p":"img_19.png","e":0},{"id":"image_20","w":815,"h":800,"u":"images/","p":"img_20.png","e":0},{"id":"image_21","w":815,"h":800,"u":"images/","p":"img_21.png","e":0},{"id":"comp_0","layers":[{"ddd":0,"ind":1,"ty":4,"nm":"Безлимитный интернет в подарок Outlines","sr":1,"ks":{"o":{"a":0,"k":100,"ix":11},"r":{"a":0,"k":0,"ix":10},"p":{"a":0,"k":[13,83.03,0],"ix":2},"a":{"a":0,"k":[1.511,54.28,0],"ix":1},"s":{"a":0,"k":[100,100,100],"ix":6}},"ao":0,"shapes":[{"ty":"gr","it":[{"ind":0,"ty":"sh","ix":1,"ks":{"a":0,"k":{"i":[[0,0],[0,0],[0,0],[0,0]],"o":[[0,0],[0,0],[0,0],[0,0]],"v":[[4.979,0],[4.979,-16.919],[1.45,-16.919],[1.45,0]],"c":true},"ix":2},"nm":"Б","mn":"ADBE Vector Shape - Group","hd":false},{"ind":1,"ty":"sh","ix":2,"ks":{"a":0,"k":{"i":[[0,0],[0,0],[0,2.731],[4.133,0],[0,0],[0,0],[0,0],[0,-2.199],[1.764,0],[0,0]],"o":[[0,0],[4.447,0],[0,-3.239],[0,0],[0,0],[0,0],[1.45,0],[0,1.668],[0,0],[0,0]],"v":[[5.704,0],[8.218,0],[14.091,-5.728],[8.339,-11.142],[5.704,-11.142],[5.704,-8.29],[7.976,-8.29],[10.828,-5.728],[7.976,-3.142],[5.704,-3.142]],"c":true},"ix":2},"nm":"Б","mn":"ADBE Vector Shape - Group","hd":false},{"ind":2,"ty":"sh","ix":3,"ks":{"a":0,"k":{"i":[[0,0],[0,0],[0,0],[0,0]],"o":[[0,0],[0,0],[0,0],[0,0]],"v":[[5.704,-16.919],[5.704,-13.777],[12.593,-13.777],[12.593,-16.919]],"c":true},"ix":2},"nm":"Б","mn":"ADBE Vector Shape - Group","hd":false},{"ty":"mm","mm":1,"nm":"Merge Paths 1","mn":"ADBE Vector Filter - Merge","hd":false},{"ty":"fl","c":{"a":0,"k":[1,1,1,1],"ix":4},"o":{"a":0,"k":100,"ix":5},"r":1,"bm":0,"nm":"Fill 1","mn":"ADBE Vector Graphic - Fill","hd":false},{"ty":"tr","p":{"a":0,"k":[0,0],"ix":2},"a":{"a":0,"k":[0,0],"ix":1},"s":{"a":0,"k":[100,100],"ix":3},"r":{"a":0,"k":0,"ix":6},"o":{"a":0,"k":100,"ix":7},"sk":{"a":0,"k":0,"ix":4},"sa":{"a":0,"k":0,"ix":5},"nm":"Transform"}],"nm":"Б","np":6,"cix":2,"bm":0,"ix":1,"mn":"ADBE Vector Group","hd":false},{"ty":"gr","it":[{"ind":0,"ty":"sh","ix":1,"ks":{"a":0,"k":{"i":[[0,0],[0,0],[0,0],[0,0]],"o":[[0,0],[0,0],[0,0],[0,0]],"v":[[20.416,-13.777],[27.643,-13.777],[27.643,-16.919],[20.416,-16.919]],"c":true},"ix":2},"nm":"е","mn":"ADBE Vector Shape - Group","hd":false},{"ind":1,"ty":"sh","ix":2,"ks":{"a":0,"k":{"i":[[0,0],[0,0],[0,0],[0,0]],"o":[[0,0],[0,0],[0,0],[0,0]],"v":[[20.416,-7.082],[27.256,-7.082],[27.256,-10.151],[20.416,-10.151]],"c":true},"ix":2},"nm":"е","mn":"ADBE Vector Shape - Group","hd":false},{"ind":2,"ty":"sh","ix":3,"ks":{"a":0,"k":{"i":[[0,0],[0,0],[0,0],[0,0]],"o":[[0,0],[0,0],[0,0],[0,0]],"v":[[20.416,0],[27.957,0],[27.957,-3.142],[20.416,-3.142]],"c":true},"ix":2},"nm":"е","mn":"ADBE Vector Shape - Group","hd":false},{"ind":3,"ty":"sh","ix":4,"ks":{"a":0,"k":{"i":[[0,0],[0,0],[0,0],[0,0]],"o":[[0,0],[0,0],[0,0],[0,0]],"v":[[19.691,-16.919],[16.162,-16.919],[16.162,0],[19.691,0]],"c":true},"ix":2},"nm":"е","mn":"ADBE Vector Shape - Group","hd":false},{"ty":"mm","mm":1,"nm":"Merge Paths 1","mn":"ADBE Vector Filter - Merge","hd":false},{"ty":"fl","c":{"a":0,"k":[1,1,1,1],"ix":4},"o":{"a":0,"k":100,"ix":5},"r":1,"bm":0,"nm":"Fill 1","mn":"ADBE Vector Graphic - Fill","hd":false},{"ty":"tr","p":{"a":0,"k":[0,0],"ix":2},"a":{"a":0,"k":[0,0],"ix":1},"s":{"a":0,"k":[100,100],"ix":3},"r":{"a":0,"k":0,"ix":6},"o":{"a":0,"k":100,"ix":7},"sk":{"a":0,"k":0,"ix":4},"sa":{"a":0,"k":0,"ix":5},"nm":"Transform"}],"nm":"е","np":7,"cix":2,"bm":0,"ix":2,"mn":"ADBE Vector Group","hd":false},{"ty":"gr","it":[{"ind":0,"ty":"sh","ix":1,"ks":{"a":0,"k":{"i":[[0,0],[0.508,-2.49],[0,0],[-2.199,0.169]],"o":[[-4.375,0.121],[0,0],[0.266,-1.595],[0,0]],"v":[[35.98,-17.354],[29.672,-11.892],[32.983,-11.529],[35.98,-14.574]],"c":true},"ix":2},"nm":"з","mn":"ADBE Vector Shape - Group","hd":false},{"ind":1,"ty":"sh","ix":2,"ks":{"a":0,"k":{"i":[[0,0],[0,-1.354],[1.16,0],[0,0],[0,0],[0,0],[0,-2.441],[1.305,-0.121],[0,0],[0,3.311],[1.112,0.266],[0,2.127],[3.698,0.145]],"o":[[1.329,0.097],[0,1.764],[0,0],[0,0],[0,0],[0.532,0],[0,1.74],[0,0],[3.625,-0.121],[0,-2.514],[1.233,-0.363],[0,-2.635],[0,0]],"v":[[36.705,-14.599],[39.364,-12.327],[36.439,-10.103],[34.796,-10.103],[34.796,-7.541],[36.391,-7.541],[39.702,-5.003],[36.705,-2.465],[36.705,0.435],[43.352,-5.027],[40.016,-9.04],[42.917,-12.568],[36.705,-17.354]],"c":true},"ix":2},"nm":"з","mn":"ADBE Vector Shape - Group","hd":false},{"ind":2,"ty":"sh","ix":3,"ks":{"a":0,"k":{"i":[[0,0],[0.314,1.764],[0,0],[-4.133,-0.121]],"o":[[-2.514,-0.121],[0,0],[0.653,3.819],[0,0]],"v":[[35.98,-2.441],[32.669,-5.801],[29.309,-5.39],[35.98,0.435]],"c":true},"ix":2},"nm":"з","mn":"ADBE Vector Shape - Group","hd":false},{"ty":"mm","mm":1,"nm":"Merge Paths 1","mn":"ADBE Vector Filter - Merge","hd":false},{"ty":"fl","c":{"a":0,"k":[1,1,1,1],"ix":4},"o":{"a":0,"k":100,"ix":5},"r":1,"bm":0,"nm":"Fill 1","mn":"ADBE Vector Graphic - Fill","hd":false},{"ty":"tr","p":{"a":0,"k":[0,0],"ix":2},"a":{"a":0,"k":[0,0],"ix":1},"s":{"a":0,"k":[100,100],"ix":3},"r":{"a":0,"k":0,"ix":6},"o":{"a":0,"k":100,"ix":7},"sk":{"a":0,"k":0,"ix":4},"sa":{"a":0,"k":0,"ix":5},"nm":"Transform"}],"nm":"з","np":6,"cix":2,"bm":0,"ix":3,"mn":"ADBE Vector Group","hd":false},{"ty":"gr","it":[{"ind":0,"ty":"sh","ix":1,"ks":{"a":0,"k":{"i":[[0,0],[0,0],[0,0],[2.683,0],[0,0],[-0.943,1.329],[0,4.399],[0,0],[0,0]],"o":[[0,0],[0,0],[0,5.172],[0,0],[2.465,0],[1.112,-1.571],[0,0],[0,0],[0,0]],"v":[[52.717,-16.919],[47.134,-16.919],[47.134,-10.611],[44.451,-3.142],[44.451,0],[49.261,-2.199],[50.663,-10.224],[50.663,-13.777],[52.717,-13.777]],"c":true},"ix":2},"nm":"л","mn":"ADBE Vector Shape - Group","hd":false},{"ind":1,"ty":"sh","ix":2,"ks":{"a":0,"k":{"i":[[0,0],[0,0],[0,0],[0,0],[0,0],[0,0]],"o":[[0,0],[0,0],[0,0],[0,0],[0,0],[0,0]],"v":[[53.466,-13.777],[55.545,-13.777],[55.545,0],[59.074,0],[59.074,-16.919],[53.466,-16.919]],"c":true},"ix":2},"nm":"л","mn":"ADBE Vector Shape - Group","hd":false},{"ty":"mm","mm":1,"nm":"Merge Paths 1","mn":"ADBE Vector Filter - Merge","hd":false},{"ty":"fl","c":{"a":0,"k":[1,1,1,1],"ix":4},"o":{"a":0,"k":100,"ix":5},"r":1,"bm":0,"nm":"Fill 1","mn":"ADBE Vector Graphic - Fill","hd":false},{"ty":"tr","p":{"a":0,"k":[0,0],"ix":2},"a":{"a":0,"k":[0,0],"ix":1},"s":{"a":0,"k":[100,100],"ix":3},"r":{"a":0,"k":0,"ix":6},"o":{"a":0,"k":100,"ix":7},"sk":{"a":0,"k":0,"ix":4},"sa":{"a":0,"k":0,"ix":5},"nm":"Transform"}],"nm":"л","np":5,"cix":2,"bm":0,"ix":4,"mn":"ADBE Vector Group","hd":false},{"ty":"gr","it":[{"ind":0,"ty":"sh","ix":1,"ks":{"a":0,"k":{"i":[[0,0],[0,0],[0,0],[0,0]],"o":[[0,0],[0,0],[0,0],[0,0]],"v":[[65.387,-16.919],[61.858,-16.919],[61.858,0],[65.387,0]],"c":true},"ix":2},"nm":"и","mn":"ADBE Vector Shape - Group","hd":false},{"ind":1,"ty":"sh","ix":2,"ks":{"a":0,"k":{"i":[[0,0],[0,0],[0,0],[0,0]],"o":[[0,0],[0,0],[0,0],[0,0]],"v":[[71.985,-16.919],[71.985,0],[75.514,0],[75.514,-16.919]],"c":true},"ix":2},"nm":"и","mn":"ADBE Vector Shape - Group","hd":false},{"ind":2,"ty":"sh","ix":3,"ks":{"a":0,"k":{"i":[[0,0],[0,0],[0,0],[0,0]],"o":[[0,0],[0,0],[0,0],[0,0]],"v":[[71.26,-9.885],[71.26,-15.686],[66.112,-6.985],[66.112,-1.208]],"c":true},"ix":2},"nm":"и","mn":"ADBE Vector Shape - Group","hd":false},{"ty":"mm","mm":1,"nm":"Merge Paths 1","mn":"ADBE Vector Filter - Merge","hd":false},{"ty":"fl","c":{"a":0,"k":[1,1,1,1],"ix":4},"o":{"a":0,"k":100,"ix":5},"r":1,"bm":0,"nm":"Fill 1","mn":"ADBE Vector Graphic - Fill","hd":false},{"ty":"tr","p":{"a":0,"k":[0,0],"ix":2},"a":{"a":0,"k":[0,0],"ix":1},"s":{"a":0,"k":[100,100],"ix":3},"r":{"a":0,"k":0,"ix":6},"o":{"a":0,"k":100,"ix":7},"sk":{"a":0,"k":0,"ix":4},"sa":{"a":0,"k":0,"ix":5},"nm":"Transform"}],"nm":"и","np":6,"cix":2,"bm":0,"ix":5,"mn":"ADBE Vector Group","hd":false},{"ty":"gr","it":[{"ind":0,"ty":"sh","ix":1,"ks":{"a":0,"k":{"i":[[0,0],[0,0],[0,0],[0,0]],"o":[[0,0],[0,0],[0,0],[0,0]],"v":[[78.298,-14.913],[78.298,0],[81.633,0],[81.633,-5.994]],"c":true},"ix":2},"nm":"м","mn":"ADBE Vector Shape - Group","hd":false},{"ind":1,"ty":"sh","ix":2,"ks":{"a":0,"k":{"i":[[0,0],[0,0],[0,0],[0,0]],"o":[[0,0],[0,0],[0,0],[0,0]],"v":[[88.328,-1.039],[94.226,-16.919],[90.89,-16.919],[86.685,-5.438]],"c":true},"ix":2},"nm":"м","mn":"ADBE Vector Shape - Group","hd":false},{"ind":2,"ty":"sh","ix":3,"ks":{"a":0,"k":{"i":[[0,0],[0,0],[0,0],[0,0]],"o":[[0,0],[0,0],[0,0],[0,0]],"v":[[81.633,-16.919],[78.298,-16.919],[84.63,0],[87.942,0]],"c":true},"ix":2},"nm":"м","mn":"ADBE Vector Shape - Group","hd":false},{"ind":3,"ty":"sh","ix":4,"ks":{"a":0,"k":{"i":[[0,0],[0,0],[0,0],[0,0]],"o":[[0,0],[0,0],[0,0],[0,0]],"v":[[90.89,-5.922],[90.89,0],[94.226,0],[94.226,-14.913]],"c":true},"ix":2},"nm":"м","mn":"ADBE Vector Shape - Group","hd":false},{"ty":"mm","mm":1,"nm":"Merge Paths 1","mn":"ADBE Vector Filter - Merge","hd":false},{"ty":"fl","c":{"a":0,"k":[1,1,1,1],"ix":4},"o":{"a":0,"k":100,"ix":5},"r":1,"bm":0,"nm":"Fill 1","mn":"ADBE Vector Graphic - Fill","hd":false},{"ty":"tr","p":{"a":0,"k":[0,0],"ix":2},"a":{"a":0,"k":[0,0],"ix":1},"s":{"a":0,"k":[100,100],"ix":3},"r":{"a":0,"k":0,"ix":6},"o":{"a":0,"k":100,"ix":7},"sk":{"a":0,"k":0,"ix":4},"sa":{"a":0,"k":0,"ix":5},"nm":"Transform"}],"nm":"м","np":7,"cix":2,"bm":0,"ix":6,"mn":"ADBE Vector Group","hd":false},{"ty":"gr","it":[{"ind":0,"ty":"sh","ix":1,"ks":{"a":0,"k":{"i":[[0,0],[0,0],[0,0],[0,0]],"o":[[0,0],[0,0],[0,0],[0,0]],"v":[[100.522,-16.919],[96.994,-16.919],[96.994,0],[100.522,0]],"c":true},"ix":2},"nm":"и","mn":"ADBE Vector Shape - Group","hd":false},{"ind":1,"ty":"sh","ix":2,"ks":{"a":0,"k":{"i":[[0,0],[0,0],[0,0],[0,0]],"o":[[0,0],[0,0],[0,0],[0,0]],"v":[[107.121,-16.919],[107.121,0],[110.65,0],[110.65,-16.919]],"c":true},"ix":2},"nm":"и","mn":"ADBE Vector Shape - Group","hd":false},{"ind":2,"ty":"sh","ix":3,"ks":{"a":0,"k":{"i":[[0,0],[0,0],[0,0],[0,0]],"o":[[0,0],[0,0],[0,0],[0,0]],"v":[[106.396,-9.885],[106.396,-15.686],[101.247,-6.985],[101.247,-1.208]],"c":true},"ix":2},"nm":"и","mn":"ADBE Vector Shape - Group","hd":false},{"ty":"mm","mm":1,"nm":"Merge Paths 1","mn":"ADBE Vector Filter - Merge","hd":false},{"ty":"fl","c":{"a":0,"k":[1,1,1,1],"ix":4},"o":{"a":0,"k":100,"ix":5},"r":1,"bm":0,"nm":"Fill 1","mn":"ADBE Vector Graphic - Fill","hd":false},{"ty":"tr","p":{"a":0,"k":[0,0],"ix":2},"a":{"a":0,"k":[0,0],"ix":1},"s":{"a":0,"k":[100,100],"ix":3},"r":{"a":0,"k":0,"ix":6},"o":{"a":0,"k":100,"ix":7},"sk":{"a":0,"k":0,"ix":4},"sa":{"a":0,"k":0,"ix":5},"nm":"Transform"}],"nm":"и","np":6,"cix":2,"bm":0,"ix":7,"mn":"ADBE Vector Group","hd":false},{"ty":"gr","it":[{"ind":0,"ty":"sh","ix":1,"ks":{"a":0,"k":{"i":[[0,0],[0,0],[0,0],[0,0]],"o":[[0,0],[0,0],[0,0],[0,0]],"v":[[121.458,-13.777],[125.47,-13.777],[125.47,-16.919],[121.458,-16.919]],"c":true},"ix":2},"nm":"т","mn":"ADBE Vector Shape - Group","hd":false},{"ind":1,"ty":"sh","ix":2,"ks":{"a":0,"k":{"i":[[0,0],[0,0],[0,0],[0,0]],"o":[[0,0],[0,0],[0,0],[0,0]],"v":[[116.479,-13.777],[116.479,-16.919],[112.467,-16.919],[112.467,-13.777]],"c":true},"ix":2},"nm":"т","mn":"ADBE Vector Shape - Group","hd":false},{"ind":2,"ty":"sh","ix":3,"ks":{"a":0,"k":{"i":[[0,0],[0,0],[0,0],[0,0]],"o":[[0,0],[0,0],[0,0],[0,0]],"v":[[117.204,-16.919],[117.204,0],[120.733,0],[120.733,-16.919]],"c":true},"ix":2},"nm":"т","mn":"ADBE Vector Shape - Group","hd":false},{"ty":"mm","mm":1,"nm":"Merge Paths 1","mn":"ADBE Vector Filter - Merge","hd":false},{"ty":"fl","c":{"a":0,"k":[1,1,1,1],"ix":4},"o":{"a":0,"k":100,"ix":5},"r":1,"bm":0,"nm":"Fill 1","mn":"ADBE Vector Graphic - Fill","hd":false},{"ty":"tr","p":{"a":0,"k":[0,0],"ix":2},"a":{"a":0,"k":[0,0],"ix":1},"s":{"a":0,"k":[100,100],"ix":3},"r":{"a":0,"k":0,"ix":6},"o":{"a":0,"k":100,"ix":7},"sk":{"a":0,"k":0,"ix":4},"sa":{"a":0,"k":0,"ix":5},"nm":"Transform"}],"nm":"т","np":6,"cix":2,"bm":0,"ix":8,"mn":"ADBE Vector Group","hd":false},{"ty":"gr","it":[{"ind":0,"ty":"sh","ix":1,"ks":{"a":0,"k":{"i":[[0,0],[0,0],[0,0],[0,0],[0,0],[0,0],[0,0],[0,0]],"o":[[0,0],[0,0],[0,0],[0,0],[0,0],[0,0],[0,0],[0,0]],"v":[[133.759,-10.441],[130.834,-10.441],[130.834,-16.919],[127.305,-16.919],[127.305,0],[130.834,0],[130.834,-7.323],[133.759,-7.323]],"c":true},"ix":2},"nm":"н","mn":"ADBE Vector Shape - Group","hd":false},{"ind":1,"ty":"sh","ix":2,"ks":{"a":0,"k":{"i":[[0,0],[0,0],[0,0],[0,0],[0,0],[0,0],[0,0],[0,0]],"o":[[0,0],[0,0],[0,0],[0,0],[0,0],[0,0],[0,0],[0,0]],"v":[[134.484,-7.323],[137.432,-7.323],[137.432,0],[140.961,0],[140.961,-16.919],[137.432,-16.919],[137.432,-10.441],[134.484,-10.441]],"c":true},"ix":2},"nm":"н","mn":"ADBE Vector Shape - Group","hd":false},{"ty":"mm","mm":1,"nm":"Merge Paths 1","mn":"ADBE Vector Filter - Merge","hd":false},{"ty":"fl","c":{"a":0,"k":[1,1,1,1],"ix":4},"o":{"a":0,"k":100,"ix":5},"r":1,"bm":0,"nm":"Fill 1","mn":"ADBE Vector Graphic - Fill","hd":false},{"ty":"tr","p":{"a":0,"k":[0,0],"ix":2},"a":{"a":0,"k":[0,0],"ix":1},"s":{"a":0,"k":[100,100],"ix":3},"r":{"a":0,"k":0,"ix":6},"o":{"a":0,"k":100,"ix":7},"sk":{"a":0,"k":0,"ix":4},"sa":{"a":0,"k":0,"ix":5},"nm":"Transform"}],"nm":"н","np":5,"cix":2,"bm":0,"ix":9,"mn":"ADBE Vector Group","hd":false},{"ty":"gr","it":[{"ind":0,"ty":"sh","ix":1,"ks":{"a":0,"k":{"i":[[0,0],[0,0],[0,0],[0,0]],"o":[[0,0],[0,0],[0,0],[0,0]],"v":[[147.274,0],[147.274,-16.919],[143.745,-16.919],[143.745,0]],"c":true},"ix":2},"nm":"ы","mn":"ADBE Vector Shape - Group","hd":false},{"ind":1,"ty":"sh","ix":2,"ks":{"a":0,"k":{"i":[[0,0],[0,0],[0,-2.199],[1.764,0],[0,0],[0,0],[0,0],[0,2.731],[4.133,0],[0,0]],"o":[[0,0],[1.45,0],[0,1.668],[0,0],[0,0],[0,0],[4.447,0],[0,-3.239],[0,0],[0,0]],"v":[[147.999,-8.629],[150.271,-8.629],[153.123,-5.728],[150.271,-3.142],[147.999,-3.142],[147.999,0],[150.513,0],[156.386,-5.728],[150.634,-11.529],[147.999,-11.529]],"c":true},"ix":2},"nm":"ы","mn":"ADBE Vector Shape - Group","hd":false},{"ind":2,"ty":"sh","ix":3,"ks":{"a":0,"k":{"i":[[0,0],[0,0],[0,0],[0,0]],"o":[[0,0],[0,0],[0,0],[0,0]],"v":[[161.607,0],[161.607,-16.919],[158.078,-16.919],[158.078,0]],"c":true},"ix":2},"nm":"ы","mn":"ADBE Vector Shape - Group","hd":false},{"ty":"mm","mm":1,"nm":"Merge Paths 1","mn":"ADBE Vector Filter - Merge","hd":false},{"ty":"fl","c":{"a":0,"k":[1,1,1,1],"ix":4},"o":{"a":0,"k":100,"ix":5},"r":1,"bm":0,"nm":"Fill 1","mn":"ADBE Vector Graphic - Fill","hd":false},{"ty":"tr","p":{"a":0,"k":[0,0],"ix":2},"a":{"a":0,"k":[0,0],"ix":1},"s":{"a":0,"k":[100,100],"ix":3},"r":{"a":0,"k":0,"ix":6},"o":{"a":0,"k":100,"ix":7},"sk":{"a":0,"k":0,"ix":4},"sa":{"a":0,"k":0,"ix":5},"nm":"Transform"}],"nm":"ы","np":6,"cix":2,"bm":0,"ix":10,"mn":"ADBE Vector Group","hd":false},{"ty":"gr","it":[{"ind":0,"ty":"sh","ix":1,"ks":{"a":0,"k":{"i":[[0,0],[0,0],[0,0],[0,0]],"o":[[0,0],[0,0],[0,0],[0,0]],"v":[[167.89,-16.919],[164.361,-16.919],[164.361,0],[167.89,0]],"c":true},"ix":2},"nm":"й","mn":"ADBE Vector Shape - Group","hd":false},{"ind":1,"ty":"sh","ix":2,"ks":{"a":0,"k":{"i":[[0,0],[0,0],[0,0],[0,0]],"o":[[0,0],[0,0],[0,0],[0,0]],"v":[[174.488,-16.919],[174.488,0],[178.017,0],[178.017,-16.919]],"c":true},"ix":2},"nm":"й","mn":"ADBE Vector Shape - Group","hd":false},{"ind":2,"ty":"sh","ix":3,"ks":{"a":0,"k":{"i":[[0,0],[0,0],[0,0],[0,0]],"o":[[0,0],[0,0],[0,0],[0,0]],"v":[[173.763,-9.885],[173.763,-15.686],[168.615,-6.985],[168.615,-1.208]],"c":true},"ix":2},"nm":"й","mn":"ADBE Vector Shape - Group","hd":false},{"ind":3,"ty":"sh","ix":4,"ks":{"a":0,"k":{"i":[[0,0],[-2.296,0],[-0.121,2.731],[0,0],[1.402,0],[0.121,1.233]],"o":[[0.121,2.731],[2.369,0],[0,0],[-0.121,1.208],[-0.967,0],[0,0]],"v":[[167.261,-21.342],[170.984,-18.031],[174.972,-21.342],[172.99,-21.342],[171.008,-20.037],[169.243,-21.342]],"c":true},"ix":2},"nm":"й","mn":"ADBE Vector Shape - Group","hd":false},{"ty":"mm","mm":1,"nm":"Merge Paths 1","mn":"ADBE Vector Filter - Merge","hd":false},{"ty":"fl","c":{"a":0,"k":[1,1,1,1],"ix":4},"o":{"a":0,"k":100,"ix":5},"r":1,"bm":0,"nm":"Fill 1","mn":"ADBE Vector Graphic - Fill","hd":false},{"ty":"tr","p":{"a":0,"k":[0,0],"ix":2},"a":{"a":0,"k":[0,0],"ix":1},"s":{"a":0,"k":[100,100],"ix":3},"r":{"a":0,"k":0,"ix":6},"o":{"a":0,"k":100,"ix":7},"sk":{"a":0,"k":0,"ix":4},"sa":{"a":0,"k":0,"ix":5},"nm":"Transform"}],"nm":"й","np":7,"cix":2,"bm":0,"ix":11,"mn":"ADBE Vector Group","hd":false},{"ty":"gr","it":[{"ind":0,"ty":"sh","ix":1,"ks":{"a":0,"k":{"i":[[0,0],[0,0],[0,0],[0,0]],"o":[[0,0],[0,0],[0,0],[0,0]],"v":[[4.979,7.081],[1.45,7.081],[1.45,24],[4.979,24]],"c":true},"ix":2},"nm":"и","mn":"ADBE Vector Shape - Group","hd":false},{"ind":1,"ty":"sh","ix":2,"ks":{"a":0,"k":{"i":[[0,0],[0,0],[0,0],[0,0]],"o":[[0,0],[0,0],[0,0],[0,0]],"v":[[11.577,7.081],[11.577,24],[15.106,24],[15.106,7.081]],"c":true},"ix":2},"nm":"и","mn":"ADBE Vector Shape - Group","hd":false},{"ind":2,"ty":"sh","ix":3,"ks":{"a":0,"k":{"i":[[0,0],[0,0],[0,0],[0,0]],"o":[[0,0],[0,0],[0,0],[0,0]],"v":[[10.852,14.115],[10.852,8.314],[5.704,17.015],[5.704,22.792]],"c":true},"ix":2},"nm":"и","mn":"ADBE Vector Shape - Group","hd":false},{"ty":"mm","mm":1,"nm":"Merge Paths 1","mn":"ADBE Vector Filter - Merge","hd":false},{"ty":"fl","c":{"a":0,"k":[1,1,1,1],"ix":4},"o":{"a":0,"k":100,"ix":5},"r":1,"bm":0,"nm":"Fill 1","mn":"ADBE Vector Graphic - Fill","hd":false},{"ty":"tr","p":{"a":0,"k":[0,0],"ix":2},"a":{"a":0,"k":[0,0],"ix":1},"s":{"a":0,"k":[100,100],"ix":3},"r":{"a":0,"k":0,"ix":6},"o":{"a":0,"k":100,"ix":7},"sk":{"a":0,"k":0,"ix":4},"sa":{"a":0,"k":0,"ix":5},"nm":"Transform"}],"nm":"и","np":6,"cix":2,"bm":0,"ix":12,"mn":"ADBE Vector Group","hd":false},{"ty":"gr","it":[{"ind":0,"ty":"sh","ix":1,"ks":{"a":0,"k":{"i":[[0,0],[0,0],[0,0],[0,0],[0,0],[0,0],[0,0],[0,0]],"o":[[0,0],[0,0],[0,0],[0,0],[0,0],[0,0],[0,0],[0,0]],"v":[[24.344,13.559],[21.419,13.559],[21.419,7.081],[17.89,7.081],[17.89,24],[21.419,24],[21.419,16.677],[24.344,16.677]],"c":true},"ix":2},"nm":"н","mn":"ADBE Vector Shape - Group","hd":false},{"ind":1,"ty":"sh","ix":2,"ks":{"a":0,"k":{"i":[[0,0],[0,0],[0,0],[0,0],[0,0],[0,0],[0,0],[0,0]],"o":[[0,0],[0,0],[0,0],[0,0],[0,0],[0,0],[0,0],[0,0]],"v":[[25.069,16.677],[28.017,16.677],[28.017,24],[31.546,24],[31.546,7.081],[28.017,7.081],[28.017,13.559],[25.069,13.559]],"c":true},"ix":2},"nm":"н","mn":"ADBE Vector Shape - Group","hd":false},{"ty":"mm","mm":1,"nm":"Merge Paths 1","mn":"ADBE Vector Filter - Merge","hd":false},{"ty":"fl","c":{"a":0,"k":[1,1,1,1],"ix":4},"o":{"a":0,"k":100,"ix":5},"r":1,"bm":0,"nm":"Fill 1","mn":"ADBE Vector Graphic - Fill","hd":false},{"ty":"tr","p":{"a":0,"k":[0,0],"ix":2},"a":{"a":0,"k":[0,0],"ix":1},"s":{"a":0,"k":[100,100],"ix":3},"r":{"a":0,"k":0,"ix":6},"o":{"a":0,"k":100,"ix":7},"sk":{"a":0,"k":0,"ix":4},"sa":{"a":0,"k":0,"ix":5},"nm":"Transform"}],"nm":"н","np":5,"cix":2,"bm":0,"ix":13,"mn":"ADBE Vector Group","hd":false},{"ty":"gr","it":[{"ind":0,"ty":"sh","ix":1,"ks":{"a":0,"k":{"i":[[0,0],[0,0],[0,0],[0,0]],"o":[[0,0],[0,0],[0,0],[0,0]],"v":[[42.354,10.223],[46.367,10.223],[46.367,7.081],[42.354,7.081]],"c":true},"ix":2},"nm":"т","mn":"ADBE Vector Shape - Group","hd":false},{"ind":1,"ty":"sh","ix":2,"ks":{"a":0,"k":{"i":[[0,0],[0,0],[0,0],[0,0]],"o":[[0,0],[0,0],[0,0],[0,0]],"v":[[37.375,10.223],[37.375,7.081],[33.363,7.081],[33.363,10.223]],"c":true},"ix":2},"nm":"т","mn":"ADBE Vector Shape - Group","hd":false},{"ind":2,"ty":"sh","ix":3,"ks":{"a":0,"k":{"i":[[0,0],[0,0],[0,0],[0,0]],"o":[[0,0],[0,0],[0,0],[0,0]],"v":[[38.101,7.081],[38.101,24],[41.629,24],[41.629,7.081]],"c":true},"ix":2},"nm":"т","mn":"ADBE Vector Shape - Group","hd":false},{"ty":"mm","mm":1,"nm":"Merge Paths 1","mn":"ADBE Vector Filter - Merge","hd":false},{"ty":"fl","c":{"a":0,"k":[1,1,1,1],"ix":4},"o":{"a":0,"k":100,"ix":5},"r":1,"bm":0,"nm":"Fill 1","mn":"ADBE Vector Graphic - Fill","hd":false},{"ty":"tr","p":{"a":0,"k":[0,0],"ix":2},"a":{"a":0,"k":[0,0],"ix":1},"s":{"a":0,"k":[100,100],"ix":3},"r":{"a":0,"k":0,"ix":6},"o":{"a":0,"k":100,"ix":7},"sk":{"a":0,"k":0,"ix":4},"sa":{"a":0,"k":0,"ix":5},"nm":"Transform"}],"nm":"т","np":6,"cix":2,"bm":0,"ix":14,"mn":"ADBE Vector Group","hd":false},{"ty":"gr","it":[{"ind":0,"ty":"sh","ix":1,"ks":{"a":0,"k":{"i":[[0,0],[0,0],[0,0],[0,0]],"o":[[0,0],[0,0],[0,0],[0,0]],"v":[[52.456,10.223],[59.682,10.223],[59.682,7.081],[52.456,7.081]],"c":true},"ix":2},"nm":"е","mn":"ADBE Vector Shape - Group","hd":false},{"ind":1,"ty":"sh","ix":2,"ks":{"a":0,"k":{"i":[[0,0],[0,0],[0,0],[0,0]],"o":[[0,0],[0,0],[0,0],[0,0]],"v":[[52.456,16.918],[59.296,16.918],[59.296,13.849],[52.456,13.849]],"c":true},"ix":2},"nm":"е","mn":"ADBE Vector Shape - Group","hd":false},{"ind":2,"ty":"sh","ix":3,"ks":{"a":0,"k":{"i":[[0,0],[0,0],[0,0],[0,0]],"o":[[0,0],[0,0],[0,0],[0,0]],"v":[[52.456,24],[59.997,24],[59.997,20.858],[52.456,20.858]],"c":true},"ix":2},"nm":"е","mn":"ADBE Vector Shape - Group","hd":false},{"ind":3,"ty":"sh","ix":4,"ks":{"a":0,"k":{"i":[[0,0],[0,0],[0,0],[0,0]],"o":[[0,0],[0,0],[0,0],[0,0]],"v":[[51.731,7.081],[48.202,7.081],[48.202,24],[51.731,24]],"c":true},"ix":2},"nm":"е","mn":"ADBE Vector Shape - Group","hd":false},{"ty":"mm","mm":1,"nm":"Merge Paths 1","mn":"ADBE Vector Filter - Merge","hd":false},{"ty":"fl","c":{"a":0,"k":[1,1,1,1],"ix":4},"o":{"a":0,"k":100,"ix":5},"r":1,"bm":0,"nm":"Fill 1","mn":"ADBE Vector Graphic - Fill","hd":false},{"ty":"tr","p":{"a":0,"k":[0,0],"ix":2},"a":{"a":0,"k":[0,0],"ix":1},"s":{"a":0,"k":[100,100],"ix":3},"r":{"a":0,"k":0,"ix":6},"o":{"a":0,"k":100,"ix":7},"sk":{"a":0,"k":0,"ix":4},"sa":{"a":0,"k":0,"ix":5},"nm":"Transform"}],"nm":"е","np":7,"cix":2,"bm":0,"ix":15,"mn":"ADBE Vector Group","hd":false},{"ty":"gr","it":[{"ind":0,"ty":"sh","ix":1,"ks":{"a":0,"k":{"i":[[0,0],[0,0],[0,0],[0,0]],"o":[[0,0],[0,0],[0,0],[0,0]],"v":[[65.843,7.081],[62.314,7.081],[62.314,24],[65.843,24]],"c":true},"ix":2},"nm":"р","mn":"ADBE Vector Shape - Group","hd":false},{"ind":1,"ty":"sh","ix":2,"ks":{"a":0,"k":{"i":[[0,0],[0,0],[0,3.287],[4.447,0],[0,0],[0,0],[0,0],[0,-1.668],[1.45,0],[0,0]],"o":[[0,0],[4.133,0],[0,-2.804],[0,0],[0,0],[0,0],[1.764,0],[0,2.199],[0,0],[0,0]],"v":[[66.568,18.393],[68.96,18.393],[74.955,12.592],[68.84,7.081],[66.568,7.081],[66.568,10.006],[68.574,10.006],[71.426,12.592],[68.574,15.468],[66.568,15.468]],"c":true},"ix":2},"nm":"р","mn":"ADBE Vector Shape - Group","hd":false},{"ty":"mm","mm":1,"nm":"Merge Paths 1","mn":"ADBE Vector Filter - Merge","hd":false},{"ty":"fl","c":{"a":0,"k":[1,1,1,1],"ix":4},"o":{"a":0,"k":100,"ix":5},"r":1,"bm":0,"nm":"Fill 1","mn":"ADBE Vector Graphic - Fill","hd":false},{"ty":"tr","p":{"a":0,"k":[0,0],"ix":2},"a":{"a":0,"k":[0,0],"ix":1},"s":{"a":0,"k":[100,100],"ix":3},"r":{"a":0,"k":0,"ix":6},"o":{"a":0,"k":100,"ix":7},"sk":{"a":0,"k":0,"ix":4},"sa":{"a":0,"k":0,"ix":5},"nm":"Transform"}],"nm":"р","np":5,"cix":2,"bm":0,"ix":16,"mn":"ADBE Vector Group","hd":false},{"ty":"gr","it":[{"ind":0,"ty":"sh","ix":1,"ks":{"a":0,"k":{"i":[[0,0],[0,0],[0,0],[0,0],[0,0],[0,0],[0,0],[0,0]],"o":[[0,0],[0,0],[0,0],[0,0],[0,0],[0,0],[0,0],[0,0]],"v":[[83.479,13.559],[80.554,13.559],[80.554,7.081],[77.026,7.081],[77.026,24],[80.554,24],[80.554,16.677],[83.479,16.677]],"c":true},"ix":2},"nm":"н","mn":"ADBE Vector Shape - Group","hd":false},{"ind":1,"ty":"sh","ix":2,"ks":{"a":0,"k":{"i":[[0,0],[0,0],[0,0],[0,0],[0,0],[0,0],[0,0],[0,0]],"o":[[0,0],[0,0],[0,0],[0,0],[0,0],[0,0],[0,0],[0,0]],"v":[[84.204,16.677],[87.153,16.677],[87.153,24],[90.682,24],[90.682,7.081],[87.153,7.081],[87.153,13.559],[84.204,13.559]],"c":true},"ix":2},"nm":"н","mn":"ADBE Vector Shape - Group","hd":false},{"ty":"mm","mm":1,"nm":"Merge Paths 1","mn":"ADBE Vector Filter - Merge","hd":false},{"ty":"fl","c":{"a":0,"k":[1,1,1,1],"ix":4},"o":{"a":0,"k":100,"ix":5},"r":1,"bm":0,"nm":"Fill 1","mn":"ADBE Vector Graphic - Fill","hd":false},{"ty":"tr","p":{"a":0,"k":[0,0],"ix":2},"a":{"a":0,"k":[0,0],"ix":1},"s":{"a":0,"k":[100,100],"ix":3},"r":{"a":0,"k":0,"ix":6},"o":{"a":0,"k":100,"ix":7},"sk":{"a":0,"k":0,"ix":4},"sa":{"a":0,"k":0,"ix":5},"nm":"Transform"}],"nm":"н","np":5,"cix":2,"bm":0,"ix":17,"mn":"ADBE Vector Group","hd":false},{"ty":"gr","it":[{"ind":0,"ty":"sh","ix":1,"ks":{"a":0,"k":{"i":[[0,0],[0,0],[0,0],[0,0]],"o":[[0,0],[0,0],[0,0],[0,0]],"v":[[97.719,10.223],[104.946,10.223],[104.946,7.081],[97.719,7.081]],"c":true},"ix":2},"nm":"е","mn":"ADBE Vector Shape - Group","hd":false},{"ind":1,"ty":"sh","ix":2,"ks":{"a":0,"k":{"i":[[0,0],[0,0],[0,0],[0,0]],"o":[[0,0],[0,0],[0,0],[0,0]],"v":[[97.719,16.918],[104.559,16.918],[104.559,13.849],[97.719,13.849]],"c":true},"ix":2},"nm":"е","mn":"ADBE Vector Shape - Group","hd":false},{"ind":2,"ty":"sh","ix":3,"ks":{"a":0,"k":{"i":[[0,0],[0,0],[0,0],[0,0]],"o":[[0,0],[0,0],[0,0],[0,0]],"v":[[97.719,24],[105.26,24],[105.26,20.858],[97.719,20.858]],"c":true},"ix":2},"nm":"е","mn":"ADBE Vector Shape - Group","hd":false},{"ind":3,"ty":"sh","ix":4,"ks":{"a":0,"k":{"i":[[0,0],[0,0],[0,0],[0,0]],"o":[[0,0],[0,0],[0,0],[0,0]],"v":[[96.994,7.081],[93.465,7.081],[93.465,24],[96.994,24]],"c":true},"ix":2},"nm":"е","mn":"ADBE Vector Shape - Group","hd":false},{"ty":"mm","mm":1,"nm":"Merge Paths 1","mn":"ADBE Vector Filter - Merge","hd":false},{"ty":"fl","c":{"a":0,"k":[1,1,1,1],"ix":4},"o":{"a":0,"k":100,"ix":5},"r":1,"bm":0,"nm":"Fill 1","mn":"ADBE Vector Graphic - Fill","hd":false},{"ty":"tr","p":{"a":0,"k":[0,0],"ix":2},"a":{"a":0,"k":[0,0],"ix":1},"s":{"a":0,"k":[100,100],"ix":3},"r":{"a":0,"k":0,"ix":6},"o":{"a":0,"k":100,"ix":7},"sk":{"a":0,"k":0,"ix":4},"sa":{"a":0,"k":0,"ix":5},"nm":"Transform"}],"nm":"е","np":7,"cix":2,"bm":0,"ix":18,"mn":"ADBE Vector Group","hd":false},{"ty":"gr","it":[{"ind":0,"ty":"sh","ix":1,"ks":{"a":0,"k":{"i":[[0,0],[0,0],[0,0],[0,0]],"o":[[0,0],[0,0],[0,0],[0,0]],"v":[[115.602,10.223],[119.614,10.223],[119.614,7.081],[115.602,7.081]],"c":true},"ix":2},"nm":"т","mn":"ADBE Vector Shape - Group","hd":false},{"ind":1,"ty":"sh","ix":2,"ks":{"a":0,"k":{"i":[[0,0],[0,0],[0,0],[0,0]],"o":[[0,0],[0,0],[0,0],[0,0]],"v":[[110.623,10.223],[110.623,7.081],[106.611,7.081],[106.611,10.223]],"c":true},"ix":2},"nm":"т","mn":"ADBE Vector Shape - Group","hd":false},{"ind":2,"ty":"sh","ix":3,"ks":{"a":0,"k":{"i":[[0,0],[0,0],[0,0],[0,0]],"o":[[0,0],[0,0],[0,0],[0,0]],"v":[[111.348,7.081],[111.348,24],[114.877,24],[114.877,7.081]],"c":true},"ix":2},"nm":"т","mn":"ADBE Vector Shape - Group","hd":false},{"ty":"mm","mm":1,"nm":"Merge Paths 1","mn":"ADBE Vector Filter - Merge","hd":false},{"ty":"fl","c":{"a":0,"k":[1,1,1,1],"ix":4},"o":{"a":0,"k":100,"ix":5},"r":1,"bm":0,"nm":"Fill 1","mn":"ADBE Vector Graphic - Fill","hd":false},{"ty":"tr","p":{"a":0,"k":[0,0],"ix":2},"a":{"a":0,"k":[0,0],"ix":1},"s":{"a":0,"k":[100,100],"ix":3},"r":{"a":0,"k":0,"ix":6},"o":{"a":0,"k":100,"ix":7},"sk":{"a":0,"k":0,"ix":4},"sa":{"a":0,"k":0,"ix":5},"nm":"Transform"}],"nm":"т","np":6,"cix":2,"bm":0,"ix":19,"mn":"ADBE Vector Group","hd":false},{"ty":"gr","it":[{"ind":0,"ty":"sh","ix":1,"ks":{"a":0,"k":{"i":[[0,0],[0,0],[0,3.021],[1.571,0.338],[0,0],[0,1.861],[2.949,0],[0,0],[0,0],[0,0],[0,-1.402],[1.861,0],[0,0],[0,0],[0,0],[0,-1.789],[1.402,0],[0,0]],"o":[[0,0],[3.529,0],[0,-1.934],[0,0],[1.305,-0.532],[0,-2.828],[0,0],[0,0],[0,0],[0.967,0],[0,1.305],[0,0],[0,0],[0,0],[1.378,0],[0,1.233],[0,0],[0,0]],"v":[[5.704,48],[9.136,48],[14.816,43.069],[12.012,39.009],[12.012,38.936],[14.236,35.407],[9.04,31.081],[5.704,31.081],[5.704,34.03],[8.556,34.03],[10.659,35.722],[8.049,37.776],[5.704,37.776],[5.704,40.531],[8.556,40.531],[11.263,42.828],[8.774,45.003],[5.704,45.003]],"c":true},"ix":2},"nm":"в","mn":"ADBE Vector Shape - Group","hd":false},{"ind":1,"ty":"sh","ix":2,"ks":{"a":0,"k":{"i":[[0,0],[0,0],[0,0],[0,0]],"o":[[0,0],[0,0],[0,0],[0,0]],"v":[[4.979,31.081],[1.45,31.081],[1.45,48],[4.979,48]],"c":true},"ix":2},"nm":"в","mn":"ADBE Vector Shape - Group","hd":false},{"ty":"mm","mm":1,"nm":"Merge Paths 1","mn":"ADBE Vector Filter - Merge","hd":false},{"ty":"fl","c":{"a":0,"k":[1,1,1,1],"ix":4},"o":{"a":0,"k":100,"ix":5},"r":1,"bm":0,"nm":"Fill 1","mn":"ADBE Vector Graphic - Fill","hd":false},{"ty":"tr","p":{"a":0,"k":[0,0],"ix":2},"a":{"a":0,"k":[0,0],"ix":1},"s":{"a":0,"k":[100,100],"ix":3},"r":{"a":0,"k":0,"ix":6},"o":{"a":0,"k":100,"ix":7},"sk":{"a":0,"k":0,"ix":4},"sa":{"a":0,"k":0,"ix":5},"nm":"Transform"}],"nm":"в","np":5,"cix":2,"bm":0,"ix":20,"mn":"ADBE Vector Group","hd":false},{"ty":"gr","it":[{"ind":0,"ty":"sh","ix":1,"ks":{"a":0,"k":{"i":[[0,0],[0,0],[0,0],[0,0],[0,0],[0,0]],"o":[[0,0],[0,0],[0,0],[0,0],[0,0],[0,0]],"v":[[28.686,31.081],[22.354,31.081],[22.354,48],[25.883,48],[25.883,34.223],[28.686,34.223]],"c":true},"ix":2},"nm":"п","mn":"ADBE Vector Shape - Group","hd":false},{"ind":1,"ty":"sh","ix":2,"ks":{"a":0,"k":{"i":[[0,0],[0,0],[0,0],[0,0],[0,0],[0,0]],"o":[[0,0],[0,0],[0,0],[0,0],[0,0],[0,0]],"v":[[29.436,34.223],[32.239,34.223],[32.239,48],[35.768,48],[35.768,31.081],[29.436,31.081]],"c":true},"ix":2},"nm":"п","mn":"ADBE Vector Shape - Group","hd":false},{"ty":"mm","mm":1,"nm":"Merge Paths 1","mn":"ADBE Vector Filter - Merge","hd":false},{"ty":"fl","c":{"a":0,"k":[1,1,1,1],"ix":4},"o":{"a":0,"k":100,"ix":5},"r":1,"bm":0,"nm":"Fill 1","mn":"ADBE Vector Graphic - Fill","hd":false},{"ty":"tr","p":{"a":0,"k":[0,0],"ix":2},"a":{"a":0,"k":[0,0],"ix":1},"s":{"a":0,"k":[100,100],"ix":3},"r":{"a":0,"k":0,"ix":6},"o":{"a":0,"k":100,"ix":7},"sk":{"a":0,"k":0,"ix":4},"sa":{"a":0,"k":0,"ix":5},"nm":"Transform"}],"nm":"п","np":5,"cix":2,"bm":0,"ix":21,"mn":"ADBE Vector Group","hd":false},{"ty":"gr","it":[{"ind":0,"ty":"sh","ix":1,"ks":{"a":0,"k":{"i":[[0,0],[0,-4.109],[1.982,-0.169],[0,0],[0,6.139],[3.215,0.145]],"o":[[1.74,0.169],[0,3.795],[0,0],[3.722,-0.145],[0,-6.695],[0,0]],"v":[[46.24,33.909],[50.252,39.541],[46.24,45.172],[46.24,48.435],[53.926,39.541],[46.24,30.646]],"c":true},"ix":2},"nm":"о","mn":"ADBE Vector Shape - Group","hd":false},{"ind":1,"ty":"sh","ix":2,"ks":{"a":0,"k":{"i":[[0,0],[0,-6.526],[-3.819,-0.169],[0,0],[0,3.698],[-1.813,0.169]],"o":[[-3.36,0.145],[0,5.97],[0,0],[-2.03,-0.193],[0,-4.036],[0,0]],"v":[[45.515,30.646],[37.828,39.541],[45.515,48.435],[45.515,45.172],[41.502,39.541],[45.515,33.909]],"c":true},"ix":2},"nm":"о","mn":"ADBE Vector Shape - Group","hd":false},{"ty":"mm","mm":1,"nm":"Merge Paths 1","mn":"ADBE Vector Filter - Merge","hd":false},{"ty":"fl","c":{"a":0,"k":[1,1,1,1],"ix":4},"o":{"a":0,"k":100,"ix":5},"r":1,"bm":0,"nm":"Fill 1","mn":"ADBE Vector Graphic - Fill","hd":false},{"ty":"tr","p":{"a":0,"k":[0,0],"ix":2},"a":{"a":0,"k":[0,0],"ix":1},"s":{"a":0,"k":[100,100],"ix":3},"r":{"a":0,"k":0,"ix":6},"o":{"a":0,"k":100,"ix":7},"sk":{"a":0,"k":0,"ix":4},"sa":{"a":0,"k":0,"ix":5},"nm":"Transform"}],"nm":"о","np":5,"cix":2,"bm":0,"ix":22,"mn":"ADBE Vector Group","hd":false},{"ty":"gr","it":[{"ind":0,"ty":"sh","ix":1,"ks":{"a":0,"k":{"i":[[0,0],[0,0],[0,3.142],[0,0],[0,0],[0,0],[0,0],[0,0],[2.586,-0.338],[0,0],[0,0],[0,0],[0,0]],"o":[[0,0],[0.604,-1.619],[0,0],[0,0],[0,0],[0,0],[0,0],[0,5.172],[0,0],[0,0],[0,0],[0,0],[0,0]],"v":[[62.773,44.858],[59.921,44.858],[60.743,37.776],[60.743,34.223],[62.773,34.223],[62.773,31.081],[57.214,31.081],[57.214,37.389],[54.531,44.858],[54.531,52.109],[58.06,52.109],[58.06,48],[62.773,48]],"c":true},"ix":2},"nm":"д","mn":"ADBE Vector Shape - Group","hd":false},{"ind":1,"ty":"sh","ix":2,"ks":{"a":0,"k":{"i":[[0,0],[0,0],[0,0],[0,0],[0,0],[0,0],[0,0],[0,0],[0,0],[0,0],[0,0],[0,0]],"o":[[0,0],[0,0],[0,0],[0,0],[0,0],[0,0],[0,0],[0,0],[0,0],[0,0],[0,0],[0,0]],"v":[[63.498,48],[67.945,48],[67.945,52.109],[71.474,52.109],[71.474,44.858],[69.154,44.858],[69.154,31.081],[63.498,31.081],[63.498,34.223],[65.649,34.223],[65.649,44.858],[63.498,44.858]],"c":true},"ix":2},"nm":"д","mn":"ADBE Vector Shape - Group","hd":false},{"ty":"mm","mm":1,"nm":"Merge Paths 1","mn":"ADBE Vector Filter - Merge","hd":false},{"ty":"fl","c":{"a":0,"k":[1,1,1,1],"ix":4},"o":{"a":0,"k":100,"ix":5},"r":1,"bm":0,"nm":"Fill 1","mn":"ADBE Vector Graphic - Fill","hd":false},{"ty":"tr","p":{"a":0,"k":[0,0],"ix":2},"a":{"a":0,"k":[0,0],"ix":1},"s":{"a":0,"k":[100,100],"ix":3},"r":{"a":0,"k":0,"ix":6},"o":{"a":0,"k":100,"ix":7},"sk":{"a":0,"k":0,"ix":4},"sa":{"a":0,"k":0,"ix":5},"nm":"Transform"}],"nm":"д","np":5,"cix":2,"bm":0,"ix":23,"mn":"ADBE Vector Group","hd":false},{"ty":"gr","it":[{"ind":0,"ty":"sh","ix":1,"ks":{"a":0,"k":{"i":[[0,0],[0,0],[0,0],[0,0],[0,0],[0,0],[0,0],[0,0]],"o":[[0,0],[0,0],[0,0],[0,0],[0,0],[0,0],[0,0],[0,0]],"v":[[77.822,32.193],[72.553,48],[76.033,48],[76.855,45.438],[82.487,45.438],[81.496,42.634],[77.774,42.634],[79.514,37.027]],"c":true},"ix":2},"nm":"а","mn":"ADBE Vector Shape - Group","hd":false},{"ind":1,"ty":"sh","ix":2,"ks":{"a":0,"k":{"i":[[0,0],[0,0],[0,0],[0,0]],"o":[[0,0],[0,0],[0,0],[0,0]],"v":[[78.185,31.081],[84.155,48],[87.828,48],[81.858,31.081]],"c":true},"ix":2},"nm":"а","mn":"ADBE Vector Shape - Group","hd":false},{"ty":"mm","mm":1,"nm":"Merge Paths 1","mn":"ADBE Vector Filter - Merge","hd":false},{"ty":"fl","c":{"a":0,"k":[1,1,1,1],"ix":4},"o":{"a":0,"k":100,"ix":5},"r":1,"bm":0,"nm":"Fill 1","mn":"ADBE Vector Graphic - Fill","hd":false},{"ty":"tr","p":{"a":0,"k":[0,0],"ix":2},"a":{"a":0,"k":[0,0],"ix":1},"s":{"a":0,"k":[100,100],"ix":3},"r":{"a":0,"k":0,"ix":6},"o":{"a":0,"k":100,"ix":7},"sk":{"a":0,"k":0,"ix":4},"sa":{"a":0,"k":0,"ix":5},"nm":"Transform"}],"nm":"а","np":5,"cix":2,"bm":0,"ix":24,"mn":"ADBE Vector Group","hd":false},{"ty":"gr","it":[{"ind":0,"ty":"sh","ix":1,"ks":{"a":0,"k":{"i":[[0,0],[0,0],[0,0],[0,0]],"o":[[0,0],[0,0],[0,0],[0,0]],"v":[[92.938,31.081],[89.409,31.081],[89.409,48],[92.938,48]],"c":true},"ix":2},"nm":"р","mn":"ADBE Vector Shape - Group","hd":false},{"ind":1,"ty":"sh","ix":2,"ks":{"a":0,"k":{"i":[[0,0],[0,0],[0,3.287],[4.447,0],[0,0],[0,0],[0,0],[0,-1.668],[1.45,0],[0,0]],"o":[[0,0],[4.133,0],[0,-2.804],[0,0],[0,0],[0,0],[1.764,0],[0,2.199],[0,0],[0,0]],"v":[[93.663,42.393],[96.056,42.393],[102.05,36.592],[95.935,31.081],[93.663,31.081],[93.663,34.006],[95.669,34.006],[98.521,36.592],[95.669,39.468],[93.663,39.468]],"c":true},"ix":2},"nm":"р","mn":"ADBE Vector Shape - Group","hd":false},{"ty":"mm","mm":1,"nm":"Merge Paths 1","mn":"ADBE Vector Filter - Merge","hd":false},{"ty":"fl","c":{"a":0,"k":[1,1,1,1],"ix":4},"o":{"a":0,"k":100,"ix":5},"r":1,"bm":0,"nm":"Fill 1","mn":"ADBE Vector Graphic - Fill","hd":false},{"ty":"tr","p":{"a":0,"k":[0,0],"ix":2},"a":{"a":0,"k":[0,0],"ix":1},"s":{"a":0,"k":[100,100],"ix":3},"r":{"a":0,"k":0,"ix":6},"o":{"a":0,"k":100,"ix":7},"sk":{"a":0,"k":0,"ix":4},"sa":{"a":0,"k":0,"ix":5},"nm":"Transform"}],"nm":"р","np":5,"cix":2,"bm":0,"ix":25,"mn":"ADBE Vector Group","hd":false},{"ty":"gr","it":[{"ind":0,"ty":"sh","ix":1,"ks":{"a":0,"k":{"i":[[0,0],[0,-4.109],[1.982,-0.169],[0,0],[0,6.139],[3.215,0.145]],"o":[[1.74,0.169],[0,3.795],[0,0],[3.722,-0.145],[0,-6.695],[0,0]],"v":[[111.807,33.909],[115.819,39.541],[111.807,45.172],[111.807,48.435],[119.493,39.541],[111.807,30.646]],"c":true},"ix":2},"nm":"о","mn":"ADBE Vector Shape - Group","hd":false},{"ind":1,"ty":"sh","ix":2,"ks":{"a":0,"k":{"i":[[0,0],[0,-6.526],[-3.819,-0.169],[0,0],[0,3.698],[-1.813,0.169]],"o":[[-3.36,0.145],[0,5.97],[0,0],[-2.03,-0.193],[0,-4.036],[0,0]],"v":[[111.082,30.646],[103.396,39.541],[111.082,48.435],[111.082,45.172],[107.07,39.541],[111.082,33.909]],"c":true},"ix":2},"nm":"о","mn":"ADBE Vector Shape - Group","hd":false},{"ty":"mm","mm":1,"nm":"Merge Paths 1","mn":"ADBE Vector Filter - Merge","hd":false},{"ty":"fl","c":{"a":0,"k":[1,1,1,1],"ix":4},"o":{"a":0,"k":100,"ix":5},"r":1,"bm":0,"nm":"Fill 1","mn":"ADBE Vector Graphic - Fill","hd":false},{"ty":"tr","p":{"a":0,"k":[0,0],"ix":2},"a":{"a":0,"k":[0,0],"ix":1},"s":{"a":0,"k":[100,100],"ix":3},"r":{"a":0,"k":0,"ix":6},"o":{"a":0,"k":100,"ix":7},"sk":{"a":0,"k":0,"ix":4},"sa":{"a":0,"k":0,"ix":5},"nm":"Transform"}],"nm":"о","np":5,"cix":2,"bm":0,"ix":26,"mn":"ADBE Vector Group","hd":false},{"ty":"gr","it":[{"ind":0,"ty":"sh","ix":1,"ks":{"a":0,"k":{"i":[[0,0],[0,0],[0,0],[0,0],[0,0],[0,0],[0,0]],"o":[[0,0],[0,0],[0,0],[0,0],[0,0],[0,0],[0,0]],"v":[[134.645,31.081],[130.778,31.081],[125.799,37.365],[125.799,40.58],[131.068,48],[135.08,48],[128.578,38.719]],"c":true},"ix":2},"nm":"к","mn":"ADBE Vector Shape - Group","hd":false},{"ind":1,"ty":"sh","ix":2,"ks":{"a":0,"k":{"i":[[0,0],[0,0],[0,0],[0,0]],"o":[[0,0],[0,0],[0,0],[0,0]],"v":[[125.074,31.081],[121.545,31.081],[121.545,48],[125.074,48]],"c":true},"ix":2},"nm":"к","mn":"ADBE Vector Shape - Group","hd":false},{"ty":"mm","mm":1,"nm":"Merge Paths 1","mn":"ADBE Vector Filter - Merge","hd":false},{"ty":"fl","c":{"a":0,"k":[1,1,1,1],"ix":4},"o":{"a":0,"k":100,"ix":5},"r":1,"bm":0,"nm":"Fill 1","mn":"ADBE Vector Graphic - Fill","hd":false},{"ty":"tr","p":{"a":0,"k":[0,0],"ix":2},"a":{"a":0,"k":[0,0],"ix":1},"s":{"a":0,"k":[100,100],"ix":3},"r":{"a":0,"k":0,"ix":6},"o":{"a":0,"k":100,"ix":7},"sk":{"a":0,"k":0,"ix":4},"sa":{"a":0,"k":0,"ix":5},"nm":"Transform"}],"nm":"к","np":5,"cix":2,"bm":0,"ix":27,"mn":"ADBE Vector Group","hd":false}],"ip":0,"op":500,"st":0,"bm":0},{"ddd":0,"ind":6,"ty":4,"nm":"Подробнее Outlines","sr":1,"ks":{"o":{"a":0,"k":100,"ix":11},"r":{"a":0,"k":0,"ix":10},"p":{"a":0,"k":[65.988,119.66,0],"ix":2},"a":{"a":0,"k":[0.091,-4.622,0],"ix":1},"s":{"a":0,"k":[100,100,100],"ix":6}},"ao":0,"shapes":[{"ty":"gr","it":[{"ind":0,"ty":"sh","ix":1,"ks":{"a":0,"k":{"i":[[0,0],[0,0],[0,0],[0,0],[0,0],[0,0]],"o":[[0,0],[0,0],[0,0],[0,0],[0,0],[0,0]],"v":[[-37.005,-9.869],[-40.699,-9.869],[-40.699,0],[-38.64,0],[-38.64,-8.036],[-37.005,-8.036]],"c":true},"ix":2},"nm":"П","mn":"ADBE Vector Shape - Group","hd":false},{"ind":1,"ty":"sh","ix":2,"ks":{"a":0,"k":{"i":[[0,0],[0,0],[0,0],[0,0],[0,0],[0,0]],"o":[[0,0],[0,0],[0,0],[0,0],[0,0],[0,0]],"v":[[-36.568,-8.036],[-34.932,-8.036],[-34.932,0],[-32.874,0],[-32.874,-9.869],[-36.568,-9.869]],"c":true},"ix":2},"nm":"П","mn":"ADBE Vector Shape - Group","hd":false},{"ty":"mm","mm":1,"nm":"Merge Paths 1","mn":"ADBE Vector Filter - Merge","hd":false},{"ty":"fl","c":{"a":0,"k":[0,0,0,1],"ix":4},"o":{"a":0,"k":100,"ix":5},"r":1,"bm":0,"nm":"Fill 1","mn":"ADBE Vector Graphic - Fill","hd":false},{"ty":"tr","p":{"a":0,"k":[0,0],"ix":2},"a":{"a":0,"k":[0,0],"ix":1},"s":{"a":0,"k":[100,100],"ix":3},"r":{"a":0,"k":0,"ix":6},"o":{"a":0,"k":100,"ix":7},"sk":{"a":0,"k":0,"ix":4},"sa":{"a":0,"k":0,"ix":5},"nm":"Transform"}],"nm":"П","np":5,"cix":2,"bm":0,"ix":1,"mn":"ADBE Vector Group","hd":false},{"ty":"gr","it":[{"ind":0,"ty":"sh","ix":1,"ks":{"a":0,"k":{"i":[[0,0],[0,-2.397],[1.156,-0.099],[0,0],[0,3.581],[1.875,0.085]],"o":[[1.015,0.099],[0,2.214],[0,0],[2.171,-0.085],[0,-3.905],[0,0]],"v":[[-26.765,-8.22],[-24.425,-4.935],[-26.765,-1.65],[-26.765,0.254],[-22.282,-4.935],[-26.765,-10.123]],"c":true},"ix":2},"nm":"о","mn":"ADBE Vector Shape - Group","hd":false},{"ind":1,"ty":"sh","ix":2,"ks":{"a":0,"k":{"i":[[0,0],[0,-3.807],[-2.228,-0.099],[0,0],[0,2.157],[-1.057,0.099]],"o":[[-1.96,0.085],[0,3.482],[0,0],[-1.184,-0.113],[0,-2.355],[0,0]],"v":[[-27.188,-10.123],[-31.672,-4.935],[-27.188,0.254],[-27.188,-1.65],[-29.529,-4.935],[-27.188,-8.22]],"c":true},"ix":2},"nm":"о","mn":"ADBE Vector Shape - Group","hd":false},{"ty":"mm","mm":1,"nm":"Merge Paths 1","mn":"ADBE Vector Filter - Merge","hd":false},{"ty":"fl","c":{"a":0,"k":[0,0,0,1],"ix":4},"o":{"a":0,"k":100,"ix":5},"r":1,"bm":0,"nm":"Fill 1","mn":"ADBE Vector Graphic - Fill","hd":false},{"ty":"tr","p":{"a":0,"k":[0,0],"ix":2},"a":{"a":0,"k":[0,0],"ix":1},"s":{"a":0,"k":[100,100],"ix":3},"r":{"a":0,"k":0,"ix":6},"o":{"a":0,"k":100,"ix":7},"sk":{"a":0,"k":0,"ix":4},"sa":{"a":0,"k":0,"ix":5},"nm":"Transform"}],"nm":"о","np":5,"cix":2,"bm":0,"ix":2,"mn":"ADBE Vector Group","hd":false},{"ty":"gr","it":[{"ind":0,"ty":"sh","ix":1,"ks":{"a":0,"k":{"i":[[0,0],[0,0],[0,1.833],[0,0],[0,0],[0,0],[0,0],[0,0],[1.509,-0.197],[0,0],[0,0],[0,0],[0,0]],"o":[[0,0],[0.352,-0.945],[0,0],[0,0],[0,0],[0,0],[0,0],[0,3.017],[0,0],[0,0],[0,0],[0,0],[0,0]],"v":[[-17.121,-1.833],[-18.785,-1.833],[-18.305,-5.964],[-18.305,-8.036],[-17.121,-8.036],[-17.121,-9.869],[-20.364,-9.869],[-20.364,-6.19],[-21.929,-1.833],[-21.929,2.397],[-19.87,2.397],[-19.87,0],[-17.121,0]],"c":true},"ix":2},"nm":"д","mn":"ADBE Vector Shape - Group","hd":false},{"ind":1,"ty":"sh","ix":2,"ks":{"a":0,"k":{"i":[[0,0],[0,0],[0,0],[0,0],[0,0],[0,0],[0,0],[0,0],[0,0],[0,0],[0,0],[0,0]],"o":[[0,0],[0,0],[0,0],[0,0],[0,0],[0,0],[0,0],[0,0],[0,0],[0,0],[0,0],[0,0]],"v":[[-16.698,0],[-14.104,0],[-14.104,2.397],[-12.045,2.397],[-12.045,-1.833],[-13.399,-1.833],[-13.399,-9.869],[-16.698,-9.869],[-16.698,-8.036],[-15.443,-8.036],[-15.443,-1.833],[-16.698,-1.833]],"c":true},"ix":2},"nm":"д","mn":"ADBE Vector Shape - Group","hd":false},{"ty":"mm","mm":1,"nm":"Merge Paths 1","mn":"ADBE Vector Filter - Merge","hd":false},{"ty":"fl","c":{"a":0,"k":[0,0,0,1],"ix":4},"o":{"a":0,"k":100,"ix":5},"r":1,"bm":0,"nm":"Fill 1","mn":"ADBE Vector Graphic - Fill","hd":false},{"ty":"tr","p":{"a":0,"k":[0,0],"ix":2},"a":{"a":0,"k":[0,0],"ix":1},"s":{"a":0,"k":[100,100],"ix":3},"r":{"a":0,"k":0,"ix":6},"o":{"a":0,"k":100,"ix":7},"sk":{"a":0,"k":0,"ix":4},"sa":{"a":0,"k":0,"ix":5},"nm":"Transform"}],"nm":"д","np":5,"cix":2,"bm":0,"ix":3,"mn":"ADBE Vector Group","hd":false},{"ty":"gr","it":[{"ind":0,"ty":"sh","ix":1,"ks":{"a":0,"k":{"i":[[0,0],[0,0],[0,0],[0,0]],"o":[[0,0],[0,0],[0,0],[0,0]],"v":[[-8.932,-9.869],[-10.991,-9.869],[-10.991,0],[-8.932,0]],"c":true},"ix":2},"nm":"р","mn":"ADBE Vector Shape - Group","hd":false},{"ind":1,"ty":"sh","ix":2,"ks":{"a":0,"k":{"i":[[0,0],[0,0],[0,1.917],[2.594,0],[0,0],[0,0],[0,0],[0,-0.973],[0.846,0],[0,0]],"o":[[0,0],[2.411,0],[0,-1.635],[0,0],[0,0],[0,0],[1.029,0],[0,1.283],[0,0],[0,0]],"v":[[-8.509,-3.271],[-7.114,-3.271],[-3.617,-6.655],[-7.184,-9.869],[-8.509,-9.869],[-8.509,-8.163],[-7.339,-8.163],[-5.676,-6.655],[-7.339,-4.977],[-8.509,-4.977]],"c":true},"ix":2},"nm":"р","mn":"ADBE Vector Shape - Group","hd":false},{"ty":"mm","mm":1,"nm":"Merge Paths 1","mn":"ADBE Vector Filter - Merge","hd":false},{"ty":"fl","c":{"a":0,"k":[0,0,0,1],"ix":4},"o":{"a":0,"k":100,"ix":5},"r":1,"bm":0,"nm":"Fill 1","mn":"ADBE Vector Graphic - Fill","hd":false},{"ty":"tr","p":{"a":0,"k":[0,0],"ix":2},"a":{"a":0,"k":[0,0],"ix":1},"s":{"a":0,"k":[100,100],"ix":3},"r":{"a":0,"k":0,"ix":6},"o":{"a":0,"k":100,"ix":7},"sk":{"a":0,"k":0,"ix":4},"sa":{"a":0,"k":0,"ix":5},"nm":"Transform"}],"nm":"р","np":5,"cix":2,"bm":0,"ix":4,"mn":"ADBE Vector Group","hd":false},{"ty":"gr","it":[{"ind":0,"ty":"sh","ix":1,"ks":{"a":0,"k":{"i":[[0,0],[0,-2.397],[1.156,-0.099],[0,0],[0,3.581],[1.875,0.085]],"o":[[1.015,0.099],[0,2.214],[0,0],[2.171,-0.085],[0,-3.905],[0,0]],"v":[[2.074,-8.22],[4.415,-4.935],[2.074,-1.65],[2.074,0.254],[6.558,-4.935],[2.074,-10.123]],"c":true},"ix":2},"nm":"о","mn":"ADBE Vector Shape - Group","hd":false},{"ind":1,"ty":"sh","ix":2,"ks":{"a":0,"k":{"i":[[0,0],[0,-3.807],[-2.228,-0.099],[0,0],[0,2.157],[-1.057,0.099]],"o":[[-1.96,0.085],[0,3.482],[0,0],[-1.184,-0.113],[0,-2.355],[0,0]],"v":[[1.652,-10.123],[-2.832,-4.935],[1.652,0.254],[1.652,-1.65],[-0.689,-4.935],[1.652,-8.22]],"c":true},"ix":2},"nm":"о","mn":"ADBE Vector Shape - Group","hd":false},{"ty":"mm","mm":1,"nm":"Merge Paths 1","mn":"ADBE Vector Filter - Merge","hd":false},{"ty":"fl","c":{"a":0,"k":[0,0,0,1],"ix":4},"o":{"a":0,"k":100,"ix":5},"r":1,"bm":0,"nm":"Fill 1","mn":"ADBE Vector Graphic - Fill","hd":false},{"ty":"tr","p":{"a":0,"k":[0,0],"ix":2},"a":{"a":0,"k":[0,0],"ix":1},"s":{"a":0,"k":[100,100],"ix":3},"r":{"a":0,"k":0,"ix":6},"o":{"a":0,"k":100,"ix":7},"sk":{"a":0,"k":0,"ix":4},"sa":{"a":0,"k":0,"ix":5},"nm":"Transform"}],"nm":"о","np":5,"cix":2,"bm":0,"ix":5,"mn":"ADBE Vector Group","hd":false},{"ty":"gr","it":[{"ind":0,"ty":"sh","ix":1,"ks":{"a":0,"k":{"i":[[0,0],[0,0],[0,0],[0,0]],"o":[[0,0],[0,0],[0,0],[0,0]],"v":[[9.813,0],[9.813,-9.869],[7.755,-9.869],[7.755,0]],"c":true},"ix":2},"nm":"б","mn":"ADBE Vector Shape - Group","hd":false},{"ind":1,"ty":"sh","ix":2,"ks":{"a":0,"k":{"i":[[0,0],[0,0],[0,1.593],[2.411,0],[0,0],[0,0],[0,0],[0,-1.283],[1.029,0],[0,0]],"o":[[0,0],[2.594,0],[0,-1.889],[0,0],[0,0],[0,0],[0.846,0],[0,0.973],[0,0],[0,0]],"v":[[10.236,0],[11.703,0],[15.129,-3.341],[11.773,-6.5],[10.236,-6.5],[10.236,-4.836],[11.562,-4.836],[13.225,-3.341],[11.562,-1.833],[10.236,-1.833]],"c":true},"ix":2},"nm":"б","mn":"ADBE Vector Shape - Group","hd":false},{"ind":2,"ty":"sh","ix":3,"ks":{"a":0,"k":{"i":[[0,0],[0,0],[0,0],[0,0]],"o":[[0,0],[0,0],[0,0],[0,0]],"v":[[10.236,-9.869],[10.236,-8.036],[14.255,-8.036],[14.255,-9.869]],"c":true},"ix":2},"nm":"б","mn":"ADBE Vector Shape - Group","hd":false},{"ty":"mm","mm":1,"nm":"Merge Paths 1","mn":"ADBE Vector Filter - Merge","hd":false},{"ty":"fl","c":{"a":0,"k":[0,0,0,1],"ix":4},"o":{"a":0,"k":100,"ix":5},"r":1,"bm":0,"nm":"Fill 1","mn":"ADBE Vector Graphic - Fill","hd":false},{"ty":"tr","p":{"a":0,"k":[0,0],"ix":2},"a":{"a":0,"k":[0,0],"ix":1},"s":{"a":0,"k":[100,100],"ix":3},"r":{"a":0,"k":0,"ix":6},"o":{"a":0,"k":100,"ix":7},"sk":{"a":0,"k":0,"ix":4},"sa":{"a":0,"k":0,"ix":5},"nm":"Transform"}],"nm":"б","np":6,"cix":2,"bm":0,"ix":6,"mn":"ADBE Vector Group","hd":false},{"ty":"gr","it":[{"ind":0,"ty":"sh","ix":1,"ks":{"a":0,"k":{"i":[[0,0],[0,0],[0,0],[0,0],[0,0],[0,0],[0,0],[0,0]],"o":[[0,0],[0,0],[0,0],[0,0],[0,0],[0,0],[0,0],[0,0]],"v":[[20.101,-6.091],[18.395,-6.091],[18.395,-9.869],[16.337,-9.869],[16.337,0],[18.395,0],[18.395,-4.272],[20.101,-4.272]],"c":true},"ix":2},"nm":"н","mn":"ADBE Vector Shape - Group","hd":false},{"ind":1,"ty":"sh","ix":2,"ks":{"a":0,"k":{"i":[[0,0],[0,0],[0,0],[0,0],[0,0],[0,0],[0,0],[0,0]],"o":[[0,0],[0,0],[0,0],[0,0],[0,0],[0,0],[0,0],[0,0]],"v":[[20.524,-4.272],[22.244,-4.272],[22.244,0],[24.303,0],[24.303,-9.869],[22.244,-9.869],[22.244,-6.091],[20.524,-6.091]],"c":true},"ix":2},"nm":"н","mn":"ADBE Vector Shape - Group","hd":false},{"ty":"mm","mm":1,"nm":"Merge Paths 1","mn":"ADBE Vector Filter - Merge","hd":false},{"ty":"fl","c":{"a":0,"k":[0,0,0,1],"ix":4},"o":{"a":0,"k":100,"ix":5},"r":1,"bm":0,"nm":"Fill 1","mn":"ADBE Vector Graphic - Fill","hd":false},{"ty":"tr","p":{"a":0,"k":[0,0],"ix":2},"a":{"a":0,"k":[0,0],"ix":1},"s":{"a":0,"k":[100,100],"ix":3},"r":{"a":0,"k":0,"ix":6},"o":{"a":0,"k":100,"ix":7},"sk":{"a":0,"k":0,"ix":4},"sa":{"a":0,"k":0,"ix":5},"nm":"Transform"}],"nm":"н","np":5,"cix":2,"bm":0,"ix":7,"mn":"ADBE Vector Group","hd":false},{"ty":"gr","it":[{"ind":0,"ty":"sh","ix":1,"ks":{"a":0,"k":{"i":[[0,0],[0,0],[0,0],[0,0]],"o":[[0,0],[0,0],[0,0],[0,0]],"v":[[28.408,-8.036],[32.624,-8.036],[32.624,-9.869],[28.408,-9.869]],"c":true},"ix":2},"nm":"е","mn":"ADBE Vector Shape - Group","hd":false},{"ind":1,"ty":"sh","ix":2,"ks":{"a":0,"k":{"i":[[0,0],[0,0],[0,0],[0,0]],"o":[[0,0],[0,0],[0,0],[0,0]],"v":[[28.408,-4.131],[32.398,-4.131],[32.398,-5.922],[28.408,-5.922]],"c":true},"ix":2},"nm":"е","mn":"ADBE Vector Shape - Group","hd":false},{"ind":2,"ty":"sh","ix":3,"ks":{"a":0,"k":{"i":[[0,0],[0,0],[0,0],[0,0]],"o":[[0,0],[0,0],[0,0],[0,0]],"v":[[28.408,0],[32.807,0],[32.807,-1.833],[28.408,-1.833]],"c":true},"ix":2},"nm":"е","mn":"ADBE Vector Shape - Group","hd":false},{"ind":3,"ty":"sh","ix":4,"ks":{"a":0,"k":{"i":[[0,0],[0,0],[0,0],[0,0]],"o":[[0,0],[0,0],[0,0],[0,0]],"v":[[27.985,-9.869],[25.927,-9.869],[25.927,0],[27.985,0]],"c":true},"ix":2},"nm":"е","mn":"ADBE Vector Shape - Group","hd":false},{"ty":"mm","mm":1,"nm":"Merge Paths 1","mn":"ADBE Vector Filter - Merge","hd":false},{"ty":"fl","c":{"a":0,"k":[0,0,0,1],"ix":4},"o":{"a":0,"k":100,"ix":5},"r":1,"bm":0,"nm":"Fill 1","mn":"ADBE Vector Graphic - Fill","hd":false},{"ty":"tr","p":{"a":0,"k":[0,0],"ix":2},"a":{"a":0,"k":[0,0],"ix":1},"s":{"a":0,"k":[100,100],"ix":3},"r":{"a":0,"k":0,"ix":6},"o":{"a":0,"k":100,"ix":7},"sk":{"a":0,"k":0,"ix":4},"sa":{"a":0,"k":0,"ix":5},"nm":"Transform"}],"nm":"е","np":7,"cix":2,"bm":0,"ix":8,"mn":"ADBE Vector Group","hd":false},{"ty":"gr","it":[{"ind":0,"ty":"sh","ix":1,"ks":{"a":0,"k":{"i":[[0,0],[0,0],[0,0],[0,0]],"o":[[0,0],[0,0],[0,0],[0,0]],"v":[[36.64,-8.036],[40.856,-8.036],[40.856,-9.869],[36.64,-9.869]],"c":true},"ix":2},"nm":"е","mn":"ADBE Vector Shape - Group","hd":false},{"ind":1,"ty":"sh","ix":2,"ks":{"a":0,"k":{"i":[[0,0],[0,0],[0,0],[0,0]],"o":[[0,0],[0,0],[0,0],[0,0]],"v":[[36.64,-4.131],[40.63,-4.131],[40.63,-5.922],[36.64,-5.922]],"c":true},"ix":2},"nm":"е","mn":"ADBE Vector Shape - Group","hd":false},{"ind":2,"ty":"sh","ix":3,"ks":{"a":0,"k":{"i":[[0,0],[0,0],[0,0],[0,0]],"o":[[0,0],[0,0],[0,0],[0,0]],"v":[[36.64,0],[41.039,0],[41.039,-1.833],[36.64,-1.833]],"c":true},"ix":2},"nm":"е","mn":"ADBE Vector Shape - Group","hd":false},{"ind":3,"ty":"sh","ix":4,"ks":{"a":0,"k":{"i":[[0,0],[0,0],[0,0],[0,0]],"o":[[0,0],[0,0],[0,0],[0,0]],"v":[[36.217,-9.869],[34.159,-9.869],[34.159,0],[36.217,0]],"c":true},"ix":2},"nm":"е","mn":"ADBE Vector Shape - Group","hd":false},{"ty":"mm","mm":1,"nm":"Merge Paths 1","mn":"ADBE Vector Filter - Merge","hd":false},{"ty":"fl","c":{"a":0,"k":[0,0,0,1],"ix":4},"o":{"a":0,"k":100,"ix":5},"r":1,"bm":0,"nm":"Fill 1","mn":"ADBE Vector Graphic - Fill","hd":false},{"ty":"tr","p":{"a":0,"k":[0,0],"ix":2},"a":{"a":0,"k":[0,0],"ix":1},"s":{"a":0,"k":[100,100],"ix":3},"r":{"a":0,"k":0,"ix":6},"o":{"a":0,"k":100,"ix":7},"sk":{"a":0,"k":0,"ix":4},"sa":{"a":0,"k":0,"ix":5},"nm":"Transform"}],"nm":"е","np":7,"cix":2,"bm":0,"ix":9,"mn":"ADBE Vector Group","hd":false}],"ip":0,"op":500,"st":0,"bm":0},{"ddd":0,"ind":8,"ty":4,"nm":"Shape Layer 1","sr":1,"ks":{"o":{"a":0,"k":100,"ix":11},"r":{"a":0,"k":0,"ix":10},"p":{"a":0,"k":[12.273,119.617,0],"ix":2},"a":{"a":0,"k":[-113.977,84.117,0],"ix":1},"s":{"a":0,"k":[74.758,100,100],"ix":6}},"ao":0,"shapes":[{"ty":"gr","it":[{"ty":"rc","d":1,"s":{"a":0,"k":[143.663,35.734],"ix":2},"p":{"a":0,"k":[0,0],"ix":3},"r":{"a":0,"k":0,"ix":4},"nm":"Rectangle Path 1","mn":"ADBE Vector Shape - Rect","hd":false},{"ty":"fl","c":{"a":0,"k":[1,0.349019607843,0.639215686275,1],"ix":4},"o":{"a":0,"k":100,"ix":5},"r":1,"bm":0,"nm":"Fill 1","mn":"ADBE Vector Graphic - Fill","hd":false},{"ty":"tr","p":{"a":0,"k":[-114.092,84.074],"ix":2},"a":{"a":0,"k":[-71.946,-0.043],"ix":1},"s":{"a":0,"k":[100.221,99.993],"ix":3},"r":{"a":0,"k":0,"ix":6},"o":{"a":0,"k":100,"ix":7},"sk":{"a":0,"k":0,"ix":4},"sa":{"a":0,"k":0,"ix":5},"nm":"Transform"}],"nm":"Rectangle 1","np":3,"cix":2,"bm":0,"ix":1,"mn":"ADBE Vector Group","hd":false}],"ip":0,"op":500,"st":0,"bm":0},{"ddd":0,"ind":9,"ty":0,"nm":"60px Logo","refId":"comp_1","sr":1,"ks":{"o":{"a":0,"k":100,"ix":11},"r":{"a":0,"k":0,"ix":10},"p":{"a":0,"k":[174.351,125.78,0],"ix":2},"a":{"a":0,"k":[198.5,110.5,0],"ix":1},"s":{"a":0,"k":[21.159,21.159,100],"ix":6}},"ao":0,"w":397,"h":221,"ip":0,"op":199,"st":0,"bm":0},{"ddd":0,"ind":10,"ty":4,"nm":"Black Substrate","sr":1,"ks":{"o":{"a":0,"k":100,"ix":11},"r":{"a":0,"k":0,"ix":10},"p":{"a":0,"k":[108.18,74.618,0],"ix":2},"a":{"a":0,"k":[-17.648,-41.382,0],"ix":1},"s":{"a":0,"k":[95.324,100,100],"ix":6}},"ao":0,"shapes":[{"ty":"gr","it":[{"ty":"rc","d":1,"s":{"a":0,"k":[264,228],"ix":2},"p":{"a":0,"k":[0,0],"ix":3},"r":{"a":0,"k":0,"ix":4},"nm":"Rectangle Path 1","mn":"ADBE Vector Shape - Rect","hd":false},{"ty":"fl","c":{"a":0,"k":[0,0,0,1],"ix":4},"o":{"a":0,"k":100,"ix":5},"r":1,"bm":0,"nm":"Fill 1","mn":"ADBE Vector Graphic - Fill","hd":false},{"ty":"tr","p":{"a":0,"k":[-17.407,-40.956],"ix":2},"a":{"a":0,"k":[0,0],"ix":1},"s":{"a":0,"k":[100,100],"ix":3},"r":{"a":0,"k":0,"ix":6},"o":{"a":0,"k":100,"ix":7},"sk":{"a":0,"k":0,"ix":4},"sa":{"a":0,"k":0,"ix":5},"nm":"Transform"}],"nm":"Rectangle 1","np":3,"cix":2,"bm":0,"ix":1,"mn":"ADBE Vector Group","hd":false}],"ip":0,"op":500,"st":0,"bm":0}]},{"id":"comp_1","layers":[{"ddd":0,"ind":1,"ty":0,"nm":"tele2_logo_white","refId":"comp_2","sr":1,"ks":{"o":{"a":0,"k":100,"ix":11},"r":{"a":0,"k":0,"ix":10},"p":{"a":0,"k":[198.5,110.5,0],"ix":2},"a":{"a":0,"k":[198.5,110.5,0],"ix":1},"s":{"a":0,"k":[100,100,100],"ix":6}},"ao":0,"w":397,"h":221,"ip":0,"op":500,"st":0,"bm":0}]},{"id":"comp_2","layers":[{"ddd":0,"ind":2,"ty":2,"nm":"logo","refId":"image_1","sr":1,"ks":{"o":{"a":0,"k":100,"ix":11},"r":{"a":0,"k":0,"ix":10},"p":{"a":0,"k":[198.425,109.567,0],"ix":2},"a":{"a":0,"k":[141.982,54.226,0],"ix":1},"s":{"a":0,"k":[100,100,100],"ix":6}},"ao":0,"ip":0,"op":500,"st":0,"bm":0}]},{"id":"comp_3","layers":[{"ddd":0,"ind":2,"ty":2,"nm":"Light.png","cl":"png","refId":"image_2","sr":1,"ks":{"o":{"a":1,"k":[{"i":{"x":[0.667],"y":[1]},"o":{"x":[0.333],"y":[0]},"t":0,"s":[0]},{"t":10,"s":[75]}],"ix":11,"x":"var $bm_rt;\n$bm_rt = loopOut('pingpong');"},"r":{"a":0,"k":0,"ix":10},"p":{"a":0,"k":[252.75,490.75,0],"ix":2},"a":{"a":0,"k":[49.5,49.5,0],"ix":1},"s":{"a":0,"k":[100,100,100],"ix":6}},"ao":0,"ip":0,"op":501,"st":0,"bm":0},{"ddd":0,"ind":3,"ty":2,"nm":"Light.png","cl":"png","refId":"image_2","sr":1,"ks":{"o":{"a":1,"k":[{"i":{"x":[0.667],"y":[1]},"o":{"x":[0.333],"y":[0]},"t":10,"s":[0]},{"t":20,"s":[75]}],"ix":11,"x":"var $bm_rt;\n$bm_rt = loopOut('pingpong');"},"r":{"a":0,"k":0,"ix":10},"p":{"a":0,"k":[550.25,271.75,0],"ix":2},"a":{"a":0,"k":[49.5,49.5,0],"ix":1},"s":{"a":0,"k":[100,100,100],"ix":6}},"ao":0,"ip":10,"op":511,"st":10,"bm":0},{"ddd":0,"ind":6,"ty":0,"nm":"Lights","refId":"comp_4","sr":1,"ks":{"o":{"a":0,"k":100,"ix":11},"r":{"a":0,"k":0,"ix":10},"p":{"a":0,"k":[600,500,0],"ix":2},"a":{"a":0,"k":[600,500,0],"ix":1},"s":{"a":0,"k":[100,100,100],"ix":6}},"ao":0,"tm":{"a":1,"k":[{"i":{"x":[0.833],"y":[0.833]},"o":{"x":[0.167],"y":[0.167]},"t":0,"s":[0]},{"t":15,"s":[0.6]}],"ix":2,"x":"var $bm_rt;\n$bm_rt = loopOut();"},"w":1200,"h":1000,"ip":0,"op":501,"st":0,"bm":0},{"ddd":0,"ind":7,"ty":2,"nm":"Drone-600px.png","cl":"png","refId":"image_18","sr":1,"ks":{"o":{"a":0,"k":100,"ix":11},"r":{"a":0,"k":0,"ix":10},"p":{"a":0,"k":[600,500,0],"ix":2},"a":{"a":0,"k":[600,500,0],"ix":1},"s":{"a":0,"k":[100,100,100],"ix":6}},"ao":0,"ip":0,"op":501,"st":0,"bm":0},{"ddd":0,"ind":8,"ty":0,"nm":"Fan","refId":"comp_5","sr":1,"ks":{"o":{"a":0,"k":100,"ix":11},"r":{"a":0,"k":0,"ix":10},"p":{"a":0,"k":[550,496,0],"ix":2},"a":{"a":0,"k":[600,500,0],"ix":1},"s":{"a":0,"k":[131.133,131.133,100],"ix":6}},"ao":0,"tm":{"a":1,"k":[{"i":{"x":[0.833],"y":[0.833]},"o":{"x":[0.167],"y":[0.167]},"t":0,"s":[0]},{"t":3,"s":[0.12]}],"ix":2,"x":"var $bm_rt;\n$bm_rt = loopOut();"},"w":1200,"h":1000,"ip":0,"op":501,"st":0,"bm":0}]},{"id":"comp_4","layers":[{"ddd":0,"ind":1,"ty":2,"nm":"Comp 1_00000.png","cl":"png","refId":"image_3","sr":1,"ks":{"o":{"a":0,"k":100,"ix":11},"r":{"a":0,"k":0,"ix":10},"p":{"a":0,"k":[520.5,655.5,0],"ix":2},"a":{"a":0,"k":[100,100,0],"ix":1},"s":{"a":0,"k":[100,100,100],"ix":6}},"ao":0,"ip":0,"op":1,"st":0,"bm":0},{"ddd":0,"ind":2,"ty":2,"nm":"Comp 1_00001.png","cl":"png","refId":"image_4","sr":1,"ks":{"o":{"a":0,"k":100,"ix":11},"r":{"a":0,"k":0,"ix":10},"p":{"a":0,"k":[520.5,655.5,0],"ix":2},"a":{"a":0,"k":[100,100,0],"ix":1},"s":{"a":0,"k":[100,100,100],"ix":6}},"ao":0,"ip":1,"op":2,"st":0,"bm":0},{"ddd":0,"ind":3,"ty":2,"nm":"Comp 1_00002.png","cl":"png","refId":"image_5","sr":1,"ks":{"o":{"a":0,"k":100,"ix":11},"r":{"a":0,"k":0,"ix":10},"p":{"a":0,"k":[520.5,655.5,0],"ix":2},"a":{"a":0,"k":[100,100,0],"ix":1},"s":{"a":0,"k":[100,100,100],"ix":6}},"ao":0,"ip":2,"op":3,"st":0,"bm":0},{"ddd":0,"ind":4,"ty":2,"nm":"Comp 1_00003.png","cl":"png","refId":"image_6","sr":1,"ks":{"o":{"a":0,"k":100,"ix":11},"r":{"a":0,"k":0,"ix":10},"p":{"a":0,"k":[520.5,655.5,0],"ix":2},"a":{"a":0,"k":[100,100,0],"ix":1},"s":{"a":0,"k":[100,100,100],"ix":6}},"ao":0,"ip":3,"op":4,"st":0,"bm":0},{"ddd":0,"ind":5,"ty":2,"nm":"Comp 1_00004.png","cl":"png","refId":"image_7","sr":1,"ks":{"o":{"a":0,"k":100,"ix":11},"r":{"a":0,"k":0,"ix":10},"p":{"a":0,"k":[520.5,655.5,0],"ix":2},"a":{"a":0,"k":[100,100,0],"ix":1},"s":{"a":0,"k":[100,100,100],"ix":6}},"ao":0,"ip":4,"op":5,"st":0,"bm":0},{"ddd":0,"ind":6,"ty":2,"nm":"Comp 1_00005.png","cl":"png","refId":"image_8","sr":1,"ks":{"o":{"a":0,"k":100,"ix":11},"r":{"a":0,"k":0,"ix":10},"p":{"a":0,"k":[520.5,655.5,0],"ix":2},"a":{"a":0,"k":[100,100,0],"ix":1},"s":{"a":0,"k":[100,100,100],"ix":6}},"ao":0,"ip":5,"op":6,"st":0,"bm":0},{"ddd":0,"ind":7,"ty":2,"nm":"Comp 1_00006.png","cl":"png","refId":"image_9","sr":1,"ks":{"o":{"a":0,"k":100,"ix":11},"r":{"a":0,"k":0,"ix":10},"p":{"a":0,"k":[520.5,655.5,0],"ix":2},"a":{"a":0,"k":[100,100,0],"ix":1},"s":{"a":0,"k":[100,100,100],"ix":6}},"ao":0,"ip":6,"op":7,"st":0,"bm":0},{"ddd":0,"ind":8,"ty":2,"nm":"Comp 1_00007.png","cl":"png","refId":"image_10","sr":1,"ks":{"o":{"a":0,"k":100,"ix":11},"r":{"a":0,"k":0,"ix":10},"p":{"a":0,"k":[520.5,655.5,0],"ix":2},"a":{"a":0,"k":[100,100,0],"ix":1},"s":{"a":0,"k":[100,100,100],"ix":6}},"ao":0,"ip":7,"op":8,"st":0,"bm":0},{"ddd":0,"ind":9,"ty":2,"nm":"Comp 1_00008.png","cl":"png","refId":"image_11","sr":1,"ks":{"o":{"a":0,"k":100,"ix":11},"r":{"a":0,"k":0,"ix":10},"p":{"a":0,"k":[520.5,655.5,0],"ix":2},"a":{"a":0,"k":[100,100,0],"ix":1},"s":{"a":0,"k":[100,100,100],"ix":6}},"ao":0,"ip":8,"op":9,"st":0,"bm":0},{"ddd":0,"ind":10,"ty":2,"nm":"Comp 1_00009.png","cl":"png","refId":"image_12","sr":1,"ks":{"o":{"a":0,"k":100,"ix":11},"r":{"a":0,"k":0,"ix":10},"p":{"a":0,"k":[520.5,655.5,0],"ix":2},"a":{"a":0,"k":[100,100,0],"ix":1},"s":{"a":0,"k":[100,100,100],"ix":6}},"ao":0,"ip":9,"op":10,"st":0,"bm":0},{"ddd":0,"ind":11,"ty":2,"nm":"Comp 1_00010.png","cl":"png","refId":"image_13","sr":1,"ks":{"o":{"a":0,"k":100,"ix":11},"r":{"a":0,"k":0,"ix":10},"p":{"a":0,"k":[520.5,655.5,0],"ix":2},"a":{"a":0,"k":[100,100,0],"ix":1},"s":{"a":0,"k":[100,100,100],"ix":6}},"ao":0,"ip":10,"op":11,"st":0,"bm":0},{"ddd":0,"ind":12,"ty":2,"nm":"Comp 1_00011.png","cl":"png","refId":"image_14","sr":1,"ks":{"o":{"a":0,"k":100,"ix":11},"r":{"a":0,"k":0,"ix":10},"p":{"a":0,"k":[520.5,655.5,0],"ix":2},"a":{"a":0,"k":[100,100,0],"ix":1},"s":{"a":0,"k":[100,100,100],"ix":6}},"ao":0,"ip":11,"op":12,"st":0,"bm":0},{"ddd":0,"ind":13,"ty":2,"nm":"Comp 1_00012.png","cl":"png","refId":"image_15","sr":1,"ks":{"o":{"a":0,"k":100,"ix":11},"r":{"a":0,"k":0,"ix":10},"p":{"a":0,"k":[520.5,655.5,0],"ix":2},"a":{"a":0,"k":[100,100,0],"ix":1},"s":{"a":0,"k":[100,100,100],"ix":6}},"ao":0,"ip":12,"op":13,"st":0,"bm":0},{"ddd":0,"ind":14,"ty":2,"nm":"Comp 1_00013.png","cl":"png","refId":"image_16","sr":1,"ks":{"o":{"a":0,"k":100,"ix":11},"r":{"a":0,"k":0,"ix":10},"p":{"a":0,"k":[520.5,655.5,0],"ix":2},"a":{"a":0,"k":[100,100,0],"ix":1},"s":{"a":0,"k":[100,100,100],"ix":6}},"ao":0,"ip":13,"op":14,"st":0,"bm":0},{"ddd":0,"ind":15,"ty":2,"nm":"Comp 1_00014.png","cl":"png","refId":"image_17","sr":1,"ks":{"o":{"a":0,"k":100,"ix":11},"r":{"a":0,"k":0,"ix":10},"p":{"a":0,"k":[520.5,655.5,0],"ix":2},"a":{"a":0,"k":[100,100,0],"ix":1},"s":{"a":0,"k":[100,100,100],"ix":6}},"ao":0,"ip":14,"op":15,"st":0,"bm":0}]},{"id":"comp_5","layers":[{"ddd":0,"ind":1,"ty":2,"nm":"Fan_00000.png","cl":"png","refId":"image_19","sr":1,"ks":{"o":{"a":0,"k":100,"ix":11},"r":{"a":0,"k":0,"ix":10},"p":{"a":0,"k":[600,500,0],"ix":2},"a":{"a":0,"k":[407.5,400,0],"ix":1},"s":{"a":0,"k":[100,100,100],"ix":6}},"ao":0,"ip":0,"op":1,"st":0,"bm":0},{"ddd":0,"ind":2,"ty":2,"nm":"Fan_00001.png","cl":"png","refId":"image_20","sr":1,"ks":{"o":{"a":0,"k":100,"ix":11},"r":{"a":0,"k":0,"ix":10},"p":{"a":0,"k":[600,500,0],"ix":2},"a":{"a":0,"k":[407.5,400,0],"ix":1},"s":{"a":0,"k":[100,100,100],"ix":6}},"ao":0,"ip":1,"op":2,"st":0,"bm":0},{"ddd":0,"ind":3,"ty":2,"nm":"Fan_00002.png","cl":"png","refId":"image_21","sr":1,"ks":{"o":{"a":0,"k":100,"ix":11},"r":{"a":0,"k":0,"ix":10},"p":{"a":0,"k":[600,500,0],"ix":2},"a":{"a":0,"k":[407.5,400,0],"ix":1},"s":{"a":0,"k":[100,100,100],"ix":6}},"ao":0,"ip":2,"op":3,"st":0,"bm":0}]}],"layers":[{"ddd":0,"ind":1,"ty":4,"nm":"Black Shape 2","td":1,"sr":1,"ks":{"o":{"a":0,"k":100,"ix":11},"r":{"a":0,"k":30,"ix":10},"p":{"a":1,"k":[{"i":{"x":0.667,"y":1},"o":{"x":1,"y":0},"t":275,"s":[127.125,203,0],"to":[109,1.232,0],"ti":[-109,-1.232,0]},{"t":295,"s":[781.125,210.395,0]}],"ix":2},"a":{"a":0,"k":[53.973,-15.02,0],"ix":1},"s":{"a":1,"k":[{"i":{"x":[0,0.667,0.667],"y":[1,1,1]},"o":{"x":[0.333,0.333,0.333],"y":[0,0,0]},"t":200,"s":[0,139,100]},{"t":220,"s":[104.305,139,100]}],"ix":6}},"ao":0,"shapes":[{"ty":"gr","it":[{"ty":"rc","d":1,"s":{"a":0,"k":[564.945,845.961],"ix":2},"p":{"a":0,"k":[0,0],"ix":3},"r":{"a":0,"k":0,"ix":4},"nm":"Rectangle Path 1","mn":"ADBE Vector Shape - Rect","hd":false},{"ty":"fl","c":{"a":0,"k":[0,0,0,1],"ix":4},"o":{"a":0,"k":100,"ix":5},"r":1,"bm":0,"nm":"Fill 1","mn":"ADBE Vector Graphic - Fill","hd":false},{"ty":"tr","p":{"a":0,"k":[53.973,-15.02],"ix":2},"a":{"a":0,"k":[0,0],"ix":1},"s":{"a":0,"k":[100,100],"ix":3},"r":{"a":0,"k":0,"ix":6},"o":{"a":0,"k":100,"ix":7},"sk":{"a":0,"k":0,"ix":4},"sa":{"a":0,"k":0,"ix":5},"nm":"Transform"}],"nm":"Rectangle 1","np":3,"cix":2,"bm":0,"ix":1,"mn":"ADBE Vector Group","hd":false}],"ip":0,"op":500,"st":0,"bm":0},{"ddd":0,"ind":2,"ty":2,"nm":"Logo Tele2 + Text.ai","cl":"ai","tt":1,"refId":"image_0","sr":1,"ks":{"o":{"a":1,"k":[{"i":{"x":[0],"y":[1]},"o":{"x":[0.333],"y":[0]},"t":215,"s":[0]},{"t":235,"s":[100]}],"ix":11},"r":{"a":0,"k":0,"ix":10},"p":{"a":1,"k":[{"i":{"x":0,"y":1},"o":{"x":0.333,"y":0},"t":215,"s":[120,180,0],"to":[0,3.333,0],"ti":[0,-3.333,0]},{"t":235,"s":[120,200,0]}],"ix":2},"a":{"a":0,"k":[127.752,84.754,0],"ix":1},"s":{"a":0,"k":[68.591,68.591,100],"ix":6}},"ao":0,"ip":215,"op":440,"st":242,"bm":0},{"ddd":0,"ind":8,"ty":0,"nm":"Card 240x400","refId":"comp_0","sr":1,"ks":{"o":{"a":1,"k":[{"i":{"x":[0.667],"y":[1]},"o":{"x":[1],"y":[0]},"t":10,"s":[0]},{"i":{"x":[0.667],"y":[1]},"o":{"x":[0.167],"y":[0]},"t":30,"s":[100]},{"i":{"x":[0.667],"y":[1]},"o":{"x":[1],"y":[0]},"t":180,"s":[100]},{"t":200,"s":[0]}],"ix":11},"r":{"a":0,"k":0,"ix":10},"p":{"a":0,"k":[120,313,0],"ix":2},"a":{"a":0,"k":[108,75,0],"ix":1},"s":{"a":1,"k":[{"i":{"x":[0.667,0.667,0.667],"y":[1,1,1]},"o":{"x":[1,1,0.333],"y":[0,0,0]},"t":10,"s":[615,615,100]},{"i":{"x":[0.607,0.607,0.607],"y":[0.992,0.992,0.943]},"o":{"x":[0.269,0.269,0.269],"y":[0,0,0]},"t":30,"s":[93,93,100]},{"t":35,"s":[100,100,100],"h":1},{"i":{"x":[0.667,0.667,0.667],"y":[1,1,1]},"o":{"x":[1,1,0.333],"y":[0,0,0]},"t":180,"s":[100,100,100]},{"t":200,"s":[0,0,100]}],"ix":6}},"ao":0,"w":216,"h":150,"ip":0,"op":500,"st":0,"bm":0},{"ddd":0,"ind":9,"ty":4,"nm":"tele2.ru Outlines","cl":"ru","sr":1,"ks":{"o":{"a":0,"k":100,"ix":11},"r":{"a":0,"k":0,"ix":10},"p":{"a":0,"k":[224.887,12.95,0],"ix":2},"a":{"a":0,"k":[52.007,-11.345,0],"ix":1},"s":{"a":0,"k":[100,100,100],"ix":6}},"ao":0,"shapes":[{"ty":"gr","it":[{"ind":0,"ty":"sh","ix":1,"ks":{"a":0,"k":{"i":[[-1.869,0],[-0.451,0.177],[0,0],[0.628,0],[0,1.144],[0,0],[0,0],[0,0],[0,0],[0,0],[0,0],[0,0],[0,0],[0,0],[0,0],[0,0]],"o":[[0.645,0],[0,0],[-0.29,0.113],[-0.918,0],[0,0],[0,0],[0,0],[0,0],[0,0],[0,0],[0,0],[0,0],[0,0],[0,0],[0,0],[0,1.901]],"v":[[3.948,0.161],[5.543,-0.097],[5.543,-1.402],[4.222,-1.176],[3.029,-2.981],[3.029,-6.848],[5.43,-6.848],[5.43,-8.105],[3.029,-8.105],[3.029,-10.312],[1.482,-10.312],[1.482,-8.105],[0.354,-8.105],[0.354,-6.848],[1.482,-6.848],[1.482,-2.917]],"c":true},"ix":2},"nm":"t","mn":"ADBE Vector Shape - Group","hd":false},{"ty":"fl","c":{"a":0,"k":[0,0,0,1],"ix":4},"o":{"a":0,"k":100,"ix":5},"r":1,"bm":0,"nm":"Fill 1","mn":"ADBE Vector Graphic - Fill","hd":false},{"ty":"tr","p":{"a":0,"k":[0,0],"ix":2},"a":{"a":0,"k":[0,0],"ix":1},"s":{"a":0,"k":[100,100],"ix":3},"r":{"a":0,"k":0,"ix":6},"o":{"a":0,"k":100,"ix":7},"sk":{"a":0,"k":0,"ix":4},"sa":{"a":0,"k":0,"ix":5},"nm":"Transform"}],"nm":"t","np":3,"cix":2,"bm":0,"ix":1,"mn":"ADBE Vector Group","hd":false},{"ty":"gr","it":[{"ind":0,"ty":"sh","ix":1,"ks":{"a":0,"k":{"i":[[-2.433,0],[-0.516,0.419],[0,0],[0.87,0],[0.016,1.837],[0,0],[0,0.435],[1.885,0],[0,-2.659]],"o":[[1.128,0],[0,0],[-0.677,0.548],[-1.547,0],[0,0],[0.064,-0.161],[0,-2.208],[-2.111,0],[0,2.836]],"v":[[10.56,0.161],[13.186,-0.532],[13.186,-1.95],[10.769,-1.176],[8.336,-3.899],[13.347,-3.899],[13.444,-4.947],[10.221,-8.266],[6.644,-4.028]],"c":true},"ix":2},"nm":"e","mn":"ADBE Vector Shape - Group","hd":false},{"ind":1,"ty":"sh","ix":2,"ks":{"a":0,"k":{"i":[[0,0],[-0.951,0],[-0.032,-1.402]],"o":[[0.193,-1.37],[0.983,0],[0,0]],"v":[[8.32,-5.043],[10.141,-7.009],[11.881,-5.043]],"c":true},"ix":2},"nm":"e","mn":"ADBE Vector Shape - Group","hd":false},{"ty":"mm","mm":1,"nm":"Merge Paths 1","mn":"ADBE Vector Filter - Merge","hd":false},{"ty":"fl","c":{"a":0,"k":[0,0,0,1],"ix":4},"o":{"a":0,"k":100,"ix":5},"r":1,"bm":0,"nm":"Fill 1","mn":"ADBE Vector Graphic - Fill","hd":false},{"ty":"tr","p":{"a":0,"k":[0,0],"ix":2},"a":{"a":0,"k":[0,0],"ix":1},"s":{"a":0,"k":[100,100],"ix":3},"r":{"a":0,"k":0,"ix":6},"o":{"a":0,"k":100,"ix":7},"sk":{"a":0,"k":0,"ix":4},"sa":{"a":0,"k":0,"ix":5},"nm":"Transform"}],"nm":"e","np":5,"cix":2,"bm":0,"ix":2,"mn":"ADBE Vector Group","hd":false},{"ty":"gr","it":[{"ind":0,"ty":"sh","ix":1,"ks":{"a":0,"k":{"i":[[0,0],[0,0],[0,0],[0,0],[0,0],[0,0],[0,0],[0,0]],"o":[[0,0],[0,0],[0,0],[0,0],[0,0],[0,0],[0,0],[0,0]],"v":[[15.289,0],[18.076,0],[18.076,-1.257],[16.836,-1.257],[16.836,-12.085],[14.048,-12.085],[14.048,-10.828],[15.289,-10.828]],"c":true},"ix":2},"nm":"l","mn":"ADBE Vector Shape - Group","hd":false},{"ty":"fl","c":{"a":0,"k":[0,0,0,1],"ix":4},"o":{"a":0,"k":100,"ix":5},"r":1,"bm":0,"nm":"Fill 1","mn":"ADBE Vector Graphic - Fill","hd":false},{"ty":"tr","p":{"a":0,"k":[0,0],"ix":2},"a":{"a":0,"k":[0,0],"ix":1},"s":{"a":0,"k":[100,100],"ix":3},"r":{"a":0,"k":0,"ix":6},"o":{"a":0,"k":100,"ix":7},"sk":{"a":0,"k":0,"ix":4},"sa":{"a":0,"k":0,"ix":5},"nm":"Transform"}],"nm":"l","np":3,"cix":2,"bm":0,"ix":3,"mn":"ADBE Vector Group","hd":false},{"ty":"gr","it":[{"ind":0,"ty":"sh","ix":1,"ks":{"a":0,"k":{"i":[[-2.433,0],[-0.516,0.419],[0,0],[0.87,0],[0.016,1.837],[0,0],[0,0.435],[1.885,0],[0,-2.659]],"o":[[1.128,0],[0,0],[-0.677,0.548],[-1.547,0],[0,0],[0.064,-0.161],[0,-2.208],[-2.111,0],[0,2.836]],"v":[[22.943,0.161],[25.57,-0.532],[25.57,-1.95],[23.153,-1.176],[20.72,-3.899],[25.731,-3.899],[25.828,-4.947],[22.605,-8.266],[19.028,-4.028]],"c":true},"ix":2},"nm":"e","mn":"ADBE Vector Shape - Group","hd":false},{"ind":1,"ty":"sh","ix":2,"ks":{"a":0,"k":{"i":[[0,0],[-0.951,0],[-0.032,-1.402]],"o":[[0.193,-1.37],[0.983,0],[0,0]],"v":[[20.704,-5.043],[22.524,-7.009],[24.265,-5.043]],"c":true},"ix":2},"nm":"e","mn":"ADBE Vector Shape - Group","hd":false},{"ty":"mm","mm":1,"nm":"Merge Paths 1","mn":"ADBE Vector Filter - Merge","hd":false},{"ty":"fl","c":{"a":0,"k":[0,0,0,1],"ix":4},"o":{"a":0,"k":100,"ix":5},"r":1,"bm":0,"nm":"Fill 1","mn":"ADBE Vector Graphic - Fill","hd":false},{"ty":"tr","p":{"a":0,"k":[0,0],"ix":2},"a":{"a":0,"k":[0,0],"ix":1},"s":{"a":0,"k":[100,100],"ix":3},"r":{"a":0,"k":0,"ix":6},"o":{"a":0,"k":100,"ix":7},"sk":{"a":0,"k":0,"ix":4},"sa":{"a":0,"k":0,"ix":5},"nm":"Transform"}],"nm":"e","np":5,"cix":2,"bm":0,"ix":4,"mn":"ADBE Vector Group","hd":false},{"ty":"gr","it":[{"ind":0,"ty":"sh","ix":1,"ks":{"a":0,"k":{"i":[[0,0],[0,0],[0,0],[-0.322,0.371],[0,1.676],[2.191,0],[0.725,-0.564],[0,0],[0,0],[0,0],[-0.5,0],[0,-1.208],[0.902,-1.16],[0,0],[0,0]],"o":[[0,0],[0,0],[0.854,-1.063],[1.176,-1.418],[0,-1.95],[-1.144,0],[0,0],[0,0],[0,0],[0.435,-0.193],[1.241,0],[0,1.208],[-0.354,0.371],[0,0],[0,0]],"v":[[34.134,0],[34.134,-1.418],[28.833,-1.418],[31.636,-4.834],[33.651,-9.12],[30.364,-12.294],[27.302,-11.457],[27.302,-8.911],[28.736,-8.911],[28.736,-10.619],[30.122,-10.876],[31.943,-9.007],[30.428,-5.607],[26.931,-1.305],[26.931,0]],"c":true},"ix":2},"nm":"2","mn":"ADBE Vector Shape - Group","hd":false},{"ty":"fl","c":{"a":0,"k":[0,0,0,1],"ix":4},"o":{"a":0,"k":100,"ix":5},"r":1,"bm":0,"nm":"Fill 1","mn":"ADBE Vector Graphic - Fill","hd":false},{"ty":"tr","p":{"a":0,"k":[0,0],"ix":2},"a":{"a":0,"k":[0,0],"ix":1},"s":{"a":0,"k":[100,100],"ix":3},"r":{"a":0,"k":0,"ix":6},"o":{"a":0,"k":100,"ix":7},"sk":{"a":0,"k":0,"ix":4},"sa":{"a":0,"k":0,"ix":5},"nm":"Transform"}],"nm":"2","np":3,"cix":2,"bm":0,"ix":5,"mn":"ADBE Vector Group","hd":false},{"ty":"gr","it":[{"ind":0,"ty":"sh","ix":1,"ks":{"a":0,"k":{"i":[[-0.612,0],[0,0.612],[0.58,0],[0,-0.596]],"o":[[0.58,0],[0,-0.596],[-0.612,0],[0,0.612]],"v":[[36.766,0.193],[37.845,-0.902],[36.766,-1.982],[35.67,-0.902]],"c":true},"ix":2},"nm":".","mn":"ADBE Vector Shape - Group","hd":false},{"ty":"fl","c":{"a":0,"k":[0,0,0,1],"ix":4},"o":{"a":0,"k":100,"ix":5},"r":1,"bm":0,"nm":"Fill 1","mn":"ADBE Vector Graphic - Fill","hd":false},{"ty":"tr","p":{"a":0,"k":[0,0],"ix":2},"a":{"a":0,"k":[0,0],"ix":1},"s":{"a":0,"k":[100,100],"ix":3},"r":{"a":0,"k":0,"ix":6},"o":{"a":0,"k":100,"ix":7},"sk":{"a":0,"k":0,"ix":4},"sa":{"a":0,"k":0,"ix":5},"nm":"Transform"}],"nm":".","np":3,"cix":2,"bm":0,"ix":6,"mn":"ADBE Vector Group","hd":false},{"ty":"gr","it":[{"ind":0,"ty":"sh","ix":1,"ks":{"a":0,"k":{"i":[[0,0],[0,0],[0,0],[0,0],[-1.128,0],[0,0],[0,0],[0,0],[0,0],[0.548,0],[0.29,-0.773],[0,0],[0,0],[0,0],[0,0],[0,0],[0,0],[0,0],[0,0]],"o":[[0,0],[0,0],[0,0],[0,-1.434],[0,0],[0,0],[0,0],[0,0],[-0.274,-0.113],[-1.112,0],[0,0],[0,0],[0,0],[0,0],[0,0],[0,0],[0,0],[0,0],[0,0]],"v":[[43.778,0],[43.778,-1.257],[42.215,-1.257],[42.215,-4.625],[44.133,-6.88],[44.391,-6.88],[44.391,-5.205],[45.696,-5.205],[45.696,-8.057],[44.326,-8.266],[42.248,-6.832],[42.135,-6.832],[42.135,-8.105],[39.428,-8.105],[39.428,-6.848],[40.668,-6.848],[40.668,-1.257],[39.428,-1.257],[39.428,0]],"c":true},"ix":2},"nm":"r","mn":"ADBE Vector Shape - Group","hd":false},{"ty":"fl","c":{"a":0,"k":[0,0,0,1],"ix":4},"o":{"a":0,"k":100,"ix":5},"r":1,"bm":0,"nm":"Fill 1","mn":"ADBE Vector Graphic - Fill","hd":false},{"ty":"tr","p":{"a":0,"k":[0,0],"ix":2},"a":{"a":0,"k":[0,0],"ix":1},"s":{"a":0,"k":[100,100],"ix":3},"r":{"a":0,"k":0,"ix":6},"o":{"a":0,"k":100,"ix":7},"sk":{"a":0,"k":0,"ix":4},"sa":{"a":0,"k":0,"ix":5},"nm":"Transform"}],"nm":"r","np":3,"cix":2,"bm":0,"ix":7,"mn":"ADBE Vector Group","hd":false},{"ty":"gr","it":[{"ind":0,"ty":"sh","ix":1,"ks":{"a":0,"k":{"i":[[-0.532,0.886],[0,0],[0,0],[0,0],[0,0],[0,0],[0,0],[0,0],[0,0],[0,0],[0,0],[0.983,0],[0,1.45],[0,0],[0,0],[0,0],[0,0],[0,0],[-1.611,0]],"o":[[0,0],[0,0],[0,0],[0,0],[0,0],[0,0],[0,0],[0,0],[0,0],[0,0],[0,1.257],[-1.031,0],[0,0],[0,0],[0,0],[0,0],[0,0],[0,1.853],[0.983,0]],"v":[[52.3,-1.144],[52.412,-1.144],[52.412,0],[55.119,0],[55.119,-1.257],[53.879,-1.257],[53.879,-8.105],[51.091,-8.105],[51.091,-6.848],[52.332,-6.848],[52.332,-3.239],[50.688,-1.225],[49.19,-3.352],[49.19,-8.105],[46.402,-8.105],[46.402,-6.848],[47.643,-6.848],[47.643,-2.739],[50.011,0.161]],"c":true},"ix":2},"nm":"u","mn":"ADBE Vector Shape - Group","hd":false},{"ty":"fl","c":{"a":0,"k":[0,0,0,1],"ix":4},"o":{"a":0,"k":100,"ix":5},"r":1,"bm":0,"nm":"Fill 1","mn":"ADBE Vector Graphic - Fill","hd":false},{"ty":"tr","p":{"a":0,"k":[0,0],"ix":2},"a":{"a":0,"k":[0,0],"ix":1},"s":{"a":0,"k":[100,100],"ix":3},"r":{"a":0,"k":0,"ix":6},"o":{"a":0,"k":100,"ix":7},"sk":{"a":0,"k":0,"ix":4},"sa":{"a":0,"k":0,"ix":5},"nm":"Transform"}],"nm":"u","np":3,"cix":2,"bm":0,"ix":8,"mn":"ADBE Vector Group","hd":false}],"ip":0,"op":500,"st":0,"bm":0},{"ddd":0,"ind":11,"ty":4,"nm":"Black Shape","sr":1,"ks":{"o":{"a":0,"k":100,"ix":11},"r":{"a":0,"k":30,"ix":10},"p":{"a":1,"k":[{"i":{"x":0.667,"y":1},"o":{"x":1,"y":0},"t":275,"s":[127.125,203,0],"to":[109,1.232,0],"ti":[-109,-1.232,0]},{"t":295,"s":[781.125,210.395,0]}],"ix":2},"a":{"a":0,"k":[53.973,-15.02,0],"ix":1},"s":{"a":1,"k":[{"i":{"x":[0,0.667,0.667],"y":[1,1,1]},"o":{"x":[0.333,0.333,0.333],"y":[0,0,0]},"t":200,"s":[0,139,100]},{"t":220,"s":[104.305,139,100]}],"ix":6}},"ao":0,"shapes":[{"ty":"gr","it":[{"ty":"rc","d":1,"s":{"a":0,"k":[564.945,845.961],"ix":2},"p":{"a":0,"k":[0,0],"ix":3},"r":{"a":0,"k":0,"ix":4},"nm":"Rectangle Path 1","mn":"ADBE Vector Shape - Rect","hd":false},{"ty":"fl","c":{"a":0,"k":[0,0,0,1],"ix":4},"o":{"a":0,"k":100,"ix":5},"r":1,"bm":0,"nm":"Fill 1","mn":"ADBE Vector Graphic - Fill","hd":false},{"ty":"tr","p":{"a":0,"k":[53.973,-15.02],"ix":2},"a":{"a":0,"k":[0,0],"ix":1},"s":{"a":0,"k":[100,100],"ix":3},"r":{"a":0,"k":0,"ix":6},"o":{"a":0,"k":100,"ix":7},"sk":{"a":0,"k":0,"ix":4},"sa":{"a":0,"k":0,"ix":5},"nm":"Transform"}],"nm":"Rectangle 1","np":3,"cix":2,"bm":0,"ix":1,"mn":"ADBE Vector Group","hd":false}],"ip":0,"op":500,"st":0,"bm":0},{"ddd":0,"ind":12,"ty":4,"nm":"Pink Shape","sr":1,"ks":{"o":{"a":0,"k":100,"ix":11},"r":{"a":0,"k":30,"ix":10},"p":{"a":0,"k":[294.458,-85.448,0],"ix":2},"a":{"a":0,"k":[-228.5,-370.5,0],"ix":1},"s":{"a":1,"k":[{"i":{"x":[0,0,0.667],"y":[1,1,1]},"o":{"x":[0.333,0.333,0.333],"y":[0,0,0]},"t":0,"s":[0.2,0,100]},{"i":{"x":[0,0.833,0.833],"y":[1,1,1]},"o":{"x":[0.167,0.167,0.167],"y":[0,0,0]},"t":10,"s":[0.2,85,100]},{"t":20,"s":[35.907,85,100]}],"ix":6}},"ao":0,"shapes":[{"ty":"gr","it":[{"ty":"rc","d":1,"s":{"a":0,"k":[564.945,710.961],"ix":2},"p":{"a":0,"k":[0,0],"ix":3},"r":{"a":0,"k":0,"ix":4},"nm":"Rectangle Path 1","mn":"ADBE Vector Shape - Rect","hd":false},{"ty":"fl","c":{"a":0,"k":[1,0.349019607843,0.639215686275,1],"ix":4},"o":{"a":0,"k":100,"ix":5},"r":1,"bm":0,"nm":"Fill 1","mn":"ADBE Vector Graphic - Fill","hd":false},{"ty":"tr","p":{"a":0,"k":[-33.733,-132.716],"ix":2},"a":{"a":0,"k":[-87.706,-117.697],"ix":1},"s":{"a":0,"k":[100,100],"ix":3},"r":{"a":0,"k":0,"ix":6},"o":{"a":0,"k":100,"ix":7},"sk":{"a":0,"k":0,"ix":4},"sa":{"a":0,"k":0,"ix":5},"nm":"Transform"}],"nm":"Rectangle 1","np":3,"cix":2,"bm":0,"ix":1,"mn":"ADBE Vector Group","hd":false}],"ip":0,"op":221,"st":0,"bm":1},{"ddd":0,"ind":13,"ty":0,"nm":"Drone-600px","refId":"comp_3","sr":1,"ks":{"o":{"a":0,"k":100,"ix":11},"r":{"a":1,"k":[{"i":{"x":[0.833],"y":[0.833]},"o":{"x":[0.167],"y":[0.167]},"t":25,"s":[12]},{"i":{"x":[0.667],"y":[1]},"o":{"x":[0.167],"y":[0]},"t":50,"s":[0]},{"i":{"x":[0.667],"y":[1]},"o":{"x":[1],"y":[0]},"t":170,"s":[0]},{"t":210,"s":[-15.024]}],"ix":10},"p":{"a":1,"k":[{"i":{"x":0.667,"y":1},"o":{"x":0.333,"y":0},"t":50,"s":[123,126,0],"to":[0,-1.667,0],"ti":[0,0,0]},{"i":{"x":0.667,"y":1},"o":{"x":0.167,"y":0},"t":70,"s":[123,116,0],"to":[0,0,0],"ti":[55.667,18,0]},{"i":{"x":0.667,"y":1},"o":{"x":1,"y":0},"t":170,"s":[123,126,0],"to":[-55.667,-18,0],"ti":[55.667,19.667,0]},{"t":210,"s":[-211,8,0]}],"ix":2},"a":{"a":0,"k":[600,500,0],"ix":1},"s":{"a":0,"k":[28.667,28.667,100],"ix":6}},"ao":0,"w":1200,"h":1000,"ip":170,"op":446,"st":25,"bm":0},{"ddd":0,"ind":14,"ty":0,"nm":"Drone-600px","refId":"comp_3","sr":1,"ks":{"o":{"a":0,"k":100,"ix":11},"r":{"a":1,"k":[{"i":{"x":[0.833],"y":[0.833]},"o":{"x":[0.167],"y":[0.167]},"t":25,"s":[12]},{"t":50,"s":[0]}],"ix":10},"p":{"a":1,"k":[{"i":{"x":0.667,"y":1},"o":{"x":0.333,"y":0},"t":50,"s":[123,126,0],"to":[0,-1.667,0],"ti":[0,1.667,0]},{"t":70,"s":[123,116,0]}],"ix":2,"x":"var $bm_rt;\n$bm_rt = loopOut('pingpong');"},"a":{"a":0,"k":[600,500,0],"ix":1},"s":{"a":0,"k":[28.667,28.667,100],"ix":6}},"ao":0,"w":1200,"h":1000,"ip":50,"op":170,"st":25,"bm":0},{"ddd":0,"ind":15,"ty":0,"nm":"Drone-600px","refId":"comp_3","sr":1,"ks":{"o":{"a":0,"k":100,"ix":11},"r":{"a":1,"k":[{"i":{"x":[0],"y":[1]},"o":{"x":[0.333],"y":[0]},"t":25,"s":[12]},{"t":50,"s":[0]}],"ix":10},"p":{"a":1,"k":[{"i":{"x":0,"y":1},"o":{"x":0.333,"y":0},"t":25,"s":[406.563,54,0],"to":[-47.261,12,0],"ti":[47.261,-12,0]},{"t":50,"s":[123,126,0]}],"ix":2},"a":{"a":0,"k":[600,500,0],"ix":1},"s":{"a":0,"k":[28.667,28.667,100],"ix":6}},"ao":0,"w":1200,"h":1000,"ip":25,"op":50,"st":25,"bm":0},{"ddd":0,"ind":16,"ty":0,"nm":"Drone-600px","refId":"comp_3","sr":1,"ks":{"o":{"a":0,"k":100,"ix":11},"r":{"a":0,"k":0,"ix":10},"p":{"a":1,"k":[{"i":{"x":0.833,"y":0.833},"o":{"x":0.167,"y":0.167},"t":60,"s":[307.041,84,0],"to":[-68.84,-7.5,0],"ti":[68.84,7.5,0]},{"t":120,"s":[-106,39,0]}],"ix":2},"a":{"a":0,"k":[600,500,0],"ix":1},"s":{"a":0,"k":[7,7,100],"ix":6}},"ao":0,"w":1200,"h":1000,"ip":-35,"op":465,"st":-35,"bm":0},{"ddd":0,"ind":17,"ty":0,"nm":"Drone-600px","refId":"comp_3","sr":1,"ks":{"o":{"a":0,"k":100,"ix":11},"r":{"a":0,"k":0,"ix":10},"p":{"a":1,"k":[{"i":{"x":0.833,"y":0.833},"o":{"x":0.167,"y":0.167},"t":40,"s":[318,176,0],"to":[-70.667,-7.833,0],"ti":[70.667,7.833,0]},{"t":90,"s":[-106,129,0]}],"ix":2},"a":{"a":0,"k":[600,500,0],"ix":1},"s":{"a":0,"k":[10,10,100],"ix":6}},"ao":0,"w":1200,"h":1000,"ip":-35,"op":465,"st":-35,"bm":0}],"markers":[{"tm":170,"cm":"1","dr":0}]}